,candle_size,percent_candle_size,parkinson_volatility,shortterm_momentum,momentum,longterm_momentum,extralongterm_momentum,percent2MA_shortterm,percent2MA_longterm
8F0QD5,-0.1419999999999959,-0.0008914782215637024,,0.36950000000001637,0.13147222222221444,,,0.005579679570881348,
JCEQC7,0.3090000000000259,0.001958658984159748,,-0.32566666666667743,0.09363888888887573,,,-0.009250536945627273,
O7ZGJP,-1.299000000000035,-0.008217150375749823,,-0.6558333333333621,-0.006138888888870042,,,-0.006555553577170534,
NYT8E2,0.16199999999997772,0.0010331764435769443,,-1.3691666666666436,-0.17272222222223377,,,-0.013332969760912642,
N4535N,-0.8809999999999718,-0.005606893742680947,,-1.571416666666721,-0.47811111111107607,,,-0.008898455424935768,
COCJBB,-0.1479999999999677,-0.0009473515762519939,,-1.5030000000000143,-0.6701666666666597,,,-0.01297916341994541,
IO4RVJ,-0.03700000000000614,-0.00023754951623365973,,-1.6875,-1.0586388888888791,,,-0.012367832855127403,
1XRXA6,-1.1129999999999995,-0.007120875746156452,,-0.9939166666666779,-1.6613055555555434,,,-0.0033195898311192203,
TQ30OU,0.30999999999994543,0.001996817973937953,,-0.8007499999999936,-1.913250000000005,,,-0.007761764481871717,
P8ND69,0.12700000000000955,0.0008141234390626014,,-0.29400000000001114,-2.0772777777777662,,,-3.4187741985153016e-05,
I5EIKU,0.21399999999999864,0.0013705385447954673,,-0.028249999999985675,-2.0576388888888744,,,0.0013536890833232321,
R2K7RR,-0.38900000000001,-0.0024744917432127046,,0.2881666666666831,-0.32344444444444775,,,0.003100044772516351,
HGEHVK,0.19300000000001205,0.0012307496094124417,,0.23566666666667402,-0.20252777777778874,,,0.0002934253583297225,
EYHPAR,0.05700000000001637,0.00036304345056887243,,0.18016666666667902,-0.07830555555557339,,,0.0011339374623394831,
MSMDCQ,-0.8769999999999527,-0.005608600280109953,,-0.10116666666669971,0.40491666666667925,,,-0.003705037002583685,
IJ5YIP,0.03899999999998727,0.0002508280541530518,,-0.5045000000000073,0.36644444444448254,,,-0.008625682366180798,
E2NUQI,0.031999999999982265,0.00020676242351394203,,-1.1603333333333126,-0.044194444444457304,,,-0.009499652269633911,
J5Y565,0.08000000000004093,0.0005151253686368556,,-0.9678333333333455,-0.32719444444444434,,,-0.003962506373467676,
Z3SN9W,0.13800000000000523,0.0008841506387668356,,0.08183333333334986,0.044638888888897554,,,0.0013290578231037885,
FSCGYG,0.30400000000000205,0.0019550719324985823,,-0.342583333333323,-0.14205555555557225,,,-0.006488994480068579,
MJ139A,-0.06299999999998818,-0.0004037193445647725,,0.0801666666666847,-0.5032222222222344,,,0.000920429362658901,
V7SFQD,0.09300000000001774,0.0005961844197139452,,0.14750000000000796,-0.5259166666666601,,,0.0008437031832952441,
S9FW66,0.05699999999998795,0.00036518797570531217,,0.1319166666666547,-0.4581388888888682,,,0.0011176337592741998,
N44UCP,0.16300000000001091,0.0010457633751853243,,0.03841666666664878,-0.29974999999998886,,,-0.000845625530519281,
ZVLLZ7,-0.02400000000000091,-0.00015381755955624218,,-0.013750000000015916,-0.26966666666669425,,,0.0001127054270066842,
5J6UTF,-0.02199999999999136,-0.00014104372355424648,,-0.011916666666650144,-0.10483333333331757,,,-0.0003028317168957317,
JW093B,-0.012000000000000455,-7.68885756391392e-05,,0.04508333333330938,-0.003972222222216715,,,0.000658792150275049,
R81S4V,0.03499999999999659,0.00022289018518988074,,0.035749999999978854,0.01805555555557703,0.3248715277777876,,0.0006207627894922517,0.003033293121715054
0WHNHB,0.022999999999996135,0.0001465416178194361,,0.07066666666665355,0.025361111111124046,0.3263179824561462,,4.2477635524857505e-05,0.00251690601270944
OCW1OX,-0.016999999999995907,-0.0001082761168362732,,0.02766666666667561,0.03166666666666629,0.32724543128657047,,0.00031643620624844895,0.002834980845710068
26PPQH,0.2259999999999991,0.0014395821389897388,,0.033833333333319615,0.03594444444445344,0.32740204678361806,,0.00017307706601451728,0.0027186192685756177
QZMP7R,0.11999999999997613,0.0007632956562114847,,0.08216666666663741,0.052583333333330984,0.3302768640350848,,0.0014364200971413805,0.0041240917361083105
F5NUVG,0.1740000000000066,0.0011148772033241704,0.008302848166168783,-0.29691666666667516,-0.059694444444403416,-0.23019188596487083,,-0.00793029855023497,-0.010543196861066008
Q4TVHG,-0.5970000000000084,-0.003836884218644612,0.011425424106937443,-1.0943333333333385,-0.21083333333334053,-0.2603850511695782,,-0.009428556876925785,-0.013484211438194421
RB3YVL,-0.22400000000004638,-0.0014451892617279455,0.012297851124001767,-1.2534166666666522,-0.3375555555555536,-0.2842669956140469,,-0.011984435797665267,-0.01721732512949302
J5LCWQ,1.2300000000000182,0.00803092231551743,0.018871959142575435,-1.9321666666666601,-1.0641111111111172,-0.4170623172514638,,-0.016704135319439428,-0.028565879973835605
WGGLNU,0.1209999999999809,0.0007837447453476063,0.018871959142575435,-1.603083333333359,-1.2302500000000123,-0.4473861476608363,,-0.00718362701086632,-0.020698675643059345
6MQL8J,-0.11299999999999955,-0.0007284635864905432,0.018871959142575435,0.38283333333330916,-1.6839444444444212,-0.6367483552631654,,0.0038147562147522462,-0.015602624783616318
TPA2YU,0.7179999999999609,0.004654781199351448,0.018871959142575435,-0.03125,-0.9049722222222272,-0.7848834064327264,,-0.004566303359360161,-0.020778911037552344
0JQ0TI,0.10799999999997567,0.0006960781154327974,0.018871959142575435,-0.21050000000002456,-0.7390277777777499,-0.8334709429824443,,0.0009860077224726066,-0.014913972097932639
QXT6MS,0.009999999999990905,6.410626254072931e-05,0.018871959142575435,0.6622500000000286,-0.212583333333356,-0.8926423611111431,,0.0038972983843937954,-0.009454491864250137
K67SIN,0.04200000000003001,0.00026922904340376036,0.018871959142575435,0.5442499999999768,-0.09299999999998931,-0.9084957967835976,,0.0034471834779619924,-0.009353815876154263
MFGFND,-0.0740000000000407,-0.00047439242510715946,0.018871959142575435,0.4133333333333269,0.11905555555560454,-0.9398669590642896,,0.0025064428434629165,-0.00935760884118935
551VVY,-0.0020000000000095497,-1.282001974289162e-05,0.018871959142575435,0.030000000000001137,0.6416944444444255,-1.0887468932748732,,0.000545147863341102,-0.008895006095454018
GD3NBX,0.012000000000000455,7.695711564730846e-05,0.018871959142575435,0.033749999999997726,0.37797222222221194,-1.1766080043859404,,-0.00019823215389647324,-0.009147137987208528
OP7HKG,0.009000000000014552,5.809375040352276e-05,0.018871959142575435,-0.10266666666669266,-0.06399999999999295,-1.270096491228088,,-0.0014395104804958633,-0.01087363082009546
UJ6KYI,-0.05700000000001637,-0.0003703366815235546,0.018871959142575435,-0.24858333333332894,-0.23719444444444093,-1.2882969663742756,,-0.0020763870541077333,-0.013919858600669686
2DBG16,0.09600000000000364,0.0006275863421522528,0.019350753543673035,-0.1808333333333394,-0.19391666666666652,-1.3497655336257424,,-0.0019671361042874168,-0.011659810648858602
HGKWJF,-0.03500000000002501,-0.00022866550809492238,0.019350753543673035,-0.17674999999997,-0.2437500000000341,-1.342255665204675,,-0.0010034869130619657,-0.010956138761229216
EG2ZQM,0.16500000000002046,0.0010786287686636801,0.019350753543673035,-0.10016666666666652,-0.3277222222222065,-1.3290347222222465,,-0.0009611250496617355,-0.011349169692323422
ZBTK9J,-0.14700000000001978,-0.0009599937306533167,0.019350753543673035,-0.052583333333330984,-0.349277777777786,-1.3214190423976788,,0.000216099699801073,-0.010262656396836121
A9XAKO,0.10300000000000864,0.0006733302390649773,0.019350753543673035,-0.047000000000025466,-0.3605833333333237,-1.3158753654970496,,-0.0006467629189260988,-0.011165329064210016
L8TJMY,0.08499999999995111,0.000555290612975189,0.019350753543673035,-0.0059166666666783385,-0.35933333333332484,-1.3101867690058384,,6.805495137875863e-05,-0.01041109366159264
677ZTX,-0.011999999999972033,-7.852683654620674e-05,0.019994980846497954,-0.15475000000000705,-0.043944444444434794,-1.1996728801169638,,-0.002279161046749232,-0.01093444944198706
R28NDL,0.0049999999999954525,3.268230187985628e-05,0.019994980846497954,0.06883333333337305,-0.18861111111112905,-1.162353252923964,,0.0007424390594900794,-0.009320078412494385
SD998G,0.04899999999997817,0.00032030749519524487,0.019994980846497954,0.04741666666666333,-0.09608333333332553,-1.1267763157894706,,0.0001378383782361606,-0.009022110730173807
PFX1TL,0.019000000000005457,0.0001241562277417646,0.019994980846497954,0.047000000000025466,-0.08355555555553451,-1.1183623903508817,,0.00042274544840426666,-0.008598860714895275
XUJA6A,-0.0020000000000095497,-1.3075399290068251e-05,0.019994980846497954,-0.015166666666686979,0.02672222222221876,-1.0823711622806798,,-0.00046069548681796496,-0.008626545292586473
LGEMGB,0.0,0.0,0.019994980846497954,-0.04791666666665151,0.03736111111109608,-1.0786514985379938,,-0.00011926214309166535,-0.008128753092470126
8S2K8V,-0.0770000000000266,-0.000503452243958747,0.019994980846497954,-0.004916666666673564,0.041055555555573164,-1.0696083698830705,,-0.0004307999644904101,-0.008200718709816245
79HH8G,-0.03399999999996339,-0.0002221859173335298,0.019994980846497954,0.030250000000023647,-0.042805555555560204,-1.029175255847946,,0.0005857592393303521,-0.006665080048736238
HNGZ3M,0.007000000000005002,4.575701716545086e-05,0.019994980846497954,0.059666666666657875,-0.03786111111111268,-1.0212207602338879,,0.0002680772323967858,-0.006882493775604975
1KU839,-0.0009999999999763531,-6.534794513231999e-06,0.019994980846497954,0.048833333333334394,-0.027555555555522915,-1.005442068713478,,0.0004827185663584059,-0.006465513986168045
315KV3,0.03999999999999204,0.00026150456652344087,0.019994980846497954,-0.1072499999999934,-0.04713888888889528,-0.6162750365496947,,-0.0011944102687720805,-0.0048261206134141595
K2ZRFY,0.0020000000000095497,1.3071639118249642e-05,0.019994980846497954,-0.12733333333332553,-0.057749999999998636,-0.6082447002923459,,-0.0008184855839873596,-0.004498128037275615
AHXGTR,0.33600000000004115,0.0022121126334018557,0.02359093656196765,-0.6654999999999802,-0.08291666666667652,-0.2980572002923907,,-0.0071239861202655975,-0.009978362362120198
7LC0G5,0.10599999999999454,0.0006963422324994386,0.02359093656196765,-0.8305833333333226,-0.14133333333336395,-0.30120339912281224,,-0.004424988568279887,-0.007749849415802614
ESTVO1,0.0,0.0,0.022396001541454432,0.03666666666669016,-0.007638888888891415,-0.14332437865496672,,0.0009090849634731625,0.00010226676659317926
7WKNP9,0.04400000000003956,0.00028579222904973804,0.008971615944847126,0.09466666666665446,0.045166666666659694,0.1683347953216412,-1.5505576388888755,-7.14429528021594e-05,0.0013649668388036405
R0RDPV,0.03300000000001546,0.0002142801485676701,0.008971615944847126,0.030333333333345536,0.05247222222217829,0.16541355994152696,-1.5448243055555224,0.00016885529101566757,0.001639297133597686
LGR8I1,-0.0010000000000331966,-6.496037417391169e-06,0.008971615944847126,-0.0008333333333325754,0.06533333333334213,0.15940387426897473,-1.5334666666666692,-0.00035174492540306773,0.0011742277270127767
Z8510Y,0.15800000000001546,0.0010257608808560265,0.00904562441477633,-0.04075000000000273,0.07880555555556157,0.15342982456144227,-1.5218652777778061,0.00013581273642101317,0.0017228438032632228
B5IOR1,-0.05299999999999727,-0.00034158728521892055,0.007572654598098809,0.0967499999999859,0.11730555555556066,0.1921213450292214,-0.31562152777775054,0.001379528443294773,0.0039814599956823895
HYR9TQ,0.03599999999997294,0.0002305888984254169,0.003401660694934791,0.07475000000002296,0.0774722222222124,0.026175986842105203,0.5686868055555294,0.0014009727165776114,0.0019367271617312708
PV43WM,-0.10599999999999454,-0.0006795655909014793,0.0036222275762169912,-0.021083333333336896,-0.1521111111111395,-0.09336239035084759,0.4988763888888741,-0.0005729214777209253,-0.0027193286652778354
CW6Z7S,-0.10400000000004184,-0.0006712405687475673,0.0070220228294369785,-0.24416666666667197,-0.07374999999998977,-0.6049623538011701,0.2405965277777966,-0.0022656705300767386,-0.007800957229906188
BGDGNV,0.038000000000010914,0.0002451375673322641,0.007041416979957901,-0.12908333333331257,-0.24336111111114178,-0.6308271198830653,0.21568680555557762,-0.00030149279238756793,-0.00712775041144399
QSWUHI,-0.018999999999977035,-0.00012260041942233933,0.007041416979957901,0.06733333333332325,-0.32030555555550677,-0.6532781432748322,0.19207569444444061,6.45269529067039e-06,-0.007222244193593104
VJEREI,-0.013000000000033651,-8.38671801920794e-05,0.007041416979957901,-0.02233333333333576,-0.22724999999999795,-0.6985043859649238,0.15656319444443056,0.00020648491692215316,-0.00677498382077476
JEKWJ3,-0.014999999999986358,-9.678168632401449e-05,0.007041416979957901,0.005249999999989541,-0.21083333333334053,-0.7043181652046826,0.15169236111111672,0.00011561371253903546,-0.006863474071422775
65JICZ,-0.06600000000003092,-0.00042581469318780956,0.007569178217058658,0.08824999999998795,0.005722222222232176,-0.817161001461983,0.03500763888888514,0.0005309371767376324,-0.005993790859227899
JRS1YW,-0.023000000000024556,-0.0001483775240308661,0.007569178217058658,0.03666666666666174,0.046305555555562705,-0.7982324561403402,-0.012342361111109312,0.00043456934608063577,-0.005579089853498063
JJDGOZ,-0.009999999999990905,-6.452195682184781e-05,0.007569178217058658,0.057583333333326436,0.04286111111110813,-0.7970436769006142,-0.017054166666639503,0.0002920471212381609,-0.0057002092205534665
6BO78X,-0.01799999999997226,-0.00011691728102349558,0.010507493241307132,-0.20199999999999818,-0.22522222222224286,-0.7969954312865468,-0.3457520833333376,-0.001985807633798884,-0.009990448679408272
W95P15,0.05299999999999727,0.00034406647623991997,0.011577414005457832,0.14166666666667993,-0.3188611111111186,-0.8898369883040971,-0.4705687500000124,0.0015908588470390963,-0.008530874661159487
J0ZELM,0.027999999999991587,0.00018192922952965827,0.011577414005457832,-0.07650000000001,0.044999999999987494,-0.9158508771930087,-0.5340263888888614,-0.0011217201584037366,-0.008932567326959047
VDD6M7,0.0049999999999954525,3.2466478361062645e-05,0.011577414005457832,-0.12308333333334076,0.06863888888889846,-0.9315524488303879,-0.5644576388889107,-0.00040512567820696313,-0.008071613329919871
UUH4D7,0.014999999999957936,9.741714671644424e-05,0.011577414005457832,-0.0379166666666606,0.06313888888891483,-0.9376962719298092,-0.5790868055555904,-0.0003781601938516464,-0.008144441752995973
GAUXLJ,0.054000000000002046,0.0003506197528780171,0.011577414005457832,0.019499999999965212,0.025111111111129958,-0.9577004751461686,-0.6307750000000283,0.0002803579489054683,-0.007532268532851943
2WWYCE,-0.01099999999999568,-7.143924092556473e-05,0.011577414005457832,0.02966666666668516,0.03483333333335281,-0.9617017543859561,-0.6451916666667046,-6.710508656557447e-05,-0.007658497602557085
IKQUTS,-0.002999999999985903,-1.948051948042794e-05,0.011577414005457832,0.010583333333357814,-0.00236111111109949,-0.9736202485380261,-0.6811888888888689,0.00010336566171072385,-0.007245238495050848
HYZDCC,-0.15300000000002,-0.000993229163285706,0.011577414005457832,0.008583333333348264,-0.005722222222232176,-0.9753876096491183,-0.7024625000000242,0.00027218423247031076,-0.006811289398030535
1MI9D6,-0.025999999999982037,-0.00016895075085600873,0.011577414005457832,-0.01716666666669653,-0.019277777777773508,-0.9770838815789489,-0.7099347222221866,-0.0006569598237141913,-0.007735993334549207
VP25JR,0.055999999999983174,0.0003635466573182148,0.011577414005457832,0.06708333333332916,-0.029111111111120636,-0.975381213450305,-0.8025319444444392,0.0006934914125624604,-0.006099803271901214
61PR18,-0.027000000000043656,-0.00017402401531439472,0.01147773006989771,0.03675000000001205,0.1255833333333385,0.01217123538012288,-1.108510416666661,0.001657582511939668,0.0035222723791973856
CWH8ZT,0.05000000000001137,0.00032021108314608267,0.005476960859121236,0.16558333333333053,0.09230555555555497,0.01609356725148814,0.014143749999988131,0.0019415731394504946,0.00286142302586524
92JOV9,0.026999999999986812,0.00017316239425862003,0.004761186461607476,-0.04574999999996976,-0.12569444444446276,-0.06128399122803785,0.5773374999999703,-0.0008655965166814246,-0.002137637282164654
14RTG2,-0.049000000000006594,-0.0003140381460213712,0.004761186461607476,-0.05891666666664719,-0.11172222222222672,-0.0702474415204506,0.577135416666664,-9.772681030893174e-05,-0.0014324354749615717
HMH7HX,0.0759999999999934,0.0004872357066840623,0.004761186461607476,-0.03833333333332689,-0.11066666666667402,-0.07328910818714007,0.5769472222222021,-0.0003567514681284254,-0.001749495450667376
VTZX3V,0.040000000000020464,0.0002563149598227612,0.004761186461607476,-0.011666666666684478,-0.10466666666667379,-0.07584082602340914,0.5771048611111382,0.0001431296690712209,-0.0012626017123910846
QVKIGQ,0.03200000000001069,0.00020375936019567702,0.00442835453651988,0.11158333333332848,0.06922222222220853,0.024981907894726874,0.568901388888861,0.001919759272501078,0.0023901213371036816
MBCIDO,0.03000000000002956,0.00019100007640021876,0.004523928991961723,0.13008333333334576,0.17938888888889437,0.04048044590641098,0.5746916666666664,0.0009606974376623117,0.0024360199342915363
K42F0H,0.04199999999997317,0.00026760114686188703,0.00430442914404779,-0.04275000000001228,0.23552777777777578,0.05309649122807514,0.5801555555555638,-0.0006203009812854273,0.0015975358381956734
AABXXB,0.03999999999996362,0.00025467163276327395,0.00430442914404779,-0.04099999999999682,0.20355555555556748,0.057224232456121626,0.5814506944444702,0.00015494924881442738,0.002308170356705752
K9J7AV,0.033999999999991815,0.00021658258166432128,0.0037810340426571694,-0.03858333333332098,0.04652777777778283,0.0938519736841954,0.5912486111111264,-0.0004366902592602294,0.0016082395459444494
06DVYL,0.007000000000005002,4.458144392931296e-05,0.0037810340426571694,-0.03741666666667243,0.03236111111112905,0.09664656432750007,0.5919159722222105,-0.0002021678120190617,0.0018002476154616598
7FVIAH,0.02199999999999136,0.00014013899240058962,0.003777187238097902,-0.024583333333310975,-0.008055555555586125,0.12887481725144312,0.5999472222222266,-0.00030513383700749047,0.0014708105539255902
54N0XQ,-0.03700000000000614,-0.00023565077828450144,0.003777187238097902,-0.032250000000004775,-0.007916666666659467,0.13153636695906812,0.6004173611111128,-0.0001395664524702114,0.0016195554638439476
DM1SOF,-0.002999999999985903,-1.9111079967039142e-05,0.003777187238097902,-0.036166666666673564,-0.011222222222215805,0.13365259502924687,0.6007680555555339,-0.00032584387726613753,0.001386433226039642
EBMX73,-0.012999999999976808,-8.280043820524833e-05,0.0035733418484257956,0.013666666666665606,0.032166666666682886,0.12594261695903697,0.5833972222222599,0.00018261892526629637,0.0012118482042435131
1VOX81,-0.01500000000001478,-9.554748710118338e-05,0.0035733418484257956,0.014333333333325982,0.03169444444444025,0.12453234649123601,0.58312916666668,7.4320235276744e-05,0.0011170951831920581
P2SLBM,0.055999999999983174,0.0003566174831720053,0.0035733418484257956,0.025249999999999773,-0.005166666666667652,0.10266575292399693,0.5795444444444229,0.0004603120246561394,0.0012901774550275109
E0Z3KS,-0.011000000000052523,-7.006771088821985e-05,0.0028618183062716625,-0.03249999999999886,-0.004944444444447527,0.10548373538011901,0.6033659722222069,-0.00028125334983345504,0.00026523503609490544
8QLFXQ,-0.020999999999986585,-0.00013374773902623103,0.0028618183062716625,-0.0035833333333528117,-0.030444444444441388,0.09284576023392788,0.6043493055555587,7.696394743302311e-05,0.0003636040246867991
PRPPDZ,0.022000000000048203,0.00014013452914828913,0.0028618183062716625,0.00016666666664377772,-0.032527777777744404,0.09067616959066527,0.6045631944444381,-3.290929878795736e-05,0.00022998320919049363
PY26BW,0.0,0.0,0.0028618183062716625,0.009083333333364862,-0.03177777777779056,0.08886476608188332,0.6049534722222347,0.00011305930517895439,0.0003690853541072793
R9SK2Y,-0.0009999999999763531,-6.369873048279519e-06,0.0028618183062716625,0.008083333333331666,-0.030777777777757365,0.0825639619883134,0.6062243055555427,-3.5563859687307295e-05,0.00018055656639030058
8P0BX4,-0.0049999999999954525,-3.184469976814162e-05,0.0028618183062716625,0.009916666666697438,-0.0310833333333278,0.0542410453216462,0.6087201388888559,0.00027978086840367756,0.0002469679731977595
1HZWYC,0.028999999999996362,0.00018471337579615519,0.0028618183062716625,0.0015833333333148403,0.005805555555582487,0.039597587719299554,0.6114479166666626,2.0701065467788285e-05,0.00011771555383451129
FF3FJE,-0.05099999999998772,-0.0003248904291101042,0.002685193949764957,-0.04208333333332348,0.014527777777772144,0.013265716374235126,0.6190986111111272,-0.0005714167474449987,-0.000239319361759136
DPI31W,-0.0009999999999763531,-6.369305044975913e-06,0.0026045783581219997,-0.038000000000010914,-0.02277777777777601,0.010313779239766063,0.6146340277777824,-0.00012736987575075138,-6.0349946095375444e-05
5H1BG9,-0.007999999999981355,-5.0958984387322404e-05,0.0026045783581219997,-0.008583333333319842,-0.03711111111113041,0.00927284356725977,0.6123979166666516,-0.00012048224744498646,-0.00014650773006835607
3ICXM7,-0.047000000000025466,-0.00029938975450056354,0.0026045783581219997,0.0045833333333575865,-0.054666666666690844,0.005368786549723836,0.6086222222222091,-1.1147366593807733e-05,-0.00016475223099947904
D7713K,-0.0009999999999763531,-6.369305044975913e-06,0.0015089774121235106,0.03249999999997044,0.02861111111113246,-0.009343201754376196,0.08571041666664314,0.0003429985292475892,0.0010638757142373263
JICBB3,0.036000000000001364,0.00022940602955515222,0.004150119712502353,-0.10366666666666902,-0.1386666666666656,-0.04564528508771559,0.38103055555555443,-0.0011075677430443256,-0.0030095032800773977
COKOXB,0.049000000000035016,0.0003120561955894043,0.004364901732405315,0.1596666666666806,-0.0638888888888971,-0.24857255116955912,0.351990972222211,0.0012582974300551174,-0.0022315664979920425
AUC3UK,0.0,0.0,0.004364901732405315,-0.017083333333317796,0.15149999999999864,-0.2905201023391726,0.34685972222220585,-0.00021705661675059583,-0.0024163049328548296
1KN2ZT,-0.0049999999999954525,-3.183780548371466e-05,0.004364901732405315,0.05283333333332507,-0.0030277777777882875,-0.3663170687134425,0.3332770833333143,0.0007381202466915221,-0.0019935967215242486
LDDC0A,-0.036000000000001364,-0.0002293008235721334,0.004364901732405315,0.07508333333336736,-0.005527777777757592,-0.3811301169590706,0.32962361111111704,0.00020014748268090725,-0.00227490537703468
SLO6O8,-0.022999999999996135,-0.0001464716258987062,0.004691057007369441,0.027166666666687433,0.10297222222220626,-0.018303545321629144,-0.20423611111112905,0.0006680594307369748,0.001488709799824965
TBJ3IY,0.049999999999954525,0.00031852611595595753,0.004691057007369441,-0.057833333333348946,-0.07713888888889642,0.2948433845029399,-0.1448173611111372,-0.000976919870295461,0.0007137642772502432
1KY1B0,-0.16800000000000637,-0.0010699137700450024,0.004691057007369441,-0.08141666666665515,-0.08205555555556998,0.2957430555555334,-0.14384513888887795,-0.0005903328618095706,0.0010199605288245244
WSMU6Q,-0.02199999999999136,-0.00014025603100927832,0.004691057007369441,-0.1390833333333319,-0.09591666666668175,0.29481633771928273,-0.14317916666666974,-0.0014858841010401424,-4.176958264615987e-05
23C7C0,-0.051000000000044565,-0.0003245183130141042,0.004691057007369441,0.21633333333332416,-0.1109166666666681,0.18569334795319037,-0.1253076388888701,0.0025794515741459894,0.0017883525346207953
G3VCB2,-0.07600000000005025,-0.000484162780623616,0.0036962674080780124,-0.04766666666665742,-0.040972222222222854,0.06669608918124936,0.12153680555556434,-0.0006218047617936125,-0.0013103733067258456
NQ045M,-0.0589999999999975,-0.0003784040328890667,0.006049828881423123,-0.11474999999998658,-0.14530555555555225,-0.15461330409357288,-0.5184673611111066,-0.001279482954372546,-0.0034109756484053846
PBL7TB,0.0589999999999975,0.0003781421045210253,0.006049828881423123,-0.08458333333334167,-0.17305555555554974,-0.14546235380117878,-0.5348597222222224,-0.00010627440906886818,-0.0026011772263571215
5YXBIM,-0.04499999999995907,-0.00028848557892618667,0.006049828881423123,0.019000000000005457,-0.16919444444442888,-0.13373336988303208,-0.5498374999999953,-0.0001431538284034444,-0.0027410701115161366
9PZIIO,-0.049000000000035016,-0.00031624124689428516,0.009772004171598073,-0.0970833333333303,-0.18541666666666856,-0.4455447733918163,-0.7607625000000269,-0.0010192146405858299,-0.007779930006311447
UUWV6B,0.033999999999991815,0.00021919503845578266,0.010439251363520235,0.09133333333335258,-0.21613888888890642,-0.5570886330409053,-0.807971527777795,0.0012565760454433662,-0.006322847852223545
N51322,-0.07900000000000773,-0.0005101085433495906,0.010439251363520235,-0.11141666666665628,0.025000000000005684,-0.6439367690058475,-0.8528201388888874,-0.0014941900667792079,-0.007524671435082295
1ITZX4,0.03300000000001546,0.00021282358859275538,0.010439251363520235,0.06108333333335736,-0.11466666666669312,-0.7324777046783879,-0.9086895833333415,0.001320064168141674,-0.005870870414274359
UUZWIH,0.09100000000000819,0.0005874151152883381,0.010439251363520235,0.004833333333351675,0.011638888888882093,-0.7778722587719358,-0.9420187499999884,-0.00041403147284436493,-0.006518116258856668
J6O1OE,-0.04500000000004434,-0.0002902982330517075,0.010439251363520235,-0.01816666666667288,0.02294444444444821,-0.7805833333333112,-0.946654861111142,0.0001172082080155761,-0.005859060807997702
3N5NER,-0.056000000000011596,-0.0003613695907490133,0.010439251363520235,-0.04416666666668334,0.03341666666668175,-0.7836880482456365,-0.9513979166666786,-0.0002784781545178203,-0.006122572641623668
XMB3QS,0.12399999999999523,0.0007999174278783818,0.010439251363520235,-0.05108333333333803,-0.04211111111109744,-0.8084702119882934,-0.9837006944444511,0.0005351772835260475,-0.005541108110692612
TG64LL,0.014000000000010004,9.032957390256022e-05,0.010439251363520235,0.0803333333333569,0.01038888888888323,-0.8046851242690138,-0.9998291666666432,8.603556710354572e-05,-0.005582513668116991
49IU3U,0.010000000000047748,6.451446414316889e-05,0.010439251363520235,0.029250000000018872,0.022249999999985448,-0.8058095760233925,-1.0026826388888708,0.0001392631099550766,-0.005453866481260579
GPWY2K,-0.016000000000019554,-0.00010330912025839906,0.010439251363520235,-0.027833333333319388,0.04130555555553883,-0.8094057017543719,-1.0088277777778103,-0.0007495050793216667,-0.006225461428741294
IQAB2S,0.06800000000001205,0.00043868703550792255,0.011091697640430795,0.08849999999998204,0.01650000000000773,-0.5720844298245709,-1.3328784722222338,0.0008576800024966617,-0.002239882678048287
YGH3J0,-0.03000000000002956,-0.00019213280219306504,0.010034119236270433,0.09366666666664969,0.18322222222224127,0.46616959064328967,-1.4484458333333237,0.0012761072956143195,0.006580156100083674
T3ACEG,0.06999999999999318,0.0004487668527980176,0.009112470360256957,-0.11716666666666242,0.024277777777797382,0.6572066885964887,-1.3446520833333295,-0.000991645202369246,0.005003754073960484
B1MFXM,0.010999999999967258,7.048796898508384e-05,0.009112470360256957,-0.09416666666669471,0.0026666666666983474,0.661972953216349,-1.3402597222222141,-0.000417413509465486,0.005444146868745226
T5MVDX,-0.03300000000001546,-0.00021161985379001836,0.00836186928397382,-0.07766666666665856,-0.02922222222224491,0.7453969298245511,-1.1562562499999842,-0.0008777718690133746,0.0037093068442356374
ARVZUT,0.013000000000033651,8.321491211246594e-05,0.007433810636031025,-0.01116666666666788,-0.1168333333332896,0.7117997076023244,-1.1209381944444203,0.0017409370280954738,0.005342588313948252
TGB47B,-0.055999999999983174,-0.00035899046752087065,0.007433810636031025,-0.0310833333333278,-0.021583333333353494,0.2180508040935365,-0.5333305555555512,-0.00039569445979689385,0.0007688320297819919
XXH9XP,0.0579999999999643,0.0003717114749893569,0.007245723217126674,0.06374999999997044,0.13811111111110108,-0.28556286549709853,-0.31667152777774277,0.0008536350044873192,0.0003289161456154819
PJS6IR,-0.043000000000006366,-0.0002756799035761862,0.007245723217126674,-0.07916666666667993,-0.07749999999998636,-0.006335709064302364,-0.28007500000001073,-0.0007847508496129241,-0.0001358402700048213
RJAZNB,0.022999999999996135,0.00014737449139779025,0.007245723217126674,0.02383333333330029,-0.15780555555554088,0.041277595029242775,-0.27735972222222927,0.0004904207681975375,0.00044207408312264465
5XDDP9,0.007999999999981355,5.1285996358574734e-05,0.007245723217126674,-0.14308333333332257,0.05497222222220444,0.1480895467836092,-0.2502374999999972,-0.0014664422638369277,-0.00011168593185939752
PJIXZS,0.05099999999998772,0.0003268204217905128,0.007245723217126674,-0.17933333333331802,0.028249999999985675,0.1437759502924223,-0.24866875000000732,-0.0009027466547153539,0.00027478442687649447
SNOPAP,0.028999999999996362,0.00018591173680024338,0.007245723217126674,-0.1493333333333453,-0.007388888888897327,0.12307090643273,-0.2463895833333254,-0.0011227560887104998,-9.392646545998263e-05
ESS7A8,0.012000000000028876,7.691321625451146e-05,0.007245723217126674,-0.13358333333334826,-0.021055555555562933,0.12198373538012675,-0.24670069444442788,-0.0008021377531496737,0.00011620676114133775
IFVZF2,-0.01099999999999568,-7.052367030822485e-05,0.007245723217126674,-0.021166666666687206,-0.10816666666667629,0.11675109649124238,-0.24704375000001733,-0.00039840680004564445,-0.00014810448297171964
WPJEIA,0.014000000000010004,8.972000948475084e-05,0.007245723217126674,-0.016083333333369865,-0.10341666666667493,0.11520504385964614,-0.24779930555556007,0.0001832119131543274,0.0002853963985031408
EWMXBA,-0.014000000000010004,-8.979193924940355e-05,0.007245723217126674,-0.02199999999999136,-0.07802777777777692,0.12037335526315474,-0.24854236111110595,-0.0005448683021263194,-0.0004966153430703067
WYZRRR,0.06300000000004502,0.0004024530471447875,0.005536230748968005,0.23591666666663968,0.10072222222225946,-0.24805756578948035,-0.33709444444443193,0.00571957230898206,0.005449678239965252
P1T64Q,-0.20600000000001728,-0.0013115422081023847,0.007309182743462721,0.14633333333330256,0.5752777777777851,0.10895211988307096,-0.29074652777779875,0.0013260316590058485,0.00854952776290051
JLAX7B,0.026999999999986812,0.00017212801224013012,0.007309182743462721,0.09149999999999636,0.5500277777777853,0.12590497076021734,-0.28874722222221294,-7.543312959302183e-05,0.007207281766048073
TGJYRL,0.08400000000000318,0.0005350079932742055,0.007404765717208426,0.034416666666686524,0.03816666666665469,0.6131310307017941,0.2573173611110917,0.00033820967619485495,0.004882114622523122
TVD7L5,0.060000000000002274,0.0003823165836190233,0.007725813125266672,-0.05275000000000318,-0.002277777777777601,0.5572033991228125,0.5006534722222398,-0.000993565957555305,0.002926424271141448
Y93MPK,0.025000000000034106,0.0001592052474051717,0.007725813125266672,-0.09475000000000477,-0.006916666666654692,0.5469179459064435,0.5138055555555638,-0.00033581026560843366,0.0034322871513473015
EQJ850,-0.03000000000002956,-0.00019108280254795897,0.007725813125266672,-0.04391666666666083,-0.02313888888889437,0.5318625730994313,0.5382916666666517,-0.0003772461666536138,0.0030884190850882834
HVSG7O,-0.04199999999997317,-0.00026748866357551574,0.007725813125266672,-0.03466666666668061,-0.055444444444475494,0.5182810672514506,0.5557916666666927,-2.122921394659996e-06,0.0030821847767886356
OEWJ8P,0.027999999999963165,0.0001783768976432791,0.007725813125266672,-0.024499999999989086,-0.060277777777770325,0.512716008771946,0.5619590277777604,-0.000228227858447748,0.0027563593166104287
DPCACY,0.0030000000000427463,1.9120093306327776e-05,0.007725813125266672,-0.026916666666664923,-0.05719444444443411,0.4964861111110679,0.5800013888889168,-0.0005939632316059257,0.0022099687680337725
OZWRPL,-0.009000000000042974,-5.731826924329041e-05,0.007725813125266672,0.012166666666672654,-0.06833333333332803,0.47043037280701583,0.6098277777777525,0.0003259711977370586,0.0027596011108121966
6P03ZL,-0.04699999999996862,-0.00029940691948482026,0.007725813125266672,0.024833333333361907,-0.05827777777781762,0.4571504020467785,0.6261902777777948,4.3532688271091165e-05,0.0023948943627268467
TEVZHY,0.007000000000005002,4.457321149992043e-05,0.007725813125266672,0.043500000000022965,0.03711111111107357,0.02402247807015101,0.894348611111127,0.0005128548174905835,0.0010189912696873583
6N67Q6,-0.009000000000014552,-5.733287467042867e-05,0.007725813125266672,0.006499999999988404,0.05491666666665651,0.028604897660812867,0.8987326388889016,-0.00014331164550418336,0.0005441176841611751
P8G7OX,-0.025000000000034106,-0.0001592305977518812,0.007725813125266672,-0.005166666666667652,0.03483333333335281,0.027965277777752817,0.9022277777777958,4.1401669442627816e-05,0.0006658057473335502
EROM68,0.007999999999981355,5.0961581337750144e-05,0.007725813125266672,0.001999999999981128,0.02722222222223536,0.027718932748541647,0.9027729166666631,-7.431344988524609e-05,0.0005053145663951184
01HOKF,0.0049999999999954525,3.184469976814162e-05,0.007725813125266672,0.008666666666670153,0.014166666666682204,0.030068347953232433,0.9071263888888836,0.00013376562987678646,0.0006511613291692966
PLNC21,-0.006000000000028649,-3.8224107945063355e-05,0.007725813125266672,-0.022999999999996135,-0.010888888888899828,0.04774890350878991,0.9348138888888968,-0.00029933255209658283,3.8889233243640154e-05
GEVSS5,-0.023999999999972488,-0.00015283509093670392,0.007725813125266672,0.009749999999996817,-0.021638888888872998,0.049402595029249596,0.9332888888889102,0.00021709417587818602,0.00042580661973219697
H2ZODN,0.0509999999999593,0.00032485317910212685,0.00728650606170522,-0.05875000000000341,-0.06700000000000728,0.12526187865498173,0.9275569444444329,-0.0006074035329135698,-0.0007031105564161189
I9VZBG,0.011000000000024102,7.004361807140695e-05,0.007193814943158279,-0.0654999999999859,-0.07186111111110449,0.12205994152046173,0.9269027777777978,-0.0002153907857308254,-0.00038261715793965183
5TT296,-0.01099999999999568,-7.010924294761998e-05,0.007085693382979072,-0.05125000000001023,-0.08508333333330143,0.10716008771927932,0.923343750000015,-0.0008782491903392589,-0.0013284495331067965
RB8ERU,-0.01999999999998181,-0.00012736095367870532,0.003313650089218002,0.04033333333333644,-0.10827777777777214,0.06822185672515957,0.9099375000000123,0.0005734529513712115,-0.00046089604078063595
R9LUMY,-0.03599999999997294,-0.00022931835120088256,0.0029339109879507885,-0.04041666666665833,-0.13830555555554724,0.017087536549723836,0.8572826388888757,-0.0003592424812459689,-0.0011525827997336288
SSEY6K,0.044999999999987494,0.00028660229791345563,0.0029300764641245866,-0.007333333333349401,-0.1237777777777751,0.020399853801137624,0.846418749999998,0.00010616026803352922,-0.0009840050357021457
B0SPAI,-0.038000000000010914,-0.0002428083986147839,0.003528558377212904,-0.28241666666664855,-0.07866666666666333,0.09828088450294103,0.6255125000000135,-0.004527275763093209,-0.00437275611488817
5CI894,0.044999999999987494,0.00028850037505040736,0.005389191677447317,-0.44649999999998613,-0.5799444444444646,0.009243055555572255,0.6049868055555407,-0.0030986926691257493,-0.007573090104161754
Q72O6L,-0.020000000000010232,-0.00012818951537960267,0.005389191677447317,-0.3608333333333178,-0.6431388888888989,-0.003811586257313593,0.6015340277778023,-0.0022053266793365047,-0.007296327384059456
7GTIF2,-0.18099999999998317,-0.0011602712855291939,0.006017109747434129,-0.2602500000000134,-0.7105277777777701,-0.017415387426865436,0.5980958333333035,-0.0016697713783800528,-0.0074076643435993066
EVWG2C,-0.07699999999999818,-0.0004934221065919796,0.0061713004462773955,-0.0027499999999918145,-0.6741388888889048,-0.1456811038011665,0.5618986111111042,0.0007262420261671166,-0.006823405540837926
ZQOVAK,-0.07200000000000273,-0.0004616124378907051,0.0061713004462773955,0.061583333333317114,-0.6363055555555377,-0.15850347222223604,0.5574743055555587,0.0002281869080565368,-0.007292184176196594
P036CN,0.14100000000001955,0.0009027582144596228,0.006356381555719994,0.11983333333333235,0.04208333333332348,-0.8264544956140298,0.3369930555555527,0.0020262330349762915,-0.004473348899370386
GDTBTM,-0.011000000000024102,-7.006057054796348e-05,0.006356381555719994,0.054666666666690844,0.09347222222220353,0.018833150584782743,0.13801666666665824,0.0004332893672064436,0.0016444569250616528
U8HKV4,-0.010999999999967258,-7.006547937506216e-05,0.006356381555719994,0.05324999999999136,0.0916388888888946,0.023352156432707716,0.1364541666667094,0.0003307972213033662,0.0015781859502883772
GK1YB7,-0.04999999999998295,-0.0003184206336569524,0.006356381555719994,0.03675000000001205,0.10180555555552928,0.037088815789502405,0.13140763888887363,0.00037640867895428137,0.001775555863022795
2YCO4I,0.038000000000010914,0.00024207059543003152,0.006356381555719994,0.027250000000009322,0.10524999999998386,0.04226059941521498,0.129640277777753,3.3445082378537574e-05,0.001486969380251214
CYH1LE,-0.014000000000010004,-8.91617521558675e-05,0.006356381555719994,0.024833333333333485,0.10622222222221467,0.04791319444444753,0.12801180555555902,0.00022613985635349922,0.001739529864181476
EV4YBV,0.2569999999999766,0.0016410819647006243,0.006329670018977081,-0.23091666666667265,-0.03352777777780602,0.4946410818713787,0.000473611111090122,-0.0033956442629096825,-0.0006545318732203862
25WU7A,-0.004000000000019099,-2.5476084325960763e-05,0.006329670018977081,-0.14808333333334645,-0.08916666666664241,0.47737719298243064,0.004488194444434157,-0.0003061500071365453,0.001901044643972794
0VYIR3,-0.040999999999968395,-0.0002611764406108242,0.006329670018977081,-0.03849999999999909,0.021611111111127457,0.33533278508772923,0.08991736111113369,-0.0007966960980986791,0.001073793350877602
50RM4H,0.006000000000000227,3.821363972180615e-05,0.006268610616173734,0.050333333333327346,0.03097222222223195,-0.035370248538043825,0.2158277777777755,0.000435400387824897,0.00021238732600191836
3P25E1,-0.006000000000000227,-3.821656050955559e-05,0.006268610616173734,-0.012333333333344854,0.04030555555556248,-0.07372843567250698,0.21337291666665692,-0.00015921031682856668,4.0031680319897995e-05
W370UT,0.0009999999999763531,6.369223909915946e-06,0.006268610616173734,-0.009583333333324617,-0.0009444444444568489,-0.07665222953212947,0.21648333333331493,2.6008340715681524e-05,3.472123701062972e-06
6640KX,-0.03999999999999204,-0.00025476895640261167,0.006268610616173734,0.002999999999985903,-0.008972222222212167,-0.07488706140350132,0.21728749999999764,4.670982371280027e-05,-1.4197860050760786e-05
UOJKI5,0.018000000000000682,0.00011467524607396987,0.006268610616173734,-0.00566666666668425,-0.014666666666641959,-0.07404714912283339,0.21762986111113491,-0.0001783519010403012,-0.00027718771632501707
0VEVYF,0.02400000000000091,0.00015285163837850467,0.006268610616173734,0.006000000000000227,-0.01877777777778533,-0.06565296052633585,0.2189798611111371,0.0001337630737479559,1.7912333455810685e-06
L6ME37,0.04099999999999682,0.0002593393803686213,0.009207673146654083,0.05166666666667652,0.17111111111108812,0.3078616593567176,0.2695500000000095,0.0008462040048029157,0.0058745623758882535
0T1SY0,0.18499999999994543,0.001172763982832925,0.009594921354274151,-0.07858333333331302,0.14211111111109176,0.3984570540935408,0.2840409722222148,-0.002206993539259485,0.003474834030450786
BJOMA7,0.06800000000004047,0.0004302381494700509,0.009594921354274151,-0.18858333333329824,0.13827777777777328,0.4164232456140269,0.28603749999999195,-0.0003009706435026586,0.005380141634567483
AK62JO,-0.023000000000024556,-0.00014558989226363516,0.009594921354274151,-0.0379166666666606,0.11238888888885867,0.43320285087722255,0.2883368055555593,-0.0006973952839630985,0.004870670480159061
K0M28V,-0.043000000000006366,-0.0002720899035663163,0.009594921354274151,-0.07116666666664173,0.07602777777776737,0.4497638888888673,0.29017708333333303,-0.0001571125041518834,0.00520305538267592
W400ZA,-0.03200000000001069,-0.00020253933693691335,0.009594921354274151,-0.04574999999999818,0.05288888888890142,0.4573141447368698,0.29107361111107366,-0.0002958097832363043,0.004917644706381548
QYJ2HJ,-0.1430000000000291,-0.0009046338763247137,0.009594921354274151,0.02566666666666606,-0.021416666666681294,0.48684758771929637,0.2945569444444516,0.0005802299820656308,0.005362969342630339
LJHU6W,0.03000000000002956,0.0001899551705799304,0.009594921354274151,-0.009749999999996817,-0.009194444444432293,0.4931626461988401,0.29509444444445876,-0.0004224716967698364,0.004439021608844614
XHLOHQ,0.008000000000009777,5.0918441386571386e-05,0.009594921354274151,-0.2951666666666597,-0.28416666666669244,0.5447671783625765,0.2790333333333308,-0.0014882071499614082,-0.0009064717009885064
GIUZWM,0.05299999999999727,0.0003376936163163187,0.009594921354274151,-0.12658333333334326,-0.330888888888893,0.4835815058479227,0.2699680555555517,-0.0012382676132298542,-0.0019543270824160337
39DRVJ,0.07400000000001228,0.0004713435839947788,0.009594921354274151,-0.08000000000004093,-0.35224999999996953,0.46287956871344704,0.2666604166666673,-0.00043506034605351313,-0.0016230235870669633
75C8GW,-0.09699999999997999,-0.0006175354605412667,0.009594921354274151,-0.01500000000001478,-0.3464999999999918,0.4525882675438595,0.26520069444444516,0.00020164157467211777,-0.0011248468744975842
AQ0NFK,-0.006000000000028649,-3.822021212235977e-05,0.009594921354274151,-0.019083333333355768,-0.3257777777777733,0.4420473318713505,0.2634249999999838,-0.00034227220988455366,-0.0016989476584438764
UIIM8I,-0.020999999999986585,-0.00013372474353496002,0.009594921354274151,-0.022916666666674246,-0.25672222222220853,0.3892041301169513,0.25462986111111263,0.0002383203141792774,-0.0013326610372358435
J307BL,0.09799999999998477,0.0006243111872741475,0.009594921354274151,-0.11699999999999022,0.021694444444449346,0.2405228435672484,0.2337986111110979,-0.0009673826571200433,-0.0017186967723861672
T2DPQI,0.02199999999999136,0.00014006939801987305,0.009594921354274151,-0.09649999999999181,0.023250000000018645,0.2265559210526078,0.2325138888888887,-0.00033202397785939814,-0.0011324029001280103
46110V,-0.023000000000024556,-0.00014551252040354137,0.004490953498079669,0.054333333333346445,0.14027777777778283,-0.012067616959058114,0.4820374999999899,0.0007006377491801738,0.0021626192644876477
LEE5S4,-0.06299999999998818,-0.00039926231534110425,0.004660780314630766,-0.09649999999999181,-0.035833333333357587,0.2549519371344786,0.5424416666666616,-0.0016671464589745526,-0.00017805635896286839
3MPX3S,-0.0049999999999954525,-3.16421650834749e-05,0.0025640986332635084,0.02924999999996203,0.018722222222237406,0.06444042397663452,0.34513749999996435,0.0004173232957671105,0.001064264253589481
VBYKD5,0.006000000000028649,3.79749238921047e-05,0.0025640986332635084,0.04733333333334144,0.024472222222243545,0.06547971491229987,0.34426458333334153,0.00023634426073829376,0.0009403012012613324
5U4HDZ,0.0009999999999763531,6.329033809548949e-06,0.0025640986332635084,0.03699999999997772,0.027444444444455485,0.06636476608184694,0.3437416666666877,0.00022156526363098993,0.0009545726705730773
4BW0O9,0.009999999999990905,6.329314218798635e-05,0.0025640986332635084,0.009000000000014552,0.03866666666664287,0.07097989766080559,0.3414006944444168,1.8988303205316247e-05,0.0008900161184818874
FDNMQB,-0.0010000000000047748,-6.328913642003575e-06,0.0025640986332635084,0.004083333333340988,0.04127777777779329,0.07206487573100162,0.34099027777779156,4.905148665554158e-05,0.0009497327486755263
YDYEDP,0.006000000000028649,3.79749238921047e-05,0.0025640986332635084,-0.00016666666667219943,0.04347222222222058,0.07390076754384722,0.34032222222222686,-3.269955961077599e-05,0.0009038414217252811
XPIORT,0.0049999999999954525,3.1644568209838e-05,0.0025640986332635084,0.0008333333333325754,0.04044444444443229,0.07505244883037676,0.3398347222222071,1.1603142975007993e-05,0.0009387242917901574
PZXBLU,-0.007999999999981355,-5.062490112312202e-05,0.0025640986332635084,-0.022833333333323935,0.04416666666665492,0.09467160087720572,0.3373201388889129,-0.00015501472639893886,0.0010052678410296925
BMFU95,0.026999999999986812,0.00017090121909527943,0.0025640986332635084,-0.03799999999998249,0.018916666666655146,0.09775767543857228,0.33600277777779297,-0.0002826455624647,0.000746007185581182
KVS4WX,0.013000000000033651,8.227900176604696e-05,0.0025640986332635084,-0.030916666666684023,0.012861111111106993,0.09827211257308477,0.3356381944444422,-0.00017243970542874567,0.0008249423940264796
Q4JNLK,0.019000000000005457,0.00012025468676822148,0.0025640986332635084,-0.026916666666693345,0.0063055555555422416,0.0987706505847541,0.33528541666666456,-0.00014713211039666275,0.0008152621508689082
E40RPF,-0.023999999999944066,-0.0001518785477875983,0.0025640986332635084,-0.012583333333338942,0.0014444444444450255,0.09968932748535053,0.33498819444446326,1.529355988181189e-05,0.0009570996090044185
71ZXUH,-0.012999999999976808,-8.228056406476625e-05,0.0025640986332635084,-0.008166666666681976,-0.00541666666666174,0.10028051900582113,0.334642361111122,-0.00010864073563490873,0.0007950654169990012
256EBY,-0.008000000000038199,-5.062361971561042e-05,0.0025640986332635084,0.010916666666673791,-0.020305555555580668,0.10259228801169229,0.3321229166666626,0.00020411812268293351,0.0009837989984124535
03ZX86,0.015000000000043201,9.493009980345169e-05,0.0025640986332635084,0.006083333333322116,-0.016999999999995907,0.10641812865497968,0.32983888888887236,5.959855887511096e-05,0.000853164405959898
NI8A27,0.014999999999986358,9.493851149063815e-05,0.0025640986332635084,0.003916666666668789,-0.012694444444434794,0.1091502192982432,0.3286291666666443,-5.959673578648389e-05,0.0007536145059247547
NX5PJG,-0.040000000000020464,-0.0002531453307345041,0.0025640986332635084,-0.006083333333322116,-0.008444444444450028,0.1098499634503014,0.32831527777779,7.910854166560586e-06,0.0008445524104250847
C61TFX,-0.008999999999957708,-5.697103972120722e-05,0.0025640986332635084,-0.014083333333303472,-0.009166666666686751,0.11028143274853619,0.32787430555558217,-0.0002135957660572451,0.0006070923268578316
JGBAIF,0.03499999999999659,0.0002214755332814232,0.0025640986332635084,0.033749999999997726,-0.029027777777770325,0.10966264619884214,0.3227145833333509,0.000458453508118968,0.0009308431852298972
VSZX9T,0.023000000000024556,0.0001455889706861327,0.0025640986332635084,-0.01849999999998886,0.03899999999998727,0.11808442982456313,0.3191562499999918,-0.0003912490970159265,0.0005635515544115023
J9W389,0.03100000000000591,0.00019620253164560704,0.0025640986332635084,-0.0349166666666747,0.03638888888889369,0.11819974415206502,0.3190076388889054,-0.0002420300148856685,0.0006926163403577989
4T39MC,-0.03799999999998249,-0.00023883598881230944,0.005551697371191699,0.04933333333332257,0.04305555555555429,0.3713079312865375,0.6648319444444439,0.0008576113531805743,0.0035980362767403253
9CWL7R,-0.004000000000019099,-2.5157707378246754e-05,0.005551697371191699,0.007833333333337578,0.061055555555554974,0.36864016812864975,0.6755729166666811,-3.45906510902887e-05,0.0028072870548631304
E1Y6G0,0.03000000000002956,0.0001886258606056749,0.005551697371191699,0.00033333333331597714,0.06627777777779897,0.3661683114034986,0.6795618055555792,0.00019914472580897532,0.0030683340762460557
4SYGIJ,-0.05900000000002592,-0.0003710901874950527,0.005551697371191699,-0.0009166666666544643,0.07394444444443593,0.3624409722222026,0.6858381944444432,-0.00024890390580004215,0.002664090377136055
CYEONP,-0.03099999999997749,-0.00019495506600158163,0.004828285534607548,0.03500000000002501,0.09327777777775736,0.05896692251459967,0.8454173611111173,0.0004341206226171612,0.001190383561745033
ID02P5,0.029999999999972715,0.00018871129059634475,0.0047293600816260065,0.03241666666662013,0.09686111111111018,0.05795029239763494,0.8461159722222362,0.0001410291563362679,0.0009384954899397266
TG0U4E,0.009999999999990905,6.289229066295332e-05,0.0047293600816260065,0.03633333333331734,0.09872222222224991,0.057349780701770214,0.8467631944444349,0.0002705100057247867,0.001108262226727048
DZ9TPQ,-0.009000000000014552,-5.6606977753549274e-05,0.0047293600816260065,0.028250000000014097,0.09958333333332803,0.05642763157894137,0.8481027777777967,0.0001127025172501139,0.0010128746042352124
Y8MZ37,-0.02600000000001046,-0.00016352201257868214,0.0047293600816260065,0.011166666666639458,0.09375000000002842,0.05520449561402074,0.8494388888888977,0.0001205596062417329,0.001044000225339763
QYTON6,-0.009000000000014552,-5.6600213823121515e-05,0.004660882774001751,0.025000000000005684,0.0029444444444095552,0.020467288011701612,0.860754166666652,0.00029776383553376125,0.0008477778771694921
CVZTHO,-0.004000000000019099,-2.5159606252282284e-05,0.004660882774001751,0.01824999999999477,0.012777777777785104,0.016494700292383868,0.8616527777777776,5.1894380782119806e-05,0.0006551246682990949
UU0E9K,0.01999999999998181,0.000125689722351289,0.004808076835737725,0.021916666666697893,0.021361111111104947,0.016914473684238374,0.8617923611110996,0.0008423063154105952,0.0014940086241825748
NVTSKT,0.05200000000002092,0.00032496750324980577,0.003005285348365211,0.012500000000017053,0.050583333333321434,0.15229349415204751,0.5973680555555632,0.00022607016092657657,0.0019078261308913727
MB02WD,-0.08800000000002228,-0.0005461835424969419,0.005203586078478767,0.17708333333331439,0.030944444444457986,0.16859886695903015,0.7193493055555678,0.0022627706576963395,0.0033781042115405197
TQWE90,0.003999999999990678,2.4851821017127114e-05,0.005575586610265051,-0.05166666666667652,0.20902777777777715,0.19926425438595174,0.7248916666666787,-0.0007760167371289864,0.0021879834088410163
32NNMK,0.020000000000010232,0.0001241973744675673,0.005575586610265051,0.048666666666662195,-0.03941666666662513,0.2117355628654991,0.7322458333333373,0.0005467672387009645,0.0024498074147768765
Q7UAII,0.013000000000033651,8.075537333851196e-05,0.005511679723945381,-0.05008333333333326,0.07744444444446685,0.2402507309941484,0.7455284722222473,-0.0004848147433354732,0.001899887289547344
1XA0DP,-0.03999999999996362,-0.00024839012152464107,0.005113354816867511,0.020916666666664696,-0.050333333333298924,0.26877887426900315,0.7559701388888982,0.0006166980711485255,0.0019952771340428555
WWCBPT,-0.002999999999985903,-1.863377184800993e-05,0.005113354816867511,0.048666666666662195,-0.04624999999998636,0.27014016812861996,0.7566472222222558,0.00035831084397726067,0.001739693125693958
D7XX5M,0.03499999999999659,0.00021721321649328866,0.0035039591447392597,0.09050000000002001,0.06813888888888187,0.0233876096490917,0.6424416666666843,0.0012583149764338719,0.001992562335668311
AF0PT8,-0.04699999999996862,-0.00029193271882511755,0.0035039591447392597,0.13800000000000523,0.08477777777778783,0.02806250000000432,0.6434006944444661,0.0002195153267258315,0.001130574999796001
4VA77R,0.020000000000038654,0.00012420585879059922,0.0035039591447392597,0.06333333333333258,0.0026666666666699257,0.07494919590644145,0.613131944444433,0.0005302259881154232,0.0013286524392995315
WUZMEH,0.05099999999998772,0.00031681347761798335,0.0035039591447392597,0.009416666666652418,0.0707222222222299,0.09337500000000887,0.6094638888888824,-0.00019201835095047386,0.0010314831670808389
JL328C,-0.015999999999991132,-9.936221875828982e-05,0.0035039591447392597,-0.0047499999999729425,0.07480555555557089,0.09588687865496581,0.6087263888888685,7.193928117649709e-05,0.0013348677017484313
Y9HLVG,-0.029000000000053205,-0.00018015443583739636,0.0035039591447392597,-0.015999999999991132,-0.0017777777777894244,0.15882876461984097,0.5894819444444579,-0.000343624827928767,0.0009883092428322041
MD6X9Q,-0.031999999999982265,-0.0001987515915653692,0.0035039591447392597,-0.006166666666672427,-0.03838888888887482,0.1638561769005662,0.5845277777777937,0.00011491646815098694,0.0011866482968900416
H26IUM,0.028999999999996362,0.00018015891258563055,0.0035039591447392597,0.008166666666681976,-0.04013888888889028,0.16571765350877854,0.5836749999999995,-8.386004689946676e-05,0.0009627442024992079
FU8G0C,0.01500000000001478,9.314513875530015e-05,0.0035039591447392597,0.025166666666677884,-0.04127777777779329,0.15974872076020574,0.5778402777777956,0.0004400455990780315,0.0013915859820213768
D9XTTH,0.012000000000000455,7.453416149068606e-05,0.0035039591447392597,0.03533333333334099,-0.021611111111127457,0.16426370614038888,0.5749743055555427,9.110560796430968e-05,0.0011438405201699762
GYYALE,0.014999999999986358,9.317059536001962e-05,0.0035039591447392597,0.012416666666695164,-0.015333333333359178,0.1659234283625608,0.5734611111111008,3.778728038742132e-05,0.0011106308024112655
F1PD7Z,0.04600000000004911,0.00028568589456978884,0.0035039591447392597,0.008250000000003865,-0.004194444444465262,0.16736038011694632,0.5728090277777937,0.00010921432457152153,0.001239593156423086
3RP5BD,-0.009999999999990905,-6.211990383833236e-05,0.0035039591447392597,-0.015083333333308246,0.021166666666658784,0.1765285087719235,0.5688826388888799,-0.00023651734676168038,0.0009936105787529692
XAH1CV,-0.03499999999999659,-0.00021738185296289346,0.0035039591447392597,-0.01841666666666697,0.014750000000020691,0.1812587719298051,0.5659166666666522,1.811548257832393e-05,0.0011591592494120415
C2Z3RB,0.013000000000033651,8.07603901350168e-05,0.0035039591447392597,-0.00908333333333644,0.008861111111116315,0.18187975146199165,0.565124305555571,-0.00016408232688414957,0.0009286137616630225
2R8XZ2,-0.007999999999981355,-4.968265205985117e-05,0.0035039591447392597,0.010666666666651281,-0.002250000000003638,0.18537152777778942,0.5634416666666482,0.00020498294914551328,0.0012459240071208038
4K1UBD,0.04800000000000182,0.000298207030230749,0.003600841065098075,-0.3462499999999977,-0.2263333333333435,0.2056675804093686,0.5377027777777812,-0.0034767884772245058,-0.003923385842467333
JOWUVU,0.013000000000033651,8.07373180307153e-05,0.003600841065098075,-0.41149999999998954,-0.2523888888889303,0.19756487573096138,0.5349965277777926,-0.00282504827973445,-0.0035758163638287916
E6BGOV,0.0010000000000047748,6.21187461955234e-06,0.003600841065098075,-0.08183333333332143,-0.0907500000000141,-0.17187591374269573,0.2842805555555401,-0.0009112790696470786,-0.003208694760212643
SR2KJI,0.047000000000025466,0.00029184933123052045,0.003623227789916497,-0.0765833333333319,-0.12819444444443207,-0.18238432017543005,0.2735840277777868,-0.0001898729920414117,-0.0027771888269735815
P9RET3,0.05699999999995953,0.0003540746538451857,0.003623227789916497,-0.03249999999997044,-0.13019444444444161,-0.20240917397660496,0.25333194444442597,-0.0002887669650590758,-0.0030296965656520206
DH2MMG,-0.04200000000000159,-0.00026081286676810377,0.003623227789916497,-0.01525000000003729,-0.12919444444443684,-0.20595211988305095,0.2500249999999937,6.883035491094791e-05,-0.002689152090265594
P3NSPK,-0.004000000000019099,-2.484472049701304e-05,0.003623227789916497,-0.013166666666677429,-0.1271944444444273,-0.20980409356724294,0.24652152777778724,-0.00011903344839906836,-0.0028862280455624147
6845CD,-0.014999999999986358,-9.316249402198859e-05,0.003623227789916497,-0.03266666666664264,-0.09966666666667834,-0.2198859649122653,0.2361208333333309,-8.487417920457745e-05,-0.0027721590788855493
95PMRM,0.02800000000002001,0.0001739173644066934,0.003623227789916497,-0.02950000000001296,-0.09611111111109949,-0.22316758040938112,0.2327159722222234,-0.00014180535817232934,-0.0028336117681977014
8HGF80,-0.003999999999990678,-2.4841943136734263e-05,0.003623227789916497,-0.005166666666667652,-0.09544444444443911,-0.2253044590643185,0.22930486111110326,3.2088539526358575e-05,-0.002678281975042275
PRGH52,0.05499999999994998,0.0003416212724457597,0.003623227789916497,-0.08174999999999955,0.00663888888888664,-0.27525730994150877,0.17479861111112882,-0.0005612894448095704,-0.0025472004802179985
IBVJT7,0.015000000000043201,9.313762014779825e-05,0.003623227789916497,-0.05691666666666606,-0.00577777777775168,-0.27734338450289897,0.17400902777777105,-0.00015468800360914818,-0.002203809233006637
4IXHUN,0.07500000000001705,0.0004659108557230443,0.003623227789916497,-0.1734166666666681,-0.03613888888887118,-0.011458516081859216,-0.027241666666668607,-0.0014974694988155993,-0.001725697085866668
YBYN3I,0.02200000000001978,0.00013660438748467723,0.003623227789916497,-0.16391666666663696,-0.05750000000000455,-0.012729897660818779,-0.028731944444473356,-0.0008700952451852742,-0.0012588561028551238
JLQE55,-0.01599999999996271,-9.940790168535357e-05,0.003697856233461957,-0.05741666666668266,-0.1338611111110879,-0.019097587719301146,-0.0335972222221983,-0.0008757822162929102,-0.0018293510913509586
Y0KUXO,-0.020000000000038654,-0.00012414957540869204,0.003697856233461957,-0.028083333333313476,-0.1719444444444207,-0.02403910818711097,-0.038288194444447754,0.00035757513346966236,-0.0009170460702703268
FIOF80,-0.02400000000000091,-0.00014904517931998702,0.003697856233461957,-0.028083333333341898,-0.14894444444445298,-0.030211805555580895,-0.04699513888888873,2.0183608736139143e-05,-0.001311501152949959
G9FGW0,-0.04400000000003956,-0.0002733122965689341,0.003697856233461957,-0.01441666666664787,-0.12180555555556793,-0.03464345760230003,-0.0529826388888921,-0.00019304130100517776,-0.0015089390971746565
TVNGQJ,-0.2389999999999759,-0.0014838913965341258,0.004832309720520537,-0.003250000000008413,0.03622222222222149,-0.23154714912280383,-0.28543055555553565,0.00161740432776134,0.000495263677113359
XUVC26,0.15500000000000114,0.0009637685214547379,0.004832309720520537,0.06400000000002137,0.031138888888875726,-0.22867233187133706,-0.28628888888889037,0.00015754397238845007,-0.0009657064739345509
DO3R4I,-0.06700000000000728,-0.00041613097567191036,0.004550221920090085,0.10741666666669403,0.041527777777758956,-0.2194175804093561,-0.28760833333333835,0.0011031345290435511,0.00015842486728172249
NB7JNA,0.03499999999996817,0.00021746964745043658,0.004442548219087186,0.13541666666668561,0.04513888888888573,-0.21612280701754116,-0.28842986111112623,0.0006346890464070384,-0.00024122954596032697
GQ8R8O,0.13599999999996726,0.0008443429025526923,0.004416555122885751,0.039416666666681976,0.07666666666665378,-0.1879201388888987,-0.29750000000001364,0.0008455746619643906,0.0006123983762416426
LKGA2B,0.024999999999977263,0.00015536345727180066,0.004416555122885751,-0.13499999999996248,0.18922222222221308,-0.13589290935672693,-0.29937569444442147,-0.0014624177260747567,-0.00039347569753710486
HGU1GC,0.049000000000006594,0.0003043251434676086,0.003980208318481116,0.06091666666668516,0.09763888888889483,-0.08584173976609577,-0.5220145833333447,0.0005297441227142289,0.0017023436765879788
QPOCDD,-0.036000000000001364,-0.000223630264629155,0.003980208318481116,-0.02025000000000432,0.0627777777778249,0.030346856725117277,-0.5040874999999687,-0.00030377566762088614,0.0013885278818150178
VQCGVW,-0.02499999999994884,-0.00015529879488103396,0.003980208318481116,-0.016166666666691754,0.002138888888907786,0.0615498903508751,-0.49735763888890006,-1.9670793737356745e-05,0.001346763604272442
C50N3Q,0.025999999999982037,0.00016146561092986826,0.003980208318481116,0.03299999999998704,-0.04852777777776396,0.11721619152044127,-0.48867638888887655,0.0005302193989879682,0.001577053209526012
9XHZAN,-0.027000000000015234,-0.0001677622994620126,0.003980208318481116,0.02733333333333121,-0.022333333333307337,0.13498008040937748,-0.48650555555553865,-0.00011182902584493465,0.001046869215727967
BZZFYA,0.027000000000015234,0.00016765916754127977,0.003578158961612303,0.04249999999998977,0.10088888888890324,0.06446180555553838,-0.42943333333334976,0.0005229145288437089,0.001743035778206243
QC7M3L,-0.006000000000028649,-3.726823814421969e-05,0.003578158961612303,0.0007499999999822649,0.1123055555555652,0.07104404239765927,-0.4140625,-0.00014853327274701587,0.0013708589827222371
JVV2PQ,-0.010000000000019327,-6.210215805011226e-05,0.003578158961612303,0.0024999999999977263,0.017638888888910742,0.07222112573097661,-0.3874020833333134,0.0003012862125837622,0.001415298726671588
JGHPRE,0.024999999999977263,0.0001552823965662544,0.003578158961612303,-0.013416666666671517,0.021138888888913243,0.08432182017546097,-0.36742847222222963,-0.00016198505700786592,0.0011375066871676105
P3A5RH,0.01700000000002433,0.00010557629129134915,0.003578158961612303,-0.024833333333333485,0.026722222222247183,0.08580080409356583,-0.36549722222221703,-6.520463387620387e-05,0.0012768674277893724
A4JQI5,-0.05299999999999727,-0.0003292273097159158,0.003578158961612303,-0.022750000000030468,0.020194444444427972,0.09033625730995709,-0.35731458333336263,-0.0003006659673552403,0.0009988591622400512
88WFCR,0.044999999999987494,0.00027950136955663316,0.003578158961612303,-0.01441666666664787,0.11247222222218056,0.09437262426899906,-0.30422916666665856,-0.00013300425561856786,0.0009544281240370292
7X7XRQ,-0.022000000000048203,-0.00013665869490976304,0.003578158961612303,-0.013916666666659694,0.07841666666666924,0.09963961988304959,-0.301433333333307,-0.00024582167836686893,0.0008573532265071542
PTUTCQ,0.020000000000010232,0.00012422514565404685,0.003578158961612303,-0.017416666666662195,0.03419444444443798,0.09436421783624382,-0.29912638888887955,-3.77837208063597e-05,0.0009386722947427236
U6BI70,0.018000000000000682,0.00011178943838228686,0.003578158961612303,-0.0004999999999881766,0.02794444444444366,0.09393969298247384,-0.29841111111110763,9.420182585907545e-05,0.0010552194375901206
02JQXN,0.02600000000001046,0.0001615037239032373,0.003578158961612303,-0.07433333333332826,-0.020138888888880047,0.14709046052630015,-0.2575951388888882,-0.0005690801182031258,0.0006956095402429293
XMZEE0,0.1599999999999966,0.0009937024109704534,0.003578158961612303,-0.06391666666669948,-0.029472222222210576,0.14920522660818847,-0.2560826388888984,-0.00034302016058310885,0.0008567882451856321
TWMCVB,0.10400000000004184,0.000646536986267566,0.0034882357933588883,-0.15983333333329597,-0.028111111111144282,-0.05333059210525448,0.49942291666667415,-0.004009176214904103,-0.0047615539753959124
S60X0V,-0.23799999999999955,-0.001499193710945371,0.012285248469436582,-1.0320833333333326,-0.21872222222219762,-0.09124981725148018,0.489889583333337,-0.01531692697982119,-0.01771757781057975
7CV3G7,-0.2899999999999636,-0.0018371872030406315,0.01591058385809728,-1.7574166666666713,-0.9070000000000107,-0.2208313230994179,0.4554131944444464,-0.014610216487149427,-0.023047401933124358
HDFMYD,0.03899999999998727,0.0002463069742766297,0.01591058385809728,-1.6698333333333721,-1.311666666666639,-0.29542616959062684,0.43511250000000246,-0.007815004851088927,-0.01987223890051485
OUT3XH,0.11499999999998067,0.0007227431559364279,0.01591058385809728,0.08566666666663991,0.05741666666668266,-1.6922523757309875,-0.48156666666668,0.0013341388511301732,-0.008328688082579952
8N06HZ,1.1370000000000289,0.0071947453680269126,0.01591058385809728,-0.225750000000005,0.14813888888889437,-1.417871162280676,-0.5998000000000161,-0.007141791337809754,-0.014208366810734353
0Y3GKH,0.2410000000000423,0.0015143327510590424,0.01591058385809728,-0.3064166666666779,0.13866666666663718,-1.4020199195906287,-0.6069062500000371,-0.00013455433979639653,-0.007206377976458031
V4HUMG,0.26199999999997203,0.001657283825668746,0.01591058385809728,-0.17558333333332143,0.07025000000001569,-1.3628735380116836,-0.6301624999999831,-0.006374751145868222,-0.013621108346058246
V93RCE,0.040000000000020464,0.00025152012475411056,0.01591058385809728,0.22833333333332462,-0.23425000000000296,-1.2482459795321859,-0.7348131944444276,0.0018289558782766321,-0.006944008701833689
1Y1QNL,-0.040000000000020464,-0.0002516213853016655,0.01591058385809728,-0.03833333333335531,-0.09802777777773031,-0.5650169956140019,-1.156852083333348,-0.0006454113973787034,-0.004286695298571555
G0DUSF,0.11299999999997112,0.0007105890342904556,0.01591058385809728,-0.07008333333334349,-0.09547222222221308,-0.5320948464912192,-1.181780555555548,-0.0001346583999334439,-0.0037712740649487233
6Y9Y3J,0.027000000000043656,0.00016985832557464745,0.01591058385809728,-0.09808333333333508,-0.01266666666666083,0.06364857456139816,-1.6616625000000056,-0.0010709514500264656,-0.0007456537527626826
KEVKOT,-0.009999999999990905,-6.288358989832293e-05,0.01591058385809728,-0.10499999999998977,-0.03733333333335054,0.0789415204678221,-1.677061805555553,-0.0004337085855442314,-0.00020659977118598922
TFD120,-0.03499999999999659,-0.00022016732716862673,0.01591058385809728,-0.02600000000001046,-0.08502777777778192,0.11946966374267731,-1.7149763888888856,-0.0004066199403066108,-0.0002701125192239912
GSGVC6,-0.10599999999999454,-0.0006666205482639224,0.01591058385809728,0.0014166666666426408,-0.1924722222222215,0.16577540204679053,-1.7771340277777767,0.0010413677434111324,0.0004509276524037164
YFRMK5,-0.14400000000000546,-0.000906207521522463,0.01591058385809728,0.12574999999998226,-0.19691666666665242,0.1631555190058691,-1.7752416666666875,0.00044123657468192966,-0.0002256050774270808
ATR0SX,-0.3719999999999857,-0.0023581466995453958,0.01660088636088734,-0.21983333333332666,-0.273611111111137,0.11862171052632675,-1.7626187500000299,-0.005792939441461827,-0.007509300609135242
YMRILC,0.04199999999997317,0.0002656731334879288,0.01660088636088734,-0.49424999999999386,-0.39416666666667766,0.05561732456138202,-1.7636618055555573,-0.0018872441342589138,-0.005323843438761151
4AV140,-0.1139999999999759,-0.0007227678203476634,0.01660088636088734,-0.059833333333358496,-0.4229166666666515,-0.0589698464912658,-1.757109722222225,-0.002503328108843712,-0.007537301267953783
299R7K,-0.009999999999990905,-6.330596405481604e-05,0.016411545549536534,-0.03616666666664514,-0.102527777777766,-0.3884751461988287,-1.8853500000000167,-0.0007222211093105994,-0.0035296420365069684
Y24IM0,0.009000000000042974,5.695445542075405e-05,0.016411545549536534,-0.05875000000000341,-0.10124999999999318,-0.36818019005846736,-1.8935465277778007,-0.0001671439320162467,-0.003078995271169018
3O6NWZ,0.001999999999981128,1.2664319545991287e-05,0.016411545549536534,-0.04441666666667743,-0.09622222222222376,-0.3551522295321661,-1.8993423611110813,-0.0006986874694488058,-0.0036322140890772906
CTG2KD,-0.008000000000009777,-5.063259093303066e-05,0.016411545549536534,0.02208333333334167,-0.055472222222221035,-0.28908570906435216,-1.939799305555539,0.0002326475769043442,-0.0027436429857110927
UF9BF0,0.03899999999998727,0.0002468526289804181,0.016411545549536534,0.02391666666667902,-0.04611111111111654,-0.28679331140352815,-1.9424430555555432,0.00012818991097925583,-0.0027922839625697617
AFC3UK,-0.014999999999986358,-9.492048827090535e-05,0.016411545549536534,0.03116666666664969,-0.039055555555563615,-0.2842627923976693,-1.9448020833333146,0.0003323321168921609,-0.0025271394738767116
SJVZI1,-0.026999999999986812,-0.00017089364718681722,0.016411545549536534,0.0004999999999881766,0.003861111111092441,-0.2687649853801304,-1.9616930555555712,-6.434470195215353e-05,-0.002561004764393937
9M8N2Z,0.11400000000003274,0.0007212268448225578,0.016411545549536534,0.04758333333333553,-0.02766666666667561,-0.2864340277777444,-1.9947236111111124,0.0007888045679962753,-0.0017347878660503326
LPXQYP,-0.0020000000000095497,-1.2660952356896734e-05,0.01640040599554797,-0.10575000000000045,0.09905555555556589,-0.27294590643273864,-2.0129381944444447,-0.0009555155594087652,-0.0021081668213777734
4PCZCV,-0.02400000000002933,-0.0001518766255546935,0.01593979023175577,0.07266666666663468,0.023250000000018645,-0.18630116959064935,-2.0960923611111184,0.000656453294719924,-0.0007681091884864152
CYBNLY,0.0,0.0,0.01593979023175577,0.07075000000000387,0.036611111111113814,-0.18173062865497513,-2.0979270833333317,0.00040787187441129573,-0.0009011413153905742
Q33QWD,0.007000000000005002,4.429706879970765e-05,0.01593979023175577,0.04775000000000773,0.05875000000003183,-0.17273227339185837,-2.1016201388888476,0.0004141380942156083,-0.0006867697993174886
D390HK,-0.002999999999985903,-1.8986740925830845e-05,0.01593979023175577,0.02741666666662468,0.08338888888889073,-0.1554703947368239,-2.109328472222245,6.59305303187537e-05,-0.0007055712458964627
Z42URV,-0.03899999999998727,-0.00024681825948818294,0.01593979023175577,-0.02033333333332621,0.06697222222220489,-0.12891264619884168,-2.124548611111095,0.00011392909812460478,-0.0004773671018906831
OMII7X,-0.006000000000028649,-3.797756791673196e-05,0.01593979023175577,-0.001333333333320752,0.06013888888887209,-0.12457730263156463,-2.126556249999993,-1.2659029052352226e-05,-0.000597196438487231
Q8NXU8,0.001999999999981128,1.2654463545534734e-05,0.01593979023175577,0.019166666666677656,0.04808333333332371,-0.11548263888886368,-2.13016250000004,0.0003745014120285826,-0.00017544004931020353
OVHICX,0.03399999999996339,0.00021526071871732084,0.013515744357789041,-0.04583333333332007,0.025805555555535875,-0.051371162280702265,-2.147593055555575,-0.0006801408366047843,-0.00047612986249175363
JUYPP6,-0.014000000000010004,-8.858292627375923e-05,0.0076894481522465,-0.059833333333358496,0.020250000000032742,-0.049125365497076245,-2.148661111111096,-3.9017147509107925e-05,0.00016449426276280427
LO7PHJ,-0.015999999999991132,-0.00010126518186588143,0.0076894481522465,-0.016000000000019554,0.009777777777799201,-0.04522496345029481,-2.1511604166666984,-0.00025099025145432647,-6.620915619659498e-05
Q9AEPC,-0.019000000000005457,-0.00012026762711975148,0.0076894481522465,-0.026833333333343035,0.0008055555555301908,-0.04331926169592748,-2.1518125000000055,-0.0003132306738255892,-0.00017564515643817756
YGZ1EZ,0.07499999999998863,0.0004746054446735893,0.0076894481522465,0.048750000000012506,0.013861111111111768,-0.10859959795320151,-2.0004236111111027,0.0006400721017742043,0.00019174659789349498
Y138X9,0.02200000000001978,0.00013934280864444644,0.004676221469470283,-0.14983333333333348,-0.1260555555555527,-0.17665771198829816,-0.8708138888888755,-0.0016114532272803643,-0.003802742365864416
NJ6FV7,-0.004000000000019099,-2.5314052463494603e-05,0.004676221469470283,-0.1734166666666681,-0.1362222222222158,-0.18347386695904788,-0.8702965277778105,-0.0005781970687464686,-0.0029486947446182702
89KOEJ,0.04800000000000182,0.00030398601664324593,0.004676221469470283,-0.06450000000000955,-0.16361111111109494,-0.19354788011696655,-0.8687402777777891,-0.0009290377552086597,-0.0036253614658427764
X17KKL,-0.08600000000001273,-0.0005482875576977834,0.007897052061986331,-0.2664166666666574,-0.4878055555555818,-0.3375131578947048,-0.8895715277778038,-0.0027365847739918674,-0.009772727272727107
UXDBDG,-0.021000000000015007,-0.00013471210099568287,0.011350980539802895,-0.0593333333333419,-0.07708333333334849,-0.8224630847953449,-1.6059750000000008,-0.001396487002421363,-0.007305201661075244
CECTMC,0.0589999999999975,0.00037802338619251965,0.013114404548647244,0.14808333333331802,0.03905555555553519,-0.7627088815789307,-1.756504166666673,0.001660609852951743,-0.004361202541247305
ZHS0MJ,0.11100000000004684,0.0007117939773254942,0.013114404548647244,-0.10200000000000387,-0.06597222222222854,-0.09266648391812282,-1.9479652777777972,-0.0016282717485248568,-0.0024570163184877212
3JBHQJ,0.05200000000002092,0.0003332073126190795,0.013114404548647244,-0.15024999999997135,-0.058777777777805795,-0.0808921783625749,-1.950156249999992,-0.0008659089563155174,-0.0016829125800147686
U06SMW,0.0519999999999925,0.00033113215356885635,0.013114404548647244,0.045083333333337805,0.17011111111111177,0.2923130482456031,-1.5722256944444268,0.0006993686564954115,0.004747499703252061
