dealref,strat_id,instrument,open_time,open_time_2,open_price,close_time,close_time_2,close_price,dir,size,PnL,open_time_formatted,close_time_formatted,time_in_trade,W/L
C5C4T0,2,C:USDJPY,2022-05-27 00:35:00+00:00,2022-05-27 00:35,126.9396527,2022-05-31 00:05:00+00:00,2022-05-31 00:05,128,-1,1,-1.0603473,00:35,00:05,23:30:00,-1
XFCV0G,2,C:USDJPY,2022-05-27 01:30:00+00:00,2022-05-27 01:30,126.9796507,2022-05-31 00:05:00+00:00,2022-05-31 00:05,128,-1,1,-1.0203493,01:30,00:05,22:35:00,-1
Z08Y81,2,C:USDJPY,2022-05-27 06:50:00+00:00,2022-05-27 06:50,126.9866503,2022-05-31 00:05:00+00:00,2022-05-31 00:05,128,-1,1,-1.01334965,06:50,00:05,17:15:00,-1
VXJO98,2,C:USDJPY,2022-05-27 11:05:00+00:00,2022-05-27 11:05,126.9646515,2022-05-31 00:05:00+00:00,2022-05-31 00:05,128,-1,1,-1.03534855,11:05,00:05,13:00:00,-1
T4K4O0,2,C:USDJPY,2022-05-27 13:00:00+00:00,2022-05-27 13:00,126.9876503,2022-05-31 00:05:00+00:00,2022-05-31 00:05,128,-1,1,-1.0123497,13:00,00:05,11:05:00,-1
100G9J,2,C:USDJPY,2022-05-27 13:40:00+00:00,2022-05-27 13:40,126.9476523,2022-05-31 00:05:00+00:00,2022-05-31 00:05,128,-1,1,-1.0523477,13:40,00:05,10:25:00,-1
6FPUN5,2,C:USDJPY,2022-05-30 01:40:00+00:00,2022-05-30 01:40,126.9256534,2022-05-31 00:05:00+00:00,2022-05-31 00:05,128,-1,1,-1.0743466,01:40,00:05,22:25:00,-1
082I9F,2,C:USDJPY,2022-05-30 02:45:00+00:00,2022-05-30 02:45,126.9596517,2022-05-31 00:05:00+00:00,2022-05-31 00:05,128,-1,1,-1.0403483,02:45,00:05,21:20:00,-1
OFESB3,2,C:USDJPY,2022-05-30 03:35:00+00:00,2022-05-30 03:35,126.9876503,2022-05-31 00:05:00+00:00,2022-05-31 00:05,128,-1,1,-1.0123497,03:35,00:05,20:30:00,-1
9JYYPW,2,C:USDJPY,2022-05-30 03:55:00+00:00,2022-05-30 03:55,126.9726511,2022-05-31 00:05:00+00:00,2022-05-31 00:05,128,-1,1,-1.02734895,03:55,00:05,20:10:00,-1
R92FXS,2,C:USDJPY,2022-05-30 04:35:00+00:00,2022-05-30 04:35,126.9646515,2022-05-31 00:05:00+00:00,2022-05-31 00:05,128,-1,1,-1.03534855,04:35,00:05,19:30:00,-1
5HS4AX,2,C:USDJPY,2022-05-30 05:05:00+00:00,2022-05-30 05:05,126.9846505,2022-05-31 00:05:00+00:00,2022-05-31 00:05,128,-1,1,-1.01534955,05:05,00:05,19:00:00,-1
989U7I,2,C:USDJPY,2022-05-30 05:35:00+00:00,2022-05-30 05:35,126.9786508,2022-05-31 00:05:00+00:00,2022-05-31 00:05,128,-1,1,-1.02134925,05:35,00:05,18:30:00,-1
62TO7D,2,C:USDJPY,2022-05-27 00:55:00+00:00,2022-05-27 00:55,127.00635,2022-05-31 00:10:00+00:00,2022-05-31 00:10,128,1,1,0.99365,00:55,00:10,23:15:00,1
G14PQN,2,C:USDJPY,2022-05-27 01:10:00+00:00,2022-05-27 01:10,127.065353,2022-05-31 00:10:00+00:00,2022-05-31 00:10,128,1,1,0.93464705,01:10,00:10,23:00:00,1
8UBMGE,2,C:USDJPY,2022-05-27 06:45:00+00:00,2022-05-27 06:45,127.0163505,2022-05-31 00:10:00+00:00,2022-05-31 00:10,128,1,1,0.9836495,06:45,00:10,17:25:00,1
1JER37,2,C:USDJPY,2022-05-27 06:55:00+00:00,2022-05-27 06:55,127.0193507,2022-05-31 00:10:00+00:00,2022-05-31 00:10,128,1,1,0.98064935,06:55,00:10,17:15:00,1
1R6A00,2,C:USDJPY,2022-05-27 12:40:00+00:00,2022-05-27 12:40,127.0393517,2022-05-31 00:10:00+00:00,2022-05-31 00:10,128,1,1,0.96064835,12:40,00:10,11:30:00,1
3LHJHX,2,C:USDJPY,2022-05-27 13:35:00+00:00,2022-05-27 13:35,127.0073501,2022-05-31 00:10:00+00:00,2022-05-31 00:10,128,1,1,0.99264995,13:35,00:10,10:35:00,1
1OJ7J2,2,C:USDJPY,2022-05-27 14:50:00+00:00,2022-05-27 14:50,127.046352,2022-05-31 00:10:00+00:00,2022-05-31 00:10,128,1,1,0.953648,14:50,00:10,09:20:00,1
Y04ANY,2,C:USDJPY,2022-05-30 02:40:00+00:00,2022-05-30 02:40,127.0113503,2022-05-31 00:10:00+00:00,2022-05-31 00:10,128,1,1,0.98864975,02:40,00:10,21:30:00,1
R6K4AR,2,C:USDJPY,2022-05-30 03:15:00+00:00,2022-05-30 03:15,127.0243509,2022-05-31 00:10:00+00:00,2022-05-31 00:10,128,1,1,0.9756491,03:15,00:10,20:55:00,1
21LXRU,2,C:USDJPY,2022-05-30 03:50:00+00:00,2022-05-30 03:50,127.0223508,2022-05-31 00:10:00+00:00,2022-05-31 00:10,128,1,1,0.9776492,03:50,00:10,20:20:00,1
NLSATM,2,C:USDJPY,2022-05-30 04:25:00+00:00,2022-05-30 04:25,127.0163505,2022-05-31 00:10:00+00:00,2022-05-31 00:10,128,1,1,0.9836495,04:25,00:10,19:45:00,1
OV6RAA,2,C:USDJPY,2022-05-30 04:50:00+00:00,2022-05-30 04:50,127.0013498,2022-05-31 00:10:00+00:00,2022-05-31 00:10,128,1,1,0.99865025,04:50,00:10,19:20:00,1
61F6U7,2,C:USDJPY,2022-05-30 05:50:00+00:00,2022-05-30 05:50,127.0203507,2022-05-31 00:10:00+00:00,2022-05-31 00:10,128,1,1,0.9796493,05:50,00:10,18:20:00,1
P6BMWI,2,C:USDJPY,2022-05-31 04:15:00+00:00,2022-05-31 04:15,127.974601,2022-06-01 01:10:00+00:00,2022-06-01 01:10,129,-1,1,-1.02539905,04:15,01:10,20:55:00,-1
YOAT59,2,C:USDJPY,2022-05-31 04:40:00+00:00,2022-05-31 04:40,127.9886003,2022-06-01 01:10:00+00:00,2022-06-01 01:10,129,-1,1,-1.01139975,04:40,01:10,20:30:00,-1
6DS67C,2,C:USDJPY,2022-05-31 05:00:00+00:00,2022-05-31 05:00,127.9656014,2022-06-01 01:10:00+00:00,2022-06-01 01:10,129,-1,1,-1.0343986,05:00,01:10,20:10:00,-1
VLPPHU,2,C:USDJPY,2022-05-31 07:00:00+00:00,2022-05-31 07:00,127.9516021,2022-06-01 01:10:00+00:00,2022-06-01 01:10,129,-1,1,-1.0483979,07:00,01:10,18:10:00,-1
6JSTPS,2,C:USDJPY,2022-05-31 10:55:00+00:00,2022-05-31 10:55,127.9776008,2022-06-01 01:10:00+00:00,2022-06-01 01:10,129,-1,1,-1.0223992,10:55,01:10,14:15:00,-1
WX69YT,2,C:USDJPY,2022-05-31 11:10:00+00:00,2022-05-31 11:10,127.9876003,2022-06-01 01:10:00+00:00,2022-06-01 01:10,129,-1,1,-1.0123997,11:10,01:10,14:00:00,-1
PN7LL0,2,C:USDJPY,2022-05-31 00:10:00+00:00,2022-05-31 00:10,128.0534024,2022-06-01 01:15:00+00:00,2022-06-01 01:15,129,1,1,0.94659765,00:10,01:15,01:05:00,1
2CV1F0,2,C:USDJPY,2022-05-31 04:20:00+00:00,2022-05-31 04:20,128.0744034,2022-06-01 01:15:00+00:00,2022-06-01 01:15,129,1,1,0.9255966,04:20,01:15,20:55:00,1
UESTIZ,2,C:USDJPY,2022-05-31 04:55:00+00:00,2022-05-31 04:55,128.0134004,2022-06-01 01:15:00+00:00,2022-06-01 01:15,129,1,1,0.98659965,04:55,01:15,20:20:00,1
G992IR,2,C:USDJPY,2022-05-31 06:45:00+00:00,2022-05-31 06:45,128.0114003,2022-06-01 01:15:00+00:00,2022-06-01 01:15,129,1,1,0.98859975,06:45,01:15,18:30:00,1
JJIU6S,2,C:USDJPY,2022-05-31 10:45:00+00:00,2022-05-31 10:45,128.0274011,2022-06-01 01:15:00+00:00,2022-06-01 01:15,129,1,1,0.97259895,10:45,01:15,14:30:00,1
REKFFQ,2,C:USDJPY,2022-05-31 11:00:00+00:00,2022-05-31 11:00,128.0054,2022-06-01 01:15:00+00:00,2022-06-01 01:15,129,1,1,0.99460005,11:00,01:15,14:15:00,1
9V32VE,2,C:USDJPY,2022-05-31 11:05:00+00:00,2022-05-31 11:05,128.065403,2022-06-01 01:15:00+00:00,2022-06-01 01:15,129,1,1,0.93459705,11:05,01:15,14:10:00,1
89PM3F,2,C:USDJPY,2022-05-31 11:15:00+00:00,2022-05-31 11:15,128.0504022,2022-06-01 01:15:00+00:00,2022-06-01 01:15,129,1,1,0.9495978,11:15,01:15,14:00:00,1
328M6Z,2,C:USDJPY,2022-06-01 01:15:00+00:00,2022-06-01 01:15,129.0434519,2022-06-01 15:05:00+00:00,2022-06-01 15:05,130,1,1,0.95654815,01:15,15:05,13:50:00,1
71CF9C,2,C:USDJPY,2022-06-01 03:05:00+00:00,2022-06-01 03:05,128.9775508,2022-06-01 15:05:00+00:00,2022-06-01 15:05,130,-1,1,-1.0224492,03:05,15:05,12:00:00,-1
IWSJQP,2,C:USDJPY,2022-06-01 03:10:00+00:00,2022-06-01 03:10,129.0094502,2022-06-01 15:05:00+00:00,2022-06-01 15:05,130,1,1,0.99054985,03:10,15:05,11:55:00,1
QJVH73,2,C:USDJPY,2022-06-01 15:40:00+00:00,2022-06-01 15:40,130.0395017,2022-06-06 14:05:00+00:00,2022-06-06 14:05,131,1,1,0.96049835,15:40,14:05,22:25:00,1
1S2GPJ,2,C:USDJPY,2022-06-01 16:10:00+00:00,2022-06-01 16:10,129.9645015,2022-06-06 14:05:00+00:00,2022-06-06 14:05,131,-1,1,-1.03549855,16:10,14:05,21:55:00,-1
7VJBNC,2,C:USDJPY,2022-06-02 00:25:00+00:00,2022-06-02 00:25,129.9555019,2022-06-06 14:05:00+00:00,2022-06-06 14:05,131,-1,1,-1.0444981,00:25,14:05,13:40:00,-1
3ON76X,2,C:USDJPY,2022-06-02 00:50:00+00:00,2022-06-02 00:50,130.0415018,2022-06-06 14:05:00+00:00,2022-06-06 14:05,131,1,1,0.95849825,00:50,14:05,13:15:00,1
23AHDP,2,C:USDJPY,2022-06-02 01:55:00+00:00,2022-06-02 01:55,129.9875003,2022-06-06 14:05:00+00:00,2022-06-06 14:05,131,-1,1,-1.0124997,01:55,14:05,12:10:00,-1
AKN2MJ,2,C:USDJPY,2022-06-02 02:20:00+00:00,2022-06-02 02:20,130.0065,2022-06-06 14:05:00+00:00,2022-06-06 14:05,131,1,1,0.9935,02:20,14:05,11:45:00,1
4UB7JK,2,C:USDJPY,2022-06-02 02:30:00+00:00,2022-06-02 02:30,130.0805037,2022-06-06 14:05:00+00:00,2022-06-06 14:05,131,1,1,0.9194963,02:30,14:05,11:35:00,1
7JCOJC,2,C:USDJPY,2022-06-02 05:15:00+00:00,2022-06-02 05:15,129.9695012,2022-06-06 14:05:00+00:00,2022-06-06 14:05,131,-1,1,-1.0304988,05:15,14:05,08:50:00,-1
SUEV4G,2,C:USDJPY,2022-06-02 05:20:00+00:00,2022-06-02 05:20,130.0215008,2022-06-06 14:05:00+00:00,2022-06-06 14:05,131,1,1,0.97849925,05:20,14:05,08:45:00,1
NYKIEU,2,C:USDJPY,2022-06-02 06:00:00+00:00,2022-06-02 06:00,129.954502,2022-06-06 14:05:00+00:00,2022-06-06 14:05,131,-1,1,-1.04549805,06:00,14:05,08:05:00,-1
Z18I0L,2,C:USDJPY,2022-06-03 07:00:00+00:00,2022-06-03 07:00,130.0095002,2022-06-06 14:05:00+00:00,2022-06-06 14:05,131,1,1,0.99049985,07:00,14:05,07:05:00,1
1WCA8C,2,C:USDJPY,2022-06-03 07:05:00+00:00,2022-06-03 07:05,129.9905002,2022-06-06 14:05:00+00:00,2022-06-06 14:05,131,-1,1,-1.00949985,07:05,14:05,07:00:00,-1
T4ORLW,2,C:USDJPY,2022-06-03 09:05:00+00:00,2022-06-03 09:05,130.0095002,2022-06-06 14:05:00+00:00,2022-06-06 14:05,131,1,1,0.99049985,09:05,14:05,05:00:00,1
0OLM2Y,2,C:USDJPY,2022-06-06 14:05:00+00:00,2022-06-06 14:05,131.0545524,2022-06-06 18:55:00+00:00,2022-06-06 18:55,132,1,1,0.9454476,14:05,18:55,04:50:00,1
D9E2HE,2,C:USDJPY,2022-06-06 19:00:00+00:00,2022-06-06 19:00,131.9424026,2022-06-07 06:15:00+00:00,2022-06-07 06:15,133,-1,1,-1.05759745,19:00,06:15,11:15:00,-1
OX0E2U,2,C:USDJPY,2022-06-06 23:10:00+00:00,2022-06-06 23:10,131.9654014,2022-06-07 06:15:00+00:00,2022-06-07 06:15,133,-1,1,-1.0345986,23:10,06:15,07:05:00,-1
33KXS8,2,C:USDJPY,2022-06-06 18:55:00+00:00,2022-06-06 18:55,132.0096002,2022-06-08 00:55:00+00:00,2022-06-08 00:55,133,1,1,0.99039985,18:55,00:55,06:00:00,1
Q8XB4T,2,C:USDJPY,2022-06-06 23:05:00+00:00,2022-06-06 23:05,132.0086001,2022-06-08 00:55:00+00:00,2022-06-08 00:55,133,1,1,0.9913999,23:05,00:55,01:50:00,1
UDP7SM,2,C:USDJPY,2022-06-06 23:20:00+00:00,2022-06-06 23:20,132.1556075,2022-06-08 00:55:00+00:00,2022-06-08 00:55,133,1,1,0.84439255,23:20,00:55,01:35:00,1
5YR7AH,2,C:USDJPY,2022-06-08 01:25:00+00:00,2022-06-08 01:25,132.8883553,2022-06-08 10:35:00+00:00,2022-06-08 10:35,134,-1,1,-1.11164475,01:25,10:35,09:10:00,-1
IDKF10,2,C:USDJPY,2022-06-08 02:10:00+00:00,2022-06-08 02:10,132.9713511,2022-06-08 10:35:00+00:00,2022-06-08 10:35,134,-1,1,-1.0286489,02:10,10:35,08:25:00,-1
YNG1DC,2,C:USDJPY,2022-06-08 02:30:00+00:00,2022-06-08 02:30,132.9873503,2022-06-08 10:35:00+00:00,2022-06-08 10:35,134,-1,1,-1.0126497,02:30,10:35,08:05:00,-1
W88S5P,2,C:USDJPY,2022-06-08 03:00:00+00:00,2022-06-08 03:00,132.9693512,2022-06-08 10:35:00+00:00,2022-06-08 10:35,134,-1,1,-1.0306488,03:00,10:35,07:35:00,-1
EYOBAA,2,C:USDJPY,2022-06-08 03:15:00+00:00,2022-06-08 03:15,132.9363529,2022-06-08 10:35:00+00:00,2022-06-08 10:35,134,-1,1,-1.06364715,03:15,10:35,07:20:00,-1
NPR6Q8,2,C:USDJPY,2022-06-08 03:30:00+00:00,2022-06-08 03:30,132.9883503,2022-06-08 10:35:00+00:00,2022-06-08 10:35,134,-1,1,-1.01164975,03:30,10:35,07:05:00,-1
JL8X7D,2,C:USDJPY,2022-06-08 00:55:00+00:00,2022-06-08 00:55,133.0756535,2022-06-08 10:45:00+00:00,2022-06-08 10:45,134,1,1,0.92434655,00:55,10:45,09:50:00,1
JSXKQL,2,C:USDJPY,2022-06-08 01:20:00+00:00,2022-06-08 01:20,133.0826538,2022-06-08 10:45:00+00:00,2022-06-08 10:45,134,1,1,0.9173462,01:20,10:45,09:25:00,1
YQ3CDO,2,C:USDJPY,2022-06-08 01:30:00+00:00,2022-06-08 01:30,133.0276511,2022-06-08 10:45:00+00:00,2022-06-08 10:45,134,1,1,0.97234895,01:30,10:45,09:15:00,1
XDZI3A,2,C:USDJPY,2022-06-08 02:15:00+00:00,2022-06-08 02:15,133.0416518,2022-06-08 10:45:00+00:00,2022-06-08 10:45,134,1,1,0.95834825,02:15,10:45,08:30:00,1
L2XN7P,2,C:USDJPY,2022-06-08 02:55:00+00:00,2022-06-08 02:55,133.0246509,2022-06-08 10:45:00+00:00,2022-06-08 10:45,134,1,1,0.9753491,02:55,10:45,07:50:00,1
UBO2M2,2,C:USDJPY,2022-06-08 03:05:00+00:00,2022-06-08 03:05,133.0436519,2022-06-08 10:45:00+00:00,2022-06-08 10:45,134,1,1,0.95634815,03:05,10:45,07:40:00,1
ZLRW7C,2,C:USDJPY,2022-06-08 03:25:00+00:00,2022-06-08 03:25,133.025651,2022-06-08 10:45:00+00:00,2022-06-08 10:45,134,1,1,0.97434905,03:25,10:45,07:20:00,1
G4MHSL,2,C:USDJPY,2022-06-08 03:35:00+00:00,2022-06-08 03:35,133.0286511,2022-06-08 10:45:00+00:00,2022-06-08 10:45,134,1,1,0.9713489,03:35,10:45,07:10:00,1
RJKNG9,2,C:USDJPY,2022-06-08 10:55:00+00:00,2022-06-08 10:55,133.9952999,2022-06-13 00:55:00+00:00,2022-06-13 00:55,135,-1,1,-1.0047001,10:55,00:55,14:00:00,-1
Z30B0H,2,C:USDJPY,2022-06-08 11:00:00+00:00,2022-06-08 11:00,133.9353029,2022-06-13 00:55:00+00:00,2022-06-13 00:55,135,-1,1,-1.0646971,11:00,00:55,13:55:00,-1
F6TLR5,2,C:USDJPY,2022-06-08 11:40:00+00:00,2022-06-08 11:40,133.9883003,2022-06-13 00:55:00+00:00,2022-06-13 00:55,135,-1,1,-1.01169975,11:40,00:55,13:15:00,-1
2HBAQF,2,C:USDJPY,2022-06-08 11:55:00+00:00,2022-06-08 11:55,133.9773008,2022-06-13 00:55:00+00:00,2022-06-13 00:55,135,-1,1,-1.0226992,11:55,00:55,13:00:00,-1
9GNXQ8,2,C:USDJPY,2022-06-08 12:15:00+00:00,2022-06-08 12:15,133.9793007,2022-06-13 00:55:00+00:00,2022-06-13 00:55,135,-1,1,-1.0206993,12:15,00:55,12:40:00,-1
B64RII,2,C:USDJPY,2022-06-08 14:15:00+00:00,2022-06-08 14:15,133.8243085,2022-06-13 00:55:00+00:00,2022-06-13 00:55,135,-1,1,-1.17569155,14:15,00:55,10:40:00,-1
P9DNGO,2,C:USDJPY,2022-06-08 16:20:00+00:00,2022-06-08 16:20,133.9873003,2022-06-13 00:55:00+00:00,2022-06-13 00:55,135,-1,1,-1.0126997,16:20,00:55,08:35:00,-1
7Q3N2D,2,C:USDJPY,2022-06-08 17:30:00+00:00,2022-06-08 17:30,133.9713011,2022-06-13 00:55:00+00:00,2022-06-13 00:55,135,-1,1,-1.0286989,17:30,00:55,07:25:00,-1
CJQP2V,2,C:USDJPY,2022-06-09 03:45:00+00:00,2022-06-09 03:45,133.9183038,2022-06-13 00:55:00+00:00,2022-06-13 00:55,135,-1,1,-1.08169625,03:45,00:55,21:10:00,-1
260EYW,2,C:USDJPY,2022-06-09 05:15:00+00:00,2022-06-09 05:15,133.9373028,2022-06-13 00:55:00+00:00,2022-06-13 00:55,135,-1,1,-1.0626972,05:15,00:55,19:40:00,-1
SDATDE,2,C:USDJPY,2022-06-09 05:30:00+00:00,2022-06-09 05:30,133.834308,2022-06-13 00:55:00+00:00,2022-06-13 00:55,135,-1,1,-1.16569205,05:30,00:55,19:25:00,-1
SOC38T,2,C:USDJPY,2022-06-09 13:25:00+00:00,2022-06-09 13:25,133.913304,2022-06-13 00:55:00+00:00,2022-06-13 00:55,135,-1,1,-1.086696,13:25,00:55,11:30:00,-1
JX9I5T,2,C:USDJPY,2022-06-09 14:25:00+00:00,2022-06-09 14:25,133.8853054,2022-06-13 00:55:00+00:00,2022-06-13 00:55,135,-1,1,-1.1146946,14:25,00:55,10:30:00,-1
3FPL8R,2,C:USDJPY,2022-06-09 15:40:00+00:00,2022-06-09 15:40,133.9463024,2022-06-13 00:55:00+00:00,2022-06-13 00:55,135,-1,1,-1.05369765,15:40,00:55,09:15:00,-1
61G4T6,2,C:USDJPY,2022-06-10 02:25:00+00:00,2022-06-10 02:25,133.973301,2022-06-13 00:55:00+00:00,2022-06-13 00:55,135,-1,1,-1.026699,02:25,00:55,22:30:00,-1
ALM8JV,2,C:USDJPY,2022-06-10 02:40:00+00:00,2022-06-10 02:40,133.9723011,2022-06-13 00:55:00+00:00,2022-06-13 00:55,135,-1,1,-1.02769895,02:40,00:55,22:15:00,-1
NYLJTT,2,C:USDJPY,2022-06-10 05:00:00+00:00,2022-06-10 05:00,133.9433025,2022-06-13 00:55:00+00:00,2022-06-13 00:55,135,-1,1,-1.0566975,05:00,00:55,19:55:00,-1
X8G3Y8,2,C:USDJPY,2022-06-10 12:35:00+00:00,2022-06-10 12:35,133.8643065,2022-06-13 00:55:00+00:00,2022-06-13 00:55,135,-1,1,-1.13569355,12:35,00:55,12:20:00,-1
PXGDBP,2,C:USDJPY,2022-06-08 10:45:00+00:00,2022-06-08 10:45,134.0337014,2022-06-13 04:05:00+00:00,2022-06-13 04:05,135,1,1,0.96629865,10:45,04:05,17:20:00,1
AME8Q7,2,C:USDJPY,2022-06-08 11:35:00+00:00,2022-06-08 11:35,134.0777036,2022-06-13 04:05:00+00:00,2022-06-13 04:05,135,1,1,0.92229645,11:35,04:05,16:30:00,1
L8FNKQ,2,C:USDJPY,2022-06-08 11:45:00+00:00,2022-06-08 11:45,134.0547024,2022-06-13 04:05:00+00:00,2022-06-13 04:05,135,1,1,0.9452976,11:45,04:05,16:20:00,1
8BXKES,2,C:USDJPY,2022-06-08 12:10:00+00:00,2022-06-08 12:10,134.0297012,2022-06-13 04:05:00+00:00,2022-06-13 04:05,135,1,1,0.97029885,12:10,04:05,15:55:00,1
ECAIO4,2,C:USDJPY,2022-06-08 12:20:00+00:00,2022-06-08 12:20,134.2677131,2022-06-13 04:05:00+00:00,2022-06-13 04:05,135,1,1,0.73228695,12:20,04:05,15:45:00,1
FXVJQK,2,C:USDJPY,2022-06-08 15:55:00+00:00,2022-06-08 15:55,134.0567025,2022-06-13 04:05:00+00:00,2022-06-13 04:05,135,1,1,0.9432975,15:55,04:05,12:10:00,1
A0JUNB,2,C:USDJPY,2022-06-08 16:50:00+00:00,2022-06-08 16:50,134.0417018,2022-06-13 04:05:00+00:00,2022-06-13 04:05,135,1,1,0.95829825,16:50,04:05,11:15:00,1
32089U,2,C:USDJPY,2022-06-08 17:40:00+00:00,2022-06-08 17:40,134.0277011,2022-06-13 04:05:00+00:00,2022-06-13 04:05,135,1,1,0.97229895,17:40,04:05,10:25:00,1
2U4TR4,2,C:USDJPY,2022-06-09 04:00:00+00:00,2022-06-09 04:00,134.0157005,2022-06-13 04:05:00+00:00,2022-06-13 04:05,135,1,1,0.98429955,04:00,04:05,00:05:00,1
RRHOW3,2,C:USDJPY,2022-06-09 05:25:00+00:00,2022-06-09 05:25,134.0227008,2022-06-13 04:05:00+00:00,2022-06-13 04:05,135,1,1,0.9772992,05:25,04:05,22:40:00,1
D2ZRHE,2,C:USDJPY,2022-06-09 13:20:00+00:00,2022-06-09 13:20,134.0507022,2022-06-13 04:05:00+00:00,2022-06-13 04:05,135,1,1,0.9492978,13:20,04:05,14:45:00,1
PCNGTQ,2,C:USDJPY,2022-06-09 14:20:00+00:00,2022-06-09 14:20,134.0167005,2022-06-13 04:05:00+00:00,2022-06-13 04:05,135,1,1,0.9832995,14:20,04:05,13:45:00,1
YD88UI,2,C:USDJPY,2022-06-09 14:35:00+00:00,2022-06-09 14:35,134.0697032,2022-06-13 04:05:00+00:00,2022-06-13 04:05,135,1,1,0.93029685,14:35,04:05,13:30:00,1
NDDH6H,2,C:USDJPY,2022-06-09 15:45:00+00:00,2022-06-09 15:45,134.066703,2022-06-13 04:05:00+00:00,2022-06-13 04:05,135,1,1,0.933297,15:45,04:05,12:20:00,1
BGG0BA,2,C:USDJPY,2022-06-10 02:30:00+00:00,2022-06-10 02:30,134.0067,2022-06-13 04:05:00+00:00,2022-06-13 04:05,135,1,1,0.9933,02:30,04:05,01:35:00,1
3T4HZS,2,C:USDJPY,2022-06-10 02:45:00+00:00,2022-06-10 02:45,134.0217008,2022-06-13 04:05:00+00:00,2022-06-13 04:05,135,1,1,0.97829925,02:45,04:05,01:20:00,1
MT7RBZ,2,C:USDJPY,2022-06-10 12:30:00+00:00,2022-06-10 12:30,134.1927093,2022-06-13 04:05:00+00:00,2022-06-13 04:05,135,1,1,0.8072907,12:30,04:05,15:35:00,1
ZTCBBJ,2,C:USDJPY,2022-06-10 13:15:00+00:00,2022-06-10 13:15,134.1947094,2022-06-13 04:05:00+00:00,2022-06-13 04:05,135,1,1,0.8052906,13:15,04:05,14:50:00,1
0Q3T4G,2,C:USDJPY,2022-06-13 04:05:00+00:00,2022-06-13 04:05,135.0787536,2022-06-13 12:25:00+00:00,2022-06-13 12:25,134,1,1,-1.0787536,04:05,12:25,08:20:00,-1
WN0MNS,2,C:USDJPY,2022-06-13 04:15:00+00:00,2022-06-13 04:15,134.9802507,2022-06-13 12:25:00+00:00,2022-06-13 12:25,134,-1,1,0.98025065,04:15,12:25,08:10:00,1
ZBO9TY,2,C:USDJPY,2022-06-13 04:20:00+00:00,2022-06-13 04:20,135.0167505,2022-06-13 12:25:00+00:00,2022-06-13 12:25,134,1,1,-1.0167505,04:20,12:25,08:05:00,-1
XANLFT,2,C:USDJPY,2022-06-13 04:45:00+00:00,2022-06-13 04:45,134.9882503,2022-06-13 12:25:00+00:00,2022-06-13 12:25,134,-1,1,0.98825025,04:45,12:25,07:40:00,1
U9PZBM,2,C:USDJPY,2022-06-13 04:50:00+00:00,2022-06-13 04:50,135.0097502,2022-06-13 12:25:00+00:00,2022-06-13 12:25,134,1,1,-1.00975015,04:50,12:25,07:35:00,-1
LN9PUI,2,C:USDJPY,2022-06-13 05:15:00+00:00,2022-06-13 05:15,134.8752559,2022-06-13 12:25:00+00:00,2022-06-13 12:25,134,-1,1,0.8752559,05:15,12:25,07:10:00,1
W9ZBJO,2,C:USDJPY,2022-06-13 12:25:00+00:00,2022-06-13 12:25,133.9753009,2022-06-14 16:15:00+00:00,2022-06-14 16:15,135,-1,1,-1.0246991,12:25,16:15,03:50:00,-1
H073XX,2,C:USDJPY,2022-06-13 13:00:00+00:00,2022-06-13 13:00,133.9393027,2022-06-14 16:15:00+00:00,2022-06-14 16:15,135,-1,1,-1.0606973,13:00,16:15,03:15:00,-1
DV2BD6,2,C:USDJPY,2022-06-13 13:25:00+00:00,2022-06-13 13:25,133.9183038,2022-06-14 16:15:00+00:00,2022-06-14 16:15,135,-1,1,-1.08169625,13:25,16:15,02:50:00,-1
OKXMEI,2,C:USDJPY,2022-06-13 16:15:00+00:00,2022-06-13 16:15,133.954302,2022-06-14 16:15:00+00:00,2022-06-14 16:15,135,-1,1,-1.04569805,16:15,16:15,00:00:00,-1
2D81RF,2,C:USDJPY,2022-06-14 00:25:00+00:00,2022-06-14 00:25,133.9293032,2022-06-14 16:15:00+00:00,2022-06-14 16:15,135,-1,1,-1.0706968,00:25,16:15,15:50:00,-1
RPAF8D,2,C:USDJPY,2022-06-14 00:40:00+00:00,2022-06-14 00:40,133.9563019,2022-06-14 16:15:00+00:00,2022-06-14 16:15,135,-1,1,-1.04369815,00:40,16:15,15:35:00,-1
S6BR1U,2,C:USDJPY,2022-06-13 12:35:00+00:00,2022-06-13 12:35,134.086704,2022-06-14 17:00:00+00:00,2022-06-14 17:00,135,1,1,0.913296,12:35,17:00,04:25:00,1
B3IHVN,2,C:USDJPY,2022-06-13 15:10:00+00:00,2022-06-13 15:10,134.0247009,2022-06-14 17:00:00+00:00,2022-06-14 17:00,135,1,1,0.9752991,15:10,17:00,01:50:00,1
0HTO6X,2,C:USDJPY,2022-06-13 16:20:00+00:00,2022-06-13 16:20,134.0327013,2022-06-14 17:00:00+00:00,2022-06-14 17:00,135,1,1,0.9672987,16:20,17:00,00:40:00,1
I1BXRV,2,C:USDJPY,2022-06-14 00:35:00+00:00,2022-06-14 00:35,134.0647029,2022-06-14 17:00:00+00:00,2022-06-14 17:00,135,1,1,0.9352971,00:35,17:00,16:25:00,1
KFVS9W,2,C:USDJPY,2022-06-14 00:45:00+00:00,2022-06-14 00:45,134.026701,2022-06-14 17:00:00+00:00,2022-06-14 17:00,135,1,1,0.973299,00:45,17:00,16:15:00,1
NCF58P,2,C:USDJPY,2022-06-14 18:45:00+00:00,2022-06-14 18:45,135.0877541,2022-06-15 18:35:00+00:00,2022-06-15 18:35,134,1,1,-1.08775405,18:45,18:35,23:50:00,-1
J5D3IE,2,C:USDJPY,2022-06-15 00:50:00+00:00,2022-06-15 00:50,134.9602517,2022-06-15 18:35:00+00:00,2022-06-15 18:35,134,-1,1,0.96025165,00:50,18:35,17:45:00,1
9403FX,2,C:USDJPY,2022-06-15 00:55:00+00:00,2022-06-15 00:55,135.0307512,2022-06-15 18:35:00+00:00,2022-06-15 18:35,134,1,1,-1.0307512,00:55,18:35,17:40:00,-1
0XYNBV,2,C:USDJPY,2022-06-15 05:05:00+00:00,2022-06-15 05:05,134.9292532,2022-06-15 18:35:00+00:00,2022-06-15 18:35,134,-1,1,0.9292532,05:05,18:35,13:30:00,1
6532NV,2,C:USDJPY,2022-06-15 05:30:00+00:00,2022-06-15 05:30,135.0317513,2022-06-15 18:35:00+00:00,2022-06-15 18:35,134,1,1,-1.03175125,05:30,18:35,13:05:00,-1
0HVLFD,2,C:USDJPY,2022-06-15 05:45:00+00:00,2022-06-15 05:45,134.8852554,2022-06-15 18:35:00+00:00,2022-06-15 18:35,134,-1,1,0.8852554,05:45,18:35,12:50:00,1
E5PHCR,2,C:USDJPY,2022-06-15 18:40:00+00:00,2022-06-15 18:40,133.8603066,2022-06-16 09:15:00+00:00,2022-06-16 09:15,133,-1,1,0.86030665,18:40,09:15,14:35:00,1
89ATD5,2,C:USDJPY,2022-06-15 18:50:00+00:00,2022-06-15 18:50,134.2247109,2022-06-16 09:15:00+00:00,2022-06-16 09:15,133,1,1,-1.2247109,18:50,09:15,14:25:00,-1
M4X50F,2,C:USDJPY,2022-06-15 19:00:00+00:00,2022-06-15 19:00,133.9813006,2022-06-16 09:15:00+00:00,2022-06-16 09:15,133,-1,1,0.9813006,19:00,09:15,14:15:00,1
G50YQT,2,C:USDJPY,2022-06-15 22:05:00+00:00,2022-06-15 22:05,134.0347014,2022-06-16 09:15:00+00:00,2022-06-16 09:15,133,1,1,-1.0347014,22:05,09:15,11:10:00,-1
CI2CTI,2,C:USDJPY,2022-06-16 08:10:00+00:00,2022-06-16 08:10,133.9773008,2022-06-16 09:15:00+00:00,2022-06-16 09:15,133,-1,1,0.9773008,08:10,09:15,01:05:00,1
5VPG6I,2,C:USDJPY,2022-06-16 09:15:00+00:00,2022-06-16 09:15,132.8023596,2022-06-16 15:40:00+00:00,2022-06-16 15:40,132,-1,1,0.80235955,09:15,15:40,06:25:00,1
OFTMU2,2,C:USDJPY,2022-06-16 09:45:00+00:00,2022-06-16 09:45,133.025651,2022-06-16 15:40:00+00:00,2022-06-16 15:40,132,1,1,-1.02565095,09:45,15:40,05:55:00,-1
FG39Y4,2,C:USDJPY,2022-06-16 09:55:00+00:00,2022-06-16 09:55,132.8703562,2022-06-16 15:40:00+00:00,2022-06-16 15:40,132,-1,1,0.87035615,09:55,15:40,05:45:00,1
I594UZ,2,C:USDJPY,2022-06-16 10:00:00+00:00,2022-06-16 10:00,133.0116503,2022-06-16 15:40:00+00:00,2022-06-16 15:40,132,1,1,-1.01165025,10:00,15:40,05:40:00,-1
TFGP2H,2,C:USDJPY,2022-06-16 11:15:00+00:00,2022-06-16 11:15,132.754362,2022-06-16 15:40:00+00:00,2022-06-16 15:40,132,-1,1,0.75436195,11:15,15:40,04:25:00,1
OOGO05,2,C:USDJPY,2022-06-16 15:40:00+00:00,2022-06-16 15:40,131.8674063,2022-06-17 00:50:00+00:00,2022-06-17 00:50,133,-1,1,-1.1325937,15:40,00:50,09:10:00,-1
FBC2CE,2,C:USDJPY,2022-06-16 16:15:00+00:00,2022-06-16 16:15,132.0276011,2022-06-17 00:50:00+00:00,2022-06-17 00:50,133,1,1,0.97239895,16:15,00:50,08:35:00,1
HM7V6T,2,C:USDJPY,2022-06-16 16:20:00+00:00,2022-06-16 16:20,131.9844005,2022-06-17 00:50:00+00:00,2022-06-17 00:50,133,-1,1,-1.01559955,16:20,00:50,08:30:00,-1
25HRST,2,C:USDJPY,2022-06-16 17:20:00+00:00,2022-06-16 17:20,132.0386016,2022-06-17 00:50:00+00:00,2022-06-17 00:50,133,1,1,0.9613984,17:20,00:50,07:30:00,1
AORRHO,2,C:USDJPY,2022-06-16 17:45:00+00:00,2022-06-16 17:45,131.9444024,2022-06-17 00:50:00+00:00,2022-06-17 00:50,133,-1,1,-1.05559755,17:45,00:50,07:05:00,-1
3VYMUS,2,C:USDJPY,2022-06-16 17:55:00+00:00,2022-06-16 17:55,132.0186006,2022-06-17 00:50:00+00:00,2022-06-17 00:50,133,1,1,0.9813994,17:55,00:50,06:55:00,1
SXZATD,2,C:USDJPY,2022-06-16 18:55:00+00:00,2022-06-16 18:55,131.9884003,2022-06-17 00:50:00+00:00,2022-06-17 00:50,133,-1,1,-1.01159975,18:55,00:50,05:55:00,-1
FIAS5S,2,C:USDJPY,2022-06-16 19:50:00+00:00,2022-06-16 19:50,132.0346014,2022-06-17 00:50:00+00:00,2022-06-17 00:50,133,1,1,0.9653986,19:50,00:50,05:00:00,1
Z5SBJA,2,C:USDJPY,2022-06-17 00:50:00+00:00,2022-06-17 00:50,133.1636579,2022-06-17 02:40:00+00:00,2022-06-17 02:40,134,1,1,0.83634215,00:50,02:40,01:50:00,1
GX7X16,2,C:USDJPY,2022-06-17 02:40:00+00:00,2022-06-17 02:40,134.3407167,2022-06-17 02:55:00+00:00,2022-06-17 02:55,133,1,1,-1.3407167,02:40,02:55,00:15:00,-1
TLQEC3,2,C:USDJPY,2022-06-17 02:55:00+00:00,2022-06-17 02:55,133.6893152,2022-06-17 14:10:00+00:00,2022-06-17 14:10,135,-1,1,-1.3106848,02:55,14:10,11:15:00,-1
EY3WUA,2,C:USDJPY,2022-06-17 03:35:00+00:00,2022-06-17 03:35,134.1047049,2022-06-17 14:10:00+00:00,2022-06-17 14:10,135,1,1,0.8952951,03:35,14:10,10:35:00,1
GPCSIQ,2,C:USDJPY,2022-06-17 04:10:00+00:00,2022-06-17 04:10,133.9743009,2022-06-17 14:10:00+00:00,2022-06-17 14:10,135,-1,1,-1.02569905,04:10,14:10,10:00:00,-1
CELE31,2,C:USDJPY,2022-06-17 04:20:00+00:00,2022-06-17 04:20,134.1447069,2022-06-17 14:10:00+00:00,2022-06-17 14:10,135,1,1,0.8552931,04:20,14:10,09:50:00,1
RE34N0,2,C:USDJPY,2022-06-17 04:30:00+00:00,2022-06-17 04:30,133.954302,2022-06-17 14:10:00+00:00,2022-06-17 14:10,135,-1,1,-1.04569805,04:30,14:10,09:40:00,-1
4KL947,2,C:USDJPY,2022-06-17 04:35:00+00:00,2022-06-17 04:35,134.0347014,2022-06-17 14:10:00+00:00,2022-06-17 14:10,135,1,1,0.9652986,04:35,14:10,09:35:00,1
0K3Z8E,2,C:USDJPY,2022-06-17 04:40:00+00:00,2022-06-17 04:40,133.9303032,2022-06-17 14:10:00+00:00,2022-06-17 14:10,135,-1,1,-1.06969685,04:40,14:10,09:30:00,-1
DY7T0G,2,C:USDJPY,2022-06-17 05:40:00+00:00,2022-06-17 05:40,134.0077001,2022-06-17 14:10:00+00:00,2022-06-17 14:10,135,1,1,0.99229995,05:40,14:10,08:30:00,1
YUGG6K,2,C:USDJPY,2022-06-17 06:05:00+00:00,2022-06-17 06:05,133.9883003,2022-06-17 14:10:00+00:00,2022-06-17 14:10,135,-1,1,-1.01169975,06:05,14:10,08:05:00,-1
XYDHO9,2,C:USDJPY,2022-06-17 06:20:00+00:00,2022-06-17 06:20,134.0407017,2022-06-17 14:10:00+00:00,2022-06-17 14:10,135,1,1,0.9592983,06:20,14:10,07:50:00,1
GWTMG4,2,C:USDJPY,2022-06-17 06:35:00+00:00,2022-06-17 06:35,133.8793057,2022-06-17 14:10:00+00:00,2022-06-17 14:10,135,-1,1,-1.1206943,06:35,14:10,07:35:00,-1
K5QSPX,2,C:USDJPY,2022-06-17 06:40:00+00:00,2022-06-17 06:40,134.0517023,2022-06-17 14:10:00+00:00,2022-06-17 14:10,135,1,1,0.94829775,06:40,14:10,07:30:00,1
2Z8TWI,2,C:USDJPY,2022-06-17 14:10:00+00:00,2022-06-17 14:10,135.0547524,2022-06-21 11:35:00+00:00,2022-06-21 11:35,136,1,1,0.9452476,14:10,11:35,21:25:00,1
D0B89W,2,C:USDJPY,2022-06-17 15:35:00+00:00,2022-06-17 15:35,134.9812506,2022-06-21 11:35:00+00:00,2022-06-21 11:35,136,-1,1,-1.0187494,15:35,11:35,20:00:00,-1
KKO5SP,2,C:USDJPY,2022-06-17 17:05:00+00:00,2022-06-17 17:05,134.974251,2022-06-21 11:35:00+00:00,2022-06-21 11:35,136,-1,1,-1.02574905,17:05,11:35,18:30:00,-1
A845SA,2,C:USDJPY,2022-06-17 17:10:00+00:00,2022-06-17 17:10,135.0697532,2022-06-21 11:35:00+00:00,2022-06-21 11:35,136,1,1,0.93024685,17:10,11:35,18:25:00,1
6BTFCM,2,C:USDJPY,2022-06-17 17:25:00+00:00,2022-06-17 17:25,134.9782508,2022-06-21 11:35:00+00:00,2022-06-21 11:35,136,-1,1,-1.02174925,17:25,11:35,18:10:00,-1
MZWRWW,2,C:USDJPY,2022-06-17 19:20:00+00:00,2022-06-17 19:20,135.0127503,2022-06-21 11:35:00+00:00,2022-06-21 11:35,136,1,1,0.9872497,19:20,11:35,16:15:00,1
S65CYI,2,C:USDJPY,2022-06-17 19:30:00+00:00,2022-06-17 19:30,134.9762509,2022-06-21 11:35:00+00:00,2022-06-21 11:35,136,-1,1,-1.02374915,19:30,11:35,16:05:00,-1
AZ7OLH,2,C:USDJPY,2022-06-17 20:05:00+00:00,2022-06-17 20:05,134.9782508,2022-06-21 11:35:00+00:00,2022-06-21 11:35,136,-1,1,-1.02174925,20:05,11:35,15:30:00,-1
25AEB3,2,C:USDJPY,2022-06-19 22:00:00+00:00,2022-06-19 22:00,135.1607577,2022-06-21 11:35:00+00:00,2022-06-21 11:35,136,1,1,0.8392423,22:00,11:35,13:35:00,1
SF6JPT,2,C:USDJPY,2022-06-20 05:55:00+00:00,2022-06-20 05:55,135.0697532,2022-06-21 11:35:00+00:00,2022-06-21 11:35,136,1,1,0.93024685,05:55,11:35,05:40:00,1
OU49MD,2,C:USDJPY,2022-06-20 06:00:00+00:00,2022-06-20 06:00,134.9882503,2022-06-21 11:35:00+00:00,2022-06-21 11:35,136,-1,1,-1.01174975,06:00,11:35,05:35:00,-1
5LOG24,2,C:USDJPY,2022-06-20 13:05:00+00:00,2022-06-20 13:05,135.125756,2022-06-21 11:35:00+00:00,2022-06-21 11:35,136,1,1,0.87424405,13:05,11:35,22:30:00,1
DXF51T,2,C:USDJPY,2022-06-20 13:20:00+00:00,2022-06-20 13:20,134.9652514,2022-06-21 11:35:00+00:00,2022-06-21 11:35,136,-1,1,-1.0347486,13:20,11:35,22:15:00,-1
A53NMR,2,C:USDJPY,2022-06-20 13:25:00+00:00,2022-06-20 13:25,135.0527523,2022-06-21 11:35:00+00:00,2022-06-21 11:35,136,1,1,0.9472477,13:25,11:35,22:10:00,1
WYAINR,2,C:USDJPY,2022-06-20 14:50:00+00:00,2022-06-20 14:50,134.9412526,2022-06-21 11:35:00+00:00,2022-06-21 11:35,136,-1,1,-1.0587474,14:50,11:35,20:45:00,-1
3U6BKK,2,C:USDJPY,2022-06-20 15:00:00+00:00,2022-06-20 15:00,135.0377516,2022-06-21 11:35:00+00:00,2022-06-21 11:35,136,1,1,0.96224845,15:00,11:35,20:35:00,1
Y9ZO4C,2,C:USDJPY,2022-06-20 15:15:00+00:00,2022-06-20 15:15,134.9762509,2022-06-21 11:35:00+00:00,2022-06-21 11:35,136,-1,1,-1.02374915,15:15,11:35,20:20:00,-1
UK5OUP,2,C:USDJPY,2022-06-20 15:20:00+00:00,2022-06-20 15:20,135.026751,2022-06-21 11:35:00+00:00,2022-06-21 11:35,136,1,1,0.973249,15:20,11:35,20:15:00,1
Y3PFHY,2,C:USDJPY,2022-06-20 15:30:00+00:00,2022-06-20 15:30,134.9902502,2022-06-21 11:35:00+00:00,2022-06-21 11:35,136,-1,1,-1.00974985,15:30,11:35,20:05:00,-1
F82735,2,C:USDJPY,2022-06-20 15:35:00+00:00,2022-06-20 15:35,135.0217508,2022-06-21 11:35:00+00:00,2022-06-21 11:35,136,1,1,0.97824925,15:35,11:35,20:00:00,1
5W195L,2,C:USDJPY,2022-06-20 15:45:00+00:00,2022-06-20 15:45,134.9862504,2022-06-21 11:35:00+00:00,2022-06-21 11:35,136,-1,1,-1.01374965,15:45,11:35,19:50:00,-1
SGTBKC,2,C:USDJPY,2022-06-20 15:55:00+00:00,2022-06-20 15:55,135.0147504,2022-06-21 11:35:00+00:00,2022-06-21 11:35,136,1,1,0.9852496,15:55,11:35,19:40:00,1
V7YOBD,2,C:USDJPY,2022-06-20 21:05:00+00:00,2022-06-20 21:05,135.0567525,2022-06-21 11:35:00+00:00,2022-06-21 11:35,136,1,1,0.9432475,21:05,11:35,14:30:00,1
FHNJTC,2,C:USDJPY,2022-06-21 00:30:00+00:00,2022-06-21 00:30,134.9792507,2022-06-21 11:35:00+00:00,2022-06-21 11:35,136,-1,1,-1.0207493,00:30,11:35,11:05:00,-1
LXITRS,2,C:USDJPY,2022-06-21 00:35:00+00:00,2022-06-21 00:35,135.0207507,2022-06-21 11:35:00+00:00,2022-06-21 11:35,136,1,1,0.9792493,00:35,11:35,11:00:00,1
ASO2LS,2,C:USDJPY,2022-06-21 00:40:00+00:00,2022-06-21 00:40,134.9682513,2022-06-21 11:35:00+00:00,2022-06-21 11:35,136,-1,1,-1.03174875,00:40,11:35,10:55:00,-1
U7GRMB,2,C:USDJPY,2022-06-21 00:45:00+00:00,2022-06-21 00:45,135.0117503,2022-06-21 11:35:00+00:00,2022-06-21 11:35,136,1,1,0.98824975,00:45,11:35,10:50:00,1
LB6NWM,2,C:USDJPY,2022-06-21 03:00:00+00:00,2022-06-21 03:00,134.9872503,2022-06-21 11:35:00+00:00,2022-06-21 11:35,136,-1,1,-1.0127497,03:00,11:35,08:35:00,-1
OA8651,2,C:USDJPY,2022-06-21 03:05:00+00:00,2022-06-21 03:05,135.0247509,2022-06-21 11:35:00+00:00,2022-06-21 11:35,136,1,1,0.9752491,03:05,11:35,08:30:00,1
A9IQLK,2,C:USDJPY,2022-06-21 03:15:00+00:00,2022-06-21 03:15,134.9872503,2022-06-21 11:35:00+00:00,2022-06-21 11:35,136,-1,1,-1.0127497,03:15,11:35,08:20:00,-1
TKQLCS,2,C:USDJPY,2022-06-21 03:20:00+00:00,2022-06-21 03:20,135.0247509,2022-06-21 11:35:00+00:00,2022-06-21 11:35,136,1,1,0.9752491,03:20,11:35,08:15:00,1
MJKJR8,2,C:USDJPY,2022-06-21 03:50:00+00:00,2022-06-21 03:50,134.9772508,2022-06-21 11:35:00+00:00,2022-06-21 11:35,136,-1,1,-1.0227492,03:50,11:35,07:45:00,-1
8ZPC17,2,C:USDJPY,2022-06-21 04:00:00+00:00,2022-06-21 04:00,135.0127503,2022-06-21 11:35:00+00:00,2022-06-21 11:35,136,1,1,0.9872497,04:00,11:35,07:35:00,1
6R9F6W,2,C:USDJPY,2022-06-21 11:45:00+00:00,2022-06-21 11:45,136.0838039,2022-06-23 12:30:00+00:00,2022-06-23 12:30,135,1,1,-1.08380385,11:45,12:30,00:45:00,-1
FMANRT,2,C:USDJPY,2022-06-21 12:30:00+00:00,2022-06-21 12:30,135.9802007,2022-06-23 12:30:00+00:00,2022-06-23 12:30,135,-1,1,0.98020065,12:30,12:30,00:00:00,1
91UL06,2,C:USDJPY,2022-06-21 12:35:00+00:00,2022-06-21 12:35,136.0968045,2022-06-23 12:30:00+00:00,2022-06-23 12:30,135,1,1,-1.0968045,12:35,12:30,23:55:00,-1
ESXLHK,2,C:USDJPY,2022-06-22 09:45:00+00:00,2022-06-22 09:45,135.8852054,2022-06-23 12:30:00+00:00,2022-06-23 12:30,135,-1,1,0.8852054,09:45,12:30,02:45:00,1
3Z1LUN,2,C:USDJPY,2022-06-22 10:05:00+00:00,2022-06-22 10:05,136.0958045,2022-06-23 12:30:00+00:00,2022-06-23 12:30,135,1,1,-1.09580445,10:05,12:30,02:25:00,-1
VW7JDQ,2,C:USDJPY,2022-06-22 11:10:00+00:00,2022-06-22 11:10,135.8952049,2022-06-23 12:30:00+00:00,2022-06-23 12:30,135,-1,1,0.8952049,11:10,12:30,01:20:00,1
5FGT9X,2,C:USDJPY,2022-06-22 11:15:00+00:00,2022-06-22 11:15,135.9687981,2022-06-23 12:30:00+00:00,2022-06-23 12:30,135,1,1,-0.9687981,11:15,12:30,01:15:00,-1
ZDAIJY,2,C:USDJPY,2022-06-22 11:20:00+00:00,2022-06-22 11:20,136.0788036,2022-06-23 12:30:00+00:00,2022-06-23 12:30,135,1,1,-1.0788036,11:20,12:30,01:10:00,-1
04ORIE,2,C:USDJPY,2022-06-22 12:20:00+00:00,2022-06-22 12:20,135.9832005,2022-06-23 12:30:00+00:00,2022-06-23 12:30,135,-1,1,0.9832005,12:20,12:30,00:10:00,1
3VXWSZ,2,C:USDJPY,2022-06-22 12:30:00+00:00,2022-06-22 12:30,136.0248009,2022-06-23 12:30:00+00:00,2022-06-23 12:30,135,1,1,-1.0248009,12:30,12:30,00:00:00,-1
SCMGXP,2,C:USDJPY,2022-06-22 12:35:00+00:00,2022-06-22 12:35,135.873206,2022-06-23 12:30:00+00:00,2022-06-23 12:30,135,-1,1,0.873206,12:35,12:30,23:55:00,1
KLMIV6,2,C:USDJPY,2022-06-22 13:20:00+00:00,2022-06-22 13:20,136.0708032,2022-06-23 12:30:00+00:00,2022-06-23 12:30,135,1,1,-1.0708032,13:20,12:30,23:10:00,-1
BIULIZ,2,C:USDJPY,2022-06-22 13:35:00+00:00,2022-06-22 13:35,135.934203,2022-06-23 12:30:00+00:00,2022-06-23 12:30,135,-1,1,0.93420295,13:35,12:30,22:55:00,1
X4QUPS,2,C:USDJPY,2022-06-22 14:30:00+00:00,2022-06-22 14:30,136.086804,2022-06-23 12:30:00+00:00,2022-06-23 12:30,135,1,1,-1.086804,14:30,12:30,22:00:00,-1
JNSB3G,2,C:USDJPY,2022-06-22 14:40:00+00:00,2022-06-22 14:40,135.8902051,2022-06-23 12:30:00+00:00,2022-06-23 12:30,135,-1,1,0.89020515,14:40,12:30,21:50:00,1
BE2IRJ,2,C:USDJPY,2022-06-22 15:50:00+00:00,2022-06-22 15:50,136.0308012,2022-06-23 12:30:00+00:00,2022-06-23 12:30,135,1,1,-1.0308012,15:50,12:30,20:40:00,-1
4IWHN4,2,C:USDJPY,2022-06-22 23:20:00+00:00,2022-06-22 23:20,135.9782008,2022-06-23 12:30:00+00:00,2022-06-23 12:30,135,-1,1,0.97820075,23:20,12:30,13:10:00,1
3YDTH9,2,C:USDJPY,2022-06-22 23:50:00+00:00,2022-06-22 23:50,135.9767985,2022-06-23 12:30:00+00:00,2022-06-23 12:30,135,1,1,-0.9767985,23:50,12:30,12:40:00,-1
IMHROM,2,C:USDJPY,2022-06-23 00:00:00+00:00,2022-06-23 00:00,136.0638029,2022-06-23 12:30:00+00:00,2022-06-23 12:30,135,1,1,-1.06380285,00:00,12:30,12:30:00,-1
QLKIEX,2,C:USDJPY,2022-06-23 01:05:00+00:00,2022-06-23 01:05,135.9202037,2022-06-23 12:30:00+00:00,2022-06-23 12:30,135,-1,1,0.92020365,01:05,12:30,11:25:00,1
T7K8BM,2,C:USDJPY,2022-06-23 12:55:00+00:00,2022-06-23 12:55,134.953252,2022-06-28 10:15:00+00:00,2022-06-28 10:15,136,-1,1,-1.046748,12:55,10:15,21:20:00,-1
LDN3DF,2,C:USDJPY,2022-06-24 01:10:00+00:00,2022-06-24 01:10,134.973251,2022-06-28 10:15:00+00:00,2022-06-28 10:15,136,-1,1,-1.026749,01:10,10:15,09:05:00,-1
6689F2,2,C:USDJPY,2022-06-24 09:45:00+00:00,2022-06-24 09:45,134.9712511,2022-06-28 10:15:00+00:00,2022-06-28 10:15,136,-1,1,-1.0287489,09:45,10:15,00:30:00,-1
1LBSSZ,2,C:USDJPY,2022-06-24 13:50:00+00:00,2022-06-24 13:50,134.9702512,2022-06-28 10:15:00+00:00,2022-06-28 10:15,136,-1,1,-1.02974885,13:50,10:15,20:25:00,-1
8EP8DY,2,C:USDJPY,2022-06-24 14:00:00+00:00,2022-06-24 14:00,134.8782558,2022-06-28 10:15:00+00:00,2022-06-28 10:15,136,-1,1,-1.12174425,14:00,10:15,20:15:00,-1
AI68SJ,2,C:USDJPY,2022-06-27 00:05:00+00:00,2022-06-27 00:05,134.9822506,2022-06-28 10:15:00+00:00,2022-06-28 10:15,136,-1,1,-1.01774945,00:05,10:15,10:10:00,-1
67QE55,2,C:USDJPY,2022-06-27 00:20:00+00:00,2022-06-27 00:20,134.973251,2022-06-28 10:15:00+00:00,2022-06-28 10:15,136,-1,1,-1.026749,00:20,10:15,09:55:00,-1
1WJ1O0,2,C:USDJPY,2022-06-27 07:35:00+00:00,2022-06-27 07:35,134.9812506,2022-06-28 10:15:00+00:00,2022-06-28 10:15,136,-1,1,-1.0187494,07:35,10:15,02:40:00,-1
WE40IJ,2,C:USDJPY,2022-06-27 08:40:00+00:00,2022-06-27 08:40,134.9812506,2022-06-28 10:15:00+00:00,2022-06-28 10:15,136,-1,1,-1.0187494,08:40,10:15,01:35:00,-1
ZL7ABN,2,C:USDJPY,2022-06-24 00:15:00+00:00,2022-06-24 00:15,135.0807537,2022-06-28 10:30:00+00:00,2022-06-28 10:30,136,1,1,0.9192463,00:15,10:30,10:15:00,1
95ETNT,2,C:USDJPY,2022-06-24 09:30:00+00:00,2022-06-24 09:30,135.0177506,2022-06-28 10:30:00+00:00,2022-06-28 10:30,136,1,1,0.98224945,09:30,10:30,01:00:00,1
EN6MZG,2,C:USDJPY,2022-06-24 09:50:00+00:00,2022-06-24 09:50,135.065753,2022-06-28 10:30:00+00:00,2022-06-28 10:30,136,1,1,0.93424705,09:50,10:30,00:40:00,1
RW5N65,2,C:USDJPY,2022-06-24 13:55:00+00:00,2022-06-24 13:55,135.0967545,2022-06-28 10:30:00+00:00,2022-06-28 10:30,136,1,1,0.9032455,13:55,10:30,20:35:00,1
WQVPD1,2,C:USDJPY,2022-06-24 14:30:00+00:00,2022-06-24 14:30,135.0707532,2022-06-28 10:30:00+00:00,2022-06-28 10:30,136,1,1,0.9292468,14:30,10:30,20:00:00,1
ZALQJL,2,C:USDJPY,2022-06-27 00:10:00+00:00,2022-06-27 00:10,135.0557525,2022-06-28 10:30:00+00:00,2022-06-28 10:30,136,1,1,0.94424755,00:10,10:30,10:20:00,1
E2NA18,2,C:USDJPY,2022-06-27 06:15:00+00:00,2022-06-27 06:15,135.0447519,2022-06-28 10:30:00+00:00,2022-06-28 10:30,136,1,1,0.9552481,06:15,10:30,04:15:00,1
P6HVS9,2,C:USDJPY,2022-06-27 07:50:00+00:00,2022-06-27 07:50,135.0207507,2022-06-28 10:30:00+00:00,2022-06-28 10:30,136,1,1,0.9792493,07:50,10:30,02:40:00,1
ONKG4Q,2,C:USDJPY,2022-06-27 09:05:00+00:00,2022-06-27 09:05,135.0237509,2022-06-28 10:30:00+00:00,2022-06-28 10:30,136,1,1,0.97624915,09:05,10:30,01:25:00,1
ZXHQVM,2,C:USDJPY,2022-06-29 01:00:00+00:00,2022-06-29 01:00,135.9872003,2022-06-29 13:50:00+00:00,2022-06-29 13:50,137,-1,1,-1.0127997,01:00,13:50,12:50:00,-1
3FTR22,2,C:USDJPY,2022-06-29 02:05:00+00:00,2022-06-29 02:05,135.9852004,2022-06-29 13:50:00+00:00,2022-06-29 13:50,137,-1,1,-1.0147996,02:05,13:50,11:45:00,-1
BD72NM,2,C:USDJPY,2022-06-29 06:00:00+00:00,2022-06-29 06:00,135.9572018,2022-06-29 13:50:00+00:00,2022-06-29 13:50,137,-1,1,-1.0427982,06:00,13:50,07:50:00,-1
O1YC34,2,C:USDJPY,2022-06-28 10:30:00+00:00,2022-06-28 10:30,136.0638029,2022-07-01 03:45:00+00:00,2022-07-01 03:45,135,1,1,-1.06380285,10:30,03:45,17:15:00,-1
WQZM13,2,C:USDJPY,2022-06-29 01:25:00+00:00,2022-06-29 01:25,136.026801,2022-07-01 03:45:00+00:00,2022-07-01 03:45,135,1,1,-1.026801,01:25,03:45,02:20:00,-1
FAP536,2,C:USDJPY,2022-06-29 02:10:00+00:00,2022-06-29 02:10,136.0098002,2022-07-01 03:45:00+00:00,2022-07-01 03:45,135,1,1,-1.00980015,02:10,03:45,01:35:00,-1
S2NAY1,2,C:USDJPY,2022-06-29 04:50:00+00:00,2022-06-29 04:50,136.0388016,2022-07-01 03:45:00+00:00,2022-07-01 03:45,135,1,1,-1.0388016,04:50,03:45,22:55:00,-1
HMN5HP,2,C:USDJPY,2022-06-29 07:00:00+00:00,2022-06-29 07:00,136.0558025,2022-07-01 03:45:00+00:00,2022-07-01 03:45,135,1,1,-1.05580245,07:00,03:45,20:45:00,-1
YVN49L,2,C:USDJPY,2022-06-30 13:20:00+00:00,2022-06-30 13:20,135.914204,2022-07-01 03:45:00+00:00,2022-07-01 03:45,135,-1,1,0.91420395,13:20,03:45,14:25:00,1
C194R8,2,C:USDJPY,2022-06-30 14:45:00+00:00,2022-06-30 14:45,136.0908042,2022-07-01 03:45:00+00:00,2022-07-01 03:45,135,1,1,-1.0908042,14:45,03:45,13:00:00,-1
Q8HN0Y,2,C:USDJPY,2022-06-30 14:50:00+00:00,2022-06-30 14:50,135.8802057,2022-07-01 03:45:00+00:00,2022-07-01 03:45,135,-1,1,0.88020565,14:50,03:45,12:55:00,1
GTANB2,2,C:USDJPY,2022-07-01 05:00:00+00:00,2022-07-01 05:00,134.8652564,2022-07-05 00:45:00+00:00,2022-07-05 00:45,136,-1,1,-1.1347436,05:00,00:45,19:45:00,-1
4JO7IQ,2,C:USDJPY,2022-07-01 05:50:00+00:00,2022-07-01 05:50,135.0307512,2022-07-05 00:45:00+00:00,2022-07-05 00:45,136,1,1,0.9692488,05:50,00:45,18:55:00,1
Z2QQI4,2,C:USDJPY,2022-07-01 05:55:00+00:00,2022-07-01 05:55,134.9752509,2022-07-05 00:45:00+00:00,2022-07-05 00:45,136,-1,1,-1.0247491,05:55,00:45,18:50:00,-1
PZLQUZ,2,C:USDJPY,2022-07-01 06:25:00+00:00,2022-07-01 06:25,135.0187506,2022-07-05 00:45:00+00:00,2022-07-05 00:45,136,1,1,0.9812494,06:25,00:45,18:20:00,1
5E13NI,2,C:USDJPY,2022-07-01 06:30:00+00:00,2022-07-01 06:30,134.9422526,2022-07-05 00:45:00+00:00,2022-07-05 00:45,136,-1,1,-1.05774745,06:30,00:45,18:15:00,-1
WAN8I0,2,C:USDJPY,2022-07-01 06:40:00+00:00,2022-07-01 06:40,135.0487521,2022-07-05 00:45:00+00:00,2022-07-05 00:45,136,1,1,0.9512479,06:40,00:45,18:05:00,1
KMWQSJ,2,C:USDJPY,2022-07-01 06:50:00+00:00,2022-07-01 06:50,134.9862504,2022-07-05 00:45:00+00:00,2022-07-05 00:45,136,-1,1,-1.01374965,06:50,00:45,17:55:00,-1
Y9EOSG,2,C:USDJPY,2022-07-01 07:10:00+00:00,2022-07-01 07:10,135.0367515,2022-07-05 00:45:00+00:00,2022-07-05 00:45,136,1,1,0.9632485,07:10,00:45,17:35:00,1
0KY9SI,2,C:USDJPY,2022-07-01 14:10:00+00:00,2022-07-01 14:10,134.9412526,2022-07-05 00:45:00+00:00,2022-07-05 00:45,136,-1,1,-1.0587474,14:10,00:45,10:35:00,-1
SP9W2O,2,C:USDJPY,2022-07-01 14:35:00+00:00,2022-07-01 14:35,135.0397517,2022-07-05 00:45:00+00:00,2022-07-05 00:45,136,1,1,0.96024835,14:35,00:45,10:10:00,1
N3OZE5,2,C:USDJPY,2022-07-01 14:45:00+00:00,2022-07-01 14:45,134.9762509,2022-07-05 00:45:00+00:00,2022-07-05 00:45,136,-1,1,-1.02374915,14:45,00:45,10:00:00,-1
TRRZPO,2,C:USDJPY,2022-07-01 14:50:00+00:00,2022-07-01 14:50,135.0967545,2022-07-05 00:45:00+00:00,2022-07-05 00:45,136,1,1,0.9032455,14:50,00:45,09:55:00,1
TB5MAM,2,C:USDJPY,2022-07-04 00:35:00+00:00,2022-07-04 00:35,135.0587526,2022-07-05 00:45:00+00:00,2022-07-05 00:45,136,1,1,0.9412474,00:35,00:45,00:10:00,1
F91ZBY,2,C:USDJPY,2022-07-04 00:45:00+00:00,2022-07-04 00:45,134.9752509,2022-07-05 00:45:00+00:00,2022-07-05 00:45,136,-1,1,-1.0247491,00:45,00:45,00:00:00,-1
VX2X18,2,C:USDJPY,2022-07-04 01:00:00+00:00,2022-07-04 01:00,135.0337514,2022-07-05 00:45:00+00:00,2022-07-05 00:45,136,1,1,0.96624865,01:00,00:45,23:45:00,1
A1106O,2,C:USDJPY,2022-07-04 01:25:00+00:00,2022-07-04 01:25,134.9412526,2022-07-05 00:45:00+00:00,2022-07-05 00:45,136,-1,1,-1.0587474,01:25,00:45,23:20:00,-1
R26SXH,2,C:USDJPY,2022-07-04 01:55:00+00:00,2022-07-04 01:55,135.0297512,2022-07-05 00:45:00+00:00,2022-07-05 00:45,136,1,1,0.97024885,01:55,00:45,22:50:00,1
TOY8K4,2,C:USDJPY,2022-07-04 02:15:00+00:00,2022-07-04 02:15,134.9822506,2022-07-05 00:45:00+00:00,2022-07-05 00:45,136,-1,1,-1.01774945,02:15,00:45,22:30:00,-1
6W2Z9Q,2,C:USDJPY,2022-07-04 02:20:00+00:00,2022-07-04 02:20,135.0247509,2022-07-05 00:45:00+00:00,2022-07-05 00:45,136,1,1,0.9752491,02:20,00:45,22:25:00,1
VGZEHP,2,C:USDJPY,2022-07-04 02:30:00+00:00,2022-07-04 02:30,134.9782508,2022-07-05 00:45:00+00:00,2022-07-05 00:45,136,-1,1,-1.02174925,02:30,00:45,22:15:00,-1
UL6HLS,2,C:USDJPY,2022-07-04 02:55:00+00:00,2022-07-04 02:55,135.0197507,2022-07-05 00:45:00+00:00,2022-07-05 00:45,136,1,1,0.98024935,02:55,00:45,21:50:00,1
MWQ8LR,2,C:USDJPY,2022-07-05 00:45:00+00:00,2022-07-05 00:45,136.0398017,2022-07-06 12:35:00+00:00,2022-07-06 12:35,135,1,1,-1.03980165,00:45,12:35,11:50:00,-1
RWKI85,2,C:USDJPY,2022-07-05 01:05:00+00:00,2022-07-05 01:05,135.9802007,2022-07-06 12:35:00+00:00,2022-07-06 12:35,135,-1,1,0.98020065,01:05,12:35,11:30:00,1
4KSBB0,2,C:USDJPY,2022-07-05 01:10:00+00:00,2022-07-05 01:10,136.0558025,2022-07-06 12:35:00+00:00,2022-07-06 12:35,135,1,1,-1.05580245,01:10,12:35,11:25:00,-1
XJV5AH,2,C:USDJPY,2022-07-05 08:10:00+00:00,2022-07-05 08:10,135.9082042,2022-07-06 12:35:00+00:00,2022-07-06 12:35,135,-1,1,0.90820425,08:10,12:35,04:25:00,1
2X0GUH,2,C:USDJPY,2022-07-05 11:05:00+00:00,2022-07-05 11:05,136.0308012,2022-07-06 12:35:00+00:00,2022-07-06 12:35,135,1,1,-1.0308012,11:05,12:35,01:30:00,-1
1G25VK,2,C:USDJPY,2022-07-05 11:50:00+00:00,2022-07-05 11:50,135.9902002,2022-07-06 12:35:00+00:00,2022-07-06 12:35,135,-1,1,0.99020015,11:50,12:35,00:45:00,1
XKSXMG,2,C:USDJPY,2022-07-05 12:00:00+00:00,2022-07-05 12:00,136.0478021,2022-07-06 12:35:00+00:00,2022-07-06 12:35,135,1,1,-1.04780205,12:00,12:35,00:35:00,-1
M0GGZ1,2,C:USDJPY,2022-07-05 12:05:00+00:00,2022-07-05 12:05,135.9202037,2022-07-06 12:35:00+00:00,2022-07-06 12:35,135,-1,1,0.92020365,12:05,12:35,00:30:00,1
F95M8Q,2,C:USDJPY,2022-07-05 14:45:00+00:00,2022-07-05 14:45,136.0588026,2022-07-06 12:35:00+00:00,2022-07-06 12:35,135,1,1,-1.0588026,14:45,12:35,21:50:00,-1
YN3U09,2,C:USDJPY,2022-07-05 15:00:00+00:00,2022-07-05 15:00,135.8962049,2022-07-06 12:35:00+00:00,2022-07-06 12:35,135,-1,1,0.89620485,15:00,12:35,21:35:00,1
PSW351,2,C:USDJPY,2022-07-06 23:00:00+00:00,2022-07-06 23:00,136.0618028,2022-07-11 01:40:00+00:00,2022-07-11 01:40,137,1,1,0.93819725,23:00,01:40,02:40:00,1
8AJ17H,2,C:USDJPY,2022-07-06 23:30:00+00:00,2022-07-06 23:30,135.9722011,2022-07-11 01:40:00+00:00,2022-07-11 01:40,137,-1,1,-1.02779895,23:30,01:40,02:10:00,-1
8L0X5U,2,C:USDJPY,2022-07-07 07:30:00+00:00,2022-07-07 07:30,136.0578026,2022-07-11 01:40:00+00:00,2022-07-11 01:40,137,1,1,0.94219745,07:30,01:40,18:10:00,1
4NAX76,2,C:USDJPY,2022-07-07 10:05:00+00:00,2022-07-07 10:05,135.9682013,2022-07-11 01:40:00+00:00,2022-07-11 01:40,137,-1,1,-1.03179875,10:05,01:40,15:35:00,-1
NAEECH,2,C:USDJPY,2022-07-07 15:55:00+00:00,2022-07-07 15:55,136.0078001,2022-07-11 01:40:00+00:00,2022-07-11 01:40,137,1,1,0.99219995,15:55,01:40,09:45:00,1
KBNRKR,2,C:USDJPY,2022-07-07 16:05:00+00:00,2022-07-07 16:05,135.934203,2022-07-11 01:40:00+00:00,2022-07-11 01:40,137,-1,1,-1.06579705,16:05,01:40,09:35:00,-1
IT99PC,2,C:USDJPY,2022-07-07 16:50:00+00:00,2022-07-07 16:50,136.0438019,2022-07-11 01:40:00+00:00,2022-07-11 01:40,137,1,1,0.95619815,16:50,01:40,08:50:00,1
JFYKQF,2,C:USDJPY,2022-07-07 17:05:00+00:00,2022-07-07 17:05,135.9772008,2022-07-11 01:40:00+00:00,2022-07-11 01:40,137,-1,1,-1.0227992,17:05,01:40,08:35:00,-1
YAZFWM,2,C:USDJPY,2022-07-07 17:10:00+00:00,2022-07-07 17:10,136.0508022,2022-07-11 01:40:00+00:00,2022-07-11 01:40,137,1,1,0.9491978,17:10,01:40,08:30:00,1
HNHLSE,2,C:USDJPY,2022-07-07 17:25:00+00:00,2022-07-07 17:25,135.9971998,2022-07-11 01:40:00+00:00,2022-07-11 01:40,137,-1,1,-1.0028002,17:25,01:40,08:15:00,-1
5DB2E2,2,C:USDJPY,2022-07-07 19:50:00+00:00,2022-07-07 19:50,135.9842005,2022-07-11 01:40:00+00:00,2022-07-11 01:40,137,-1,1,-1.01579955,19:50,01:40,05:50:00,-1
PFHQYW,2,C:USDJPY,2022-07-07 20:25:00+00:00,2022-07-07 20:25,136.0068,2022-07-11 01:40:00+00:00,2022-07-11 01:40,137,1,1,0.9932,20:25,01:40,05:15:00,1
6MIZSH,2,C:USDJPY,2022-07-07 21:00:00+00:00,2022-07-07 21:00,136.026801,2022-07-11 01:40:00+00:00,2022-07-11 01:40,137,1,1,0.973199,21:00,01:40,04:40:00,1
FZC75D,2,C:USDJPY,2022-07-07 21:15:00+00:00,2022-07-07 21:15,135.9912001,2022-07-11 01:40:00+00:00,2022-07-11 01:40,137,-1,1,-1.0087999,21:15,01:40,04:25:00,-1
QPRGRN,2,C:USDJPY,2022-07-07 21:20:00+00:00,2022-07-07 21:20,136.0058,2022-07-11 01:40:00+00:00,2022-07-11 01:40,137,1,1,0.99420005,21:20,01:40,04:20:00,1
KKUVIZ,2,C:USDJPY,2022-07-07 21:25:00+00:00,2022-07-07 21:25,136.0248009,2022-07-11 01:40:00+00:00,2022-07-11 01:40,137,1,1,0.9751991,21:25,01:40,04:15:00,1
K75ICX,2,C:USDJPY,2022-07-07 22:00:00+00:00,2022-07-07 22:00,135.9882003,2022-07-11 01:40:00+00:00,2022-07-11 01:40,137,-1,1,-1.01179975,22:00,01:40,03:40:00,-1
XGAX8Z,2,C:USDJPY,2022-07-07 22:15:00+00:00,2022-07-07 22:15,136.0328013,2022-07-11 01:40:00+00:00,2022-07-11 01:40,137,1,1,0.9671987,22:15,01:40,03:25:00,1
M44IND,2,C:USDJPY,2022-07-07 22:55:00+00:00,2022-07-07 22:55,135.9912001,2022-07-11 01:40:00+00:00,2022-07-11 01:40,137,-1,1,-1.0087999,22:55,01:40,02:45:00,-1
NBIJPG,2,C:USDJPY,2022-07-07 23:00:00+00:00,2022-07-07 23:00,136.0118003,2022-07-11 01:40:00+00:00,2022-07-11 01:40,137,1,1,0.98819975,23:00,01:40,02:40:00,1
IENGM4,2,C:USDJPY,2022-07-07 23:05:00+00:00,2022-07-07 23:05,135.9632015,2022-07-11 01:40:00+00:00,2022-07-11 01:40,137,-1,1,-1.0367985,23:05,01:40,02:35:00,-1
SHNGG6,2,C:USDJPY,2022-07-07 23:25:00+00:00,2022-07-07 23:25,136.0118003,2022-07-11 01:40:00+00:00,2022-07-11 01:40,137,1,1,0.98819975,23:25,01:40,02:15:00,1
URV50X,2,C:USDJPY,2022-07-07 23:30:00+00:00,2022-07-07 23:30,135.9942,2022-07-11 01:40:00+00:00,2022-07-11 01:40,137,-1,1,-1.00580005,23:30,01:40,02:10:00,-1
1FY77R,2,C:USDJPY,2022-07-07 23:35:00+00:00,2022-07-07 23:35,135.9802007,2022-07-11 01:40:00+00:00,2022-07-11 01:40,137,-1,1,-1.01979935,23:35,01:40,02:05:00,-1
EJ3HP9,2,C:USDJPY,2022-07-08 00:15:00+00:00,2022-07-08 00:15,136.0118003,2022-07-11 01:40:00+00:00,2022-07-11 01:40,137,1,1,0.98819975,00:15,01:40,01:25:00,1
BLID7G,2,C:USDJPY,2022-07-08 00:35:00+00:00,2022-07-08 00:35,136.0888041,2022-07-11 01:40:00+00:00,2022-07-11 01:40,137,1,1,0.9111959,00:35,01:40,01:05:00,1
FZOU6G,2,C:USDJPY,2022-07-08 00:55:00+00:00,2022-07-08 00:55,135.9502022,2022-07-11 01:40:00+00:00,2022-07-11 01:40,137,-1,1,-1.04979785,00:55,01:40,00:45:00,-1
V656DP,2,C:USDJPY,2022-07-08 01:55:00+00:00,2022-07-08 01:55,136.0498022,2022-07-11 01:40:00+00:00,2022-07-11 01:40,137,1,1,0.95019785,01:55,01:40,23:45:00,1
7MEEFO,2,C:USDJPY,2022-07-08 02:15:00+00:00,2022-07-08 02:15,135.9882003,2022-07-11 01:40:00+00:00,2022-07-11 01:40,137,-1,1,-1.01179975,02:15,01:40,23:25:00,-1
VRG67W,2,C:USDJPY,2022-07-08 02:25:00+00:00,2022-07-08 02:25,136.0338014,2022-07-11 01:40:00+00:00,2022-07-11 01:40,137,1,1,0.96619865,02:25,01:40,23:15:00,1
GQOSDY,2,C:USDJPY,2022-07-08 02:30:00+00:00,2022-07-08 02:30,135.9802007,2022-07-11 01:40:00+00:00,2022-07-11 01:40,137,-1,1,-1.01979935,02:30,01:40,23:10:00,-1
AKH2B7,2,C:USDJPY,2022-07-08 02:35:00+00:00,2022-07-08 02:35,136.0488021,2022-07-11 01:40:00+00:00,2022-07-11 01:40,137,1,1,0.9511979,02:35,01:40,23:05:00,1
W5FJYX,2,C:USDJPY,2022-07-08 02:40:00+00:00,2022-07-08 02:40,135.6572168,2022-07-11 01:40:00+00:00,2022-07-11 01:40,137,-1,1,-1.3427832,02:40,01:40,23:00:00,-1
W4713R,2,C:USDJPY,2022-07-08 12:30:00+00:00,2022-07-08 12:30,136.1008047,2022-07-11 01:40:00+00:00,2022-07-11 01:40,137,1,1,0.8991953,12:30,01:40,13:10:00,1
9IY9IM,2,C:USDJPY,2022-07-08 14:10:00+00:00,2022-07-08 14:10,135.9562018,2022-07-11 01:40:00+00:00,2022-07-11 01:40,137,-1,1,-1.04379815,14:10,01:40,11:30:00,-1
2DUOX5,2,C:USDJPY,2022-07-08 14:20:00+00:00,2022-07-08 14:20,136.045802,2022-07-11 01:40:00+00:00,2022-07-11 01:40,137,1,1,0.95419805,14:20,01:40,11:20:00,1
WMD0LJ,2,C:USDJPY,2022-07-08 14:25:00+00:00,2022-07-08 14:25,135.9722011,2022-07-11 01:40:00+00:00,2022-07-11 01:40,137,-1,1,-1.02779895,14:25,01:40,11:15:00,-1
CNX1PH,2,C:USDJPY,2022-07-08 14:45:00+00:00,2022-07-08 14:45,136.0448019,2022-07-11 01:40:00+00:00,2022-07-11 01:40,137,1,1,0.9551981,14:45,01:40,10:55:00,1
THORQC,2,C:USDJPY,2022-07-08 15:00:00+00:00,2022-07-08 15:00,135.9762009,2022-07-11 01:40:00+00:00,2022-07-11 01:40,137,-1,1,-1.02379915,15:00,01:40,10:40:00,-1
S8AIV2,2,C:USDJPY,2022-07-08 15:15:00+00:00,2022-07-08 15:15,136.045802,2022-07-11 01:40:00+00:00,2022-07-11 01:40,137,1,1,0.95419805,15:15,01:40,10:25:00,1
FH640T,2,C:USDJPY,2022-07-08 21:05:00+00:00,2022-07-08 21:05,136.073196,2022-07-11 01:40:00+00:00,2022-07-11 01:40,137,-1,1,-0.926804,21:05,01:40,04:35:00,-1
MM7U7Q,2,C:USDJPY,2022-07-10 21:00:00+00:00,2022-07-10 21:00,136.0608027,2022-07-11 01:40:00+00:00,2022-07-11 01:40,137,1,1,0.9391973,21:00,01:40,04:40:00,1
3ASYQF,2,C:USDJPY,2022-07-11 01:40:00+00:00,2022-07-11 01:40,137.2318613,2022-07-14 01:10:00+00:00,2022-07-14 01:10,138,1,1,0.76813875,01:40,01:10,23:30:00,1
LZ0EE1,2,C:USDJPY,2022-07-11 02:30:00+00:00,2022-07-11 02:30,136.8501572,2022-07-14 01:10:00+00:00,2022-07-14 01:10,138,-1,1,-1.14984285,02:30,01:10,22:40:00,-1
RG389L,2,C:USDJPY,2022-07-11 02:40:00+00:00,2022-07-11 02:40,137.025851,2022-07-14 01:10:00+00:00,2022-07-14 01:10,138,1,1,0.97414905,02:40,01:10,22:30:00,1
LOL6CS,2,C:USDJPY,2022-07-11 03:00:00+00:00,2022-07-11 03:00,136.9251534,2022-07-14 01:10:00+00:00,2022-07-14 01:10,138,-1,1,-1.0748466,03:00,01:10,22:10:00,-1
825U4W,2,C:USDJPY,2022-07-11 04:10:00+00:00,2022-07-11 04:10,136.973151,2022-07-14 01:10:00+00:00,2022-07-14 01:10,138,-1,1,-1.026849,04:10,01:10,21:00:00,-1
K4ERB3,2,C:USDJPY,2022-07-11 05:00:00+00:00,2022-07-11 05:00,137.0518523,2022-07-14 01:10:00+00:00,2022-07-14 01:10,138,1,1,0.94814775,05:00,01:10,20:10:00,1
LSQKSR,2,C:USDJPY,2022-07-11 05:25:00+00:00,2022-07-11 05:25,136.9831505,2022-07-14 01:10:00+00:00,2022-07-14 01:10,138,-1,1,-1.0168495,05:25,01:10,19:45:00,-1
1GOSQ7,2,C:USDJPY,2022-07-11 05:30:00+00:00,2022-07-11 05:30,137.00585,2022-07-14 01:10:00+00:00,2022-07-14 01:10,138,1,1,0.99415005,05:30,01:10,19:40:00,1
10SPXM,2,C:USDJPY,2022-07-11 05:35:00+00:00,2022-07-11 05:35,137.046852,2022-07-14 01:10:00+00:00,2022-07-14 01:10,138,1,1,0.953148,05:35,01:10,19:35:00,1
D9DL3W,2,C:USDJPY,2022-07-11 06:05:00+00:00,2022-07-11 06:05,136.9601517,2022-07-14 01:10:00+00:00,2022-07-14 01:10,138,-1,1,-1.03984835,06:05,01:10,19:05:00,-1
VAEH58,2,C:USDJPY,2022-07-11 06:40:00+00:00,2022-07-11 06:40,136.9431525,2022-07-14 01:10:00+00:00,2022-07-14 01:10,138,-1,1,-1.0568475,06:40,01:10,18:30:00,-1
QBDUVZ,2,C:USDJPY,2022-07-11 09:15:00+00:00,2022-07-11 09:15,137.0158505,2022-07-14 01:10:00+00:00,2022-07-14 01:10,138,1,1,0.98414955,09:15,01:10,15:55:00,1
8XQJX1,2,C:USDJPY,2022-07-11 09:20:00+00:00,2022-07-11 09:20,136.9851504,2022-07-14 01:10:00+00:00,2022-07-14 01:10,138,-1,1,-1.0148496,09:20,01:10,15:50:00,-1
871ZJB,2,C:USDJPY,2022-07-11 09:35:00+00:00,2022-07-11 09:35,137.0348514,2022-07-14 01:10:00+00:00,2022-07-14 01:10,138,1,1,0.9651486,09:35,01:10,15:35:00,1
VV2ZWK,2,C:USDJPY,2022-07-12 09:50:00+00:00,2022-07-12 09:50,136.9291532,2022-07-14 01:10:00+00:00,2022-07-14 01:10,138,-1,1,-1.0708468,09:50,01:10,15:20:00,-1
14V5KU,2,C:USDJPY,2022-07-13 00:40:00+00:00,2022-07-13 00:40,137.0168505,2022-07-14 01:10:00+00:00,2022-07-14 01:10,138,1,1,0.9831495,00:40,01:10,00:30:00,1
GR3EP7,2,C:USDJPY,2022-07-13 00:45:00+00:00,2022-07-13 00:45,136.9661514,2022-07-14 01:10:00+00:00,2022-07-14 01:10,138,-1,1,-1.03384865,00:45,01:10,00:25:00,-1
43RBLR,2,C:USDJPY,2022-07-13 01:00:00+00:00,2022-07-13 01:00,137.0898542,2022-07-14 01:10:00+00:00,2022-07-14 01:10,138,1,1,0.91014585,01:00,01:10,00:10:00,1
396XRV,2,C:USDJPY,2022-07-13 05:10:00+00:00,2022-07-13 05:10,136.9791507,2022-07-14 01:10:00+00:00,2022-07-14 01:10,138,-1,1,-1.0208493,05:10,01:10,20:00:00,-1
C5PCK2,2,C:USDJPY,2022-07-13 05:20:00+00:00,2022-07-13 05:20,137.0098502,2022-07-14 01:10:00+00:00,2022-07-14 01:10,138,1,1,0.99014985,05:20,01:10,19:50:00,1
1OVFFI,2,C:USDJPY,2022-07-13 05:25:00+00:00,2022-07-13 05:25,136.9851504,2022-07-14 01:10:00+00:00,2022-07-14 01:10,138,-1,1,-1.0148496,05:25,01:10,19:45:00,-1
OBN7OD,2,C:USDJPY,2022-07-13 05:50:00+00:00,2022-07-13 05:50,137.0228508,2022-07-14 01:10:00+00:00,2022-07-14 01:10,138,1,1,0.9771492,05:50,01:10,19:20:00,1
I29LTM,2,C:USDJPY,2022-07-14 02:10:00+00:00,2022-07-14 02:10,138.0559025,2022-07-14 07:55:00+00:00,2022-07-14 07:55,139,1,1,0.94409755,02:10,07:55,05:45:00,1
IOG5XD,2,C:USDJPY,2022-07-14 02:25:00+00:00,2022-07-14 02:25,137.9321031,2022-07-14 07:55:00+00:00,2022-07-14 07:55,139,-1,1,-1.06789695,02:25,07:55,05:30:00,-1
DT7FJ8,2,C:USDJPY,2022-07-14 02:35:00+00:00,2022-07-14 02:35,138.0109002,2022-07-14 07:55:00+00:00,2022-07-14 07:55,139,1,1,0.9890998,02:35,07:55,05:20:00,1
S7FIK0,2,C:USDJPY,2022-07-14 02:40:00+00:00,2022-07-14 02:40,137.9641015,2022-07-14 07:55:00+00:00,2022-07-14 07:55,139,-1,1,-1.03589855,02:40,07:55,05:15:00,-1
QZN0E2,2,C:USDJPY,2022-07-14 02:45:00+00:00,2022-07-14 02:45,138.0769035,2022-07-14 07:55:00+00:00,2022-07-14 07:55,139,1,1,0.9230965,02:45,07:55,05:10:00,1
JSTQPG,2,C:USDJPY,2022-07-14 03:00:00+00:00,2022-07-14 03:00,137.9721011,2022-07-14 07:55:00+00:00,2022-07-14 07:55,139,-1,1,-1.02789895,03:00,07:55,04:55:00,-1
XOCUY5,2,C:USDJPY,2022-07-14 03:20:00+00:00,2022-07-14 03:20,138.0219008,2022-07-14 07:55:00+00:00,2022-07-14 07:55,139,1,1,0.97809925,03:20,07:55,04:35:00,1
VOIITS,2,C:USDJPY,2022-07-14 03:25:00+00:00,2022-07-14 03:25,137.9521021,2022-07-14 07:55:00+00:00,2022-07-14 07:55,139,-1,1,-1.04789795,03:25,07:55,04:30:00,-1
VX3CD3,2,C:USDJPY,2022-07-14 03:40:00+00:00,2022-07-14 03:40,138.0439019,2022-07-14 07:55:00+00:00,2022-07-14 07:55,139,1,1,0.95609815,03:40,07:55,04:15:00,1
L092SL,2,C:USDJPY,2022-07-14 03:50:00+00:00,2022-07-14 03:50,137.9851004,2022-07-14 07:55:00+00:00,2022-07-14 07:55,139,-1,1,-1.0148996,03:50,07:55,04:05:00,-1
9BY2P6,2,C:USDJPY,2022-07-14 03:55:00+00:00,2022-07-14 03:55,138.0229008,2022-07-14 07:55:00+00:00,2022-07-14 07:55,139,1,1,0.9770992,03:55,07:55,04:00:00,1