,strat_id,instrument,open_time,open_price,close_time,close_price,dir,size,PnL,account_balance(t)
PJTEUW,2,C:USDJPY,2022-05-27 13:05:00+00:00,126.99082514999999,2022-05-29 21:00:00+00:00,126.99317475,-1,4.955401387512317,-0.011643211100110254,99.98835678889989
EC9AIU,2,C:USDJPY,2022-05-27 13:40:00+00:00,127.004175025,2022-05-29 21:00:00+00:00,126.98682524999998,1,4.9950049950049715,-0.0866622127872812,99.90169457611262
JBD73H,2,C:USDJPY,2022-05-27 13:45:00+00:00,126.95082614999998,2022-05-29 21:00:00+00:00,126.99317475,-1,4.766444232602448,-0.20185224022884077,99.69984233588377
LZDJQ3,2,C:USDJPY,2022-06-01 15:45:00+00:00,130.03625082499997,2022-06-03 07:45:00+00:00,129.851753625,1,4.835103896017614,-0.8920631305242509,98.80777920535952
BFFZ33,2,C:USDJPY,2022-06-06 19:05:00+00:00,131.945701275,2022-06-07 06:15:00+00:00,133.0,-1,4.71411160330913,-4.9700818528765,93.83769735248302
QF8HB8,2,C:USDJPY,2022-06-08 16:00:00+00:00,134.05335125,2022-06-10 08:00:00+00:00,133.605659775,1,4.568534437803517,-2.0452939210485486,91.79240343143447
X8GDTI,2,C:USDJPY,2022-06-09 13:25:00+00:00,134.04735110000001,2022-06-11 07:45:00+00:00,134.41663949999997,1,4.546400065527356,1.6789328059583082,93.47133623739278
2U516S,2,C:USDJPY,2022-06-09 13:30:00+00:00,133.91665199999997,2022-06-11 07:45:00+00:00,134.42336049999997,-1,4.348364103451453,-2.203353052313739,91.26798318507903
VCY6NI,2,C:USDJPY,2022-06-09 15:45:00+00:00,133.94965117499999,2022-06-11 07:45:00+00:00,134.42336049999997,-1,4.564090338155826,-2.1620521533267603,89.10593103175228
57QZIR,2,C:USDJPY,2022-06-09 15:50:00+00:00,134.06335149999998,2022-06-11 07:55:00+00:00,134.39664,1,4.43048618283691,1.4766300941484793,90.58256112590075
SQOC70,2,C:USDJPY,2022-06-10 13:20:00+00:00,134.19135469999998,2022-06-12 21:00:00+00:00,134.30264235,1,3.869831510600081,0.4306644547107756,91.01322558061153
BMU7UA,2,C:USDJPY,2022-06-13 13:05:00+00:00,133.94265134999998,2022-06-14 16:15:00+00:00,135.0,-1,4.333963122886217,-4.582510057133625,86.43071552347791
O4ELWX,2,C:USDJPY,2022-06-13 13:30:00+00:00,133.921651875,2022-06-14 16:15:00+00:00,135.0,-1,4.233173282819187,-4.564834472328126,81.86588105114978
OUT0BK,2,C:USDJPY,2022-06-13 15:15:00+00:00,134.02135045,2022-06-14 17:00:00+00:00,135.0,1,4.461432626500645,4.366179032280175,86.23206008342996
7PPAHP,2,C:USDJPY,2022-06-15 19:05:00+00:00,133.9846503,2022-06-16 09:15:00+00:00,133.0,-1,4.277383932709777,4.2117273725578555,90.44378745598782
51D5A6,2,C:USDJPY,2022-06-16 15:45:00+00:00,131.87070315,2022-06-17 00:50:00+00:00,133.0,-1,3.9948669371019183,-4.511390648238356,85.93239680774946
K4Z2YU,2,C:USDJPY,2022-06-16 19:55:00+00:00,132.03130069999997,2022-06-17 00:50:00+00:00,133.0,1,4.394741858891552,4.257183362389059,90.18958017013851
PFUCIR,2,C:USDJPY,2022-06-17 15:40:00+00:00,134.9846253,2022-06-19 21:00:00+00:00,134.90637257499998,-1,4.438463591050162,0.34732187081308113,90.53690204095159
CN0F3Q,2,C:USDJPY,2022-06-17 19:25:00+00:00,135.00937514999998,2022-06-19 21:00:00+00:00,134.89962742499998,1,4.464830701492046,-0.49000501199893026,90.04689702895266
2LIKFZ,2,C:USDJPY,2022-06-17 19:35:00+00:00,134.979625425,2022-06-19 21:00:00+00:00,134.90637257499998,-1,4.478132083919467,0.3280359378236169,90.37493296677627
3VB7PG,2,C:USDJPY,2022-06-20 13:10:00+00:00,135.12237797499998,2022-06-21 11:35:00+00:00,136.0,1,4.034595221731068,3.540849628551033,93.9157825953273
IS5TV9,2,C:USDJPY,2022-06-20 13:25:00+00:00,134.9686257,2022-06-21 11:35:00+00:00,136.0,-1,4.399948050962874,-4.537993341098243,89.37778925422906
78PYQ9,2,C:USDJPY,2022-06-20 13:30:00+00:00,135.04937614999997,2022-06-21 11:35:00+00:00,136.0,1,4.3241594720947285,4.110649125376779,93.48843837960584
XQPC7Y,2,C:USDJPY,2022-06-20 15:05:00+00:00,135.034375775,2022-06-21 11:35:00+00:00,136.0,1,4.3786304731966,4.228111657241847,97.71655003684768
K8PE0D,2,C:USDJPY,2022-06-20 15:20:00+00:00,134.979625425,2022-06-21 11:35:00+00:00,136.0,-1,4.456357641359733,-4.547154034350464,93.16939600249721
7UYUYK,2,C:USDJPY,2022-06-20 15:25:00+00:00,135.02337550000001,2022-06-21 11:35:00+00:00,136.0,1,4.430143772881146,4.326586947118098,97.49598294961531
QVU1OX,2,C:USDJPY,2022-06-20 15:35:00+00:00,134.993625075,2022-06-21 11:35:00+00:00,136.0,-1,4.509727193950869,-4.5384763665827155,92.9575065830326
G67GDC,2,C:USDJPY,2022-06-20 15:40:00+00:00,135.01837537499998,2022-06-21 11:35:00+00:00,136.0,1,4.47844068219921,4.396147655248648,97.35365423828125
DHAVJN,2,C:USDJPY,2022-06-20 15:50:00+00:00,134.989625175,2022-06-21 11:35:00+00:00,136.0,-1,4.482883579701034,-4.529392712335867,92.82426152594539
QGY6L9,2,C:USDJPY,2022-06-20 16:00:00+00:00,135.0113752,2022-06-21 11:35:00+00:00,136.0,1,4.474006582513717,4.423113862836292,97.24737538878168
WHSAKY,2,C:USDJPY,2022-06-20 21:10:00+00:00,135.05337625,2022-06-21 11:35:00+00:00,136.0,1,4.29538654785073,4.066114921625954,101.31349031040763
56LQ7T,2,C:USDJPY,2022-06-22 13:25:00+00:00,136.06740159999998,2022-06-23 12:30:00+00:00,135.0,1,4.747586237601075,-5.067581146153284,96.24590916425434
VGLOJL,2,C:USDJPY,2022-06-22 13:40:00+00:00,135.937601475,2022-06-23 12:30:00+00:00,135.0,-1,4.7834509117284165,4.484970630426697,100.73087979468104
MCU2DG,2,C:USDJPY,2022-06-22 15:55:00+00:00,136.0274006,2022-06-23 12:30:00+00:00,135.0,1,4.932497093982908,-5.067650473856261,95.66322932082478
Y30QCE,2,C:USDJPY,2022-06-24 13:55:00+00:00,134.973625575,2022-06-26 21:00:00+00:00,134.7993699,-1,4.568444571194959,0.7960773924537177,96.4593067132785
YOOYZQ,2,C:USDJPY,2022-06-24 14:00:00+00:00,135.09337725,2022-06-26 21:00:00+00:00,134.7926301,1,4.3922511166586276,-1.3209570054194284,95.13834970785906
SUTU85,2,C:USDJPY,2022-06-30 13:25:00+00:00,135.917601975,2022-07-01 03:45:00+00:00,135.0,-1,4.40863529693505,4.0453724555222985,99.18372216338136
0OOZXX,2,C:USDJPY,2022-07-05 15:05:00+00:00,135.89960242499998,2022-07-06 12:35:00+00:00,135.0,-1,4.524804843219938,4.070525409612326,103.25424757299369
GO5G5L,2,C:USDJPY,2022-07-07 16:00:00+00:00,136.004400025,2022-07-10 21:00:00+00:00,135.925601775,1,5.157554823825981,-0.406406294396574,102.84784127859712
QW9MFR,2,C:USDJPY,2022-07-07 19:55:00+00:00,135.987600225,2022-07-10 21:00:00+00:00,135.932398225,-1,5.1370272424375205,0.2835741778370792,103.1314154564342
9NYF4Y,2,C:USDJPY,2022-07-07 21:05:00+00:00,136.0234005,2022-07-10 21:00:00+00:00,135.925601775,1,5.06644983184461,-0.4954923338309599,102.63592312260323
45E3ZZ,2,C:USDJPY,2022-07-07 21:20:00+00:00,135.99460004999997,2022-07-10 21:00:00+00:00,135.932398225,-1,5.1524075635225906,0.32048915359484814,102.95641227619808
5N2A4V,2,C:USDJPY,2022-07-07 21:25:00+00:00,136.00239997499997,2022-07-10 21:00:00+00:00,135.925601775,1,5.121738470882718,-0.3933402954344669,102.56307198076361
YDNW0Y,2,C:USDJPY,2022-07-07 21:30:00+00:00,136.02140045,2022-07-10 21:00:00+00:00,135.925601775,1,5.061482724166307,-0.4848833385105101,102.0781886422531
1QULTE,2,C:USDJPY,2022-07-08 15:05:00+00:00,135.979600425,2022-07-10 21:00:00+00:00,135.932398225,-1,5.056525346375719,0.23867912070477273,102.31686776295787
91OK76,2,C:USDJPY,2022-07-08 15:20:00+00:00,136.042400975,2022-07-10 21:00:00+00:00,135.925601775,1,4.964146517932427,-0.5798083419773064,101.73705942098056
UGY8SW,2,C:USDJPY,2022-07-08 21:10:00+00:00,136.07659800000002,2022-07-10 21:00:00+00:00,135.932398225,-1,5.051577669911672,0.7284363633964518,102.46549578437701
4AJ359,2,C:USDJPY,2022-07-10 21:05:00+00:00,136.05740135,2022-07-11 01:40:00+00:00,137.0,1,4.874666783272037,4.594854329112103,107.06035011348911
0VELRR,2,C:USDJPY,2022-07-14 15:35:00+00:00,138.979525425,2022-07-16 17:05:00+00:00,138.53346324999998,-1,5.258366901448234,2.3455585770080556,109.40590869049716
INF6SJ,2,C:USDJPY,2022-07-20 21:05:00+00:00,138.21545529999997,2022-07-22 11:40:00+00:00,137.0,1,4.543434746283076,-5.5223418425738,103.88356684792336
NAG5G4,2,C:USDJPY,2022-07-21 15:25:00+00:00,138.01345024999998,2022-07-22 11:40:00+00:00,137.0,1,5.4107768887486465,-5.483553190596413,98.40001365732695
MS1OPQ,2,C:USDJPY,2022-07-21 15:45:00+00:00,137.961550875,2022-07-22 11:40:00+00:00,137.0,-1,5.300673870663567,5.096867598426192,103.49688125575314
Q9758Y,2,C:USDJPY,2022-07-22 20:00:00+00:00,135.99060015,2022-07-24 21:00:00+00:00,136.17940439999998,-1,5.128685889779566,-0.9683176929052885,102.52856356284785
3L6697,2,C:USDJPY,2022-08-01 13:10:00+00:00,131.93770147499998,2022-08-02 00:15:00+00:00,131.0,-1,4.8453952534427485,4.543534276111182,107.07209783895904
ZJ98AF,2,C:USDJPY,2022-08-02 13:20:00+00:00,131.06927665,2022-08-02 15:40:00+00:00,132.0,1,5.022143425842345,4.674226153480433,111.74632399243947
5ARWQ7,2,C:USDJPY,2022-08-02 15:45:00+00:00,132.0713017,2022-08-02 19:50:00+00:00,133.0,1,5.231569475301553,4.858549678044485,116.60487367048395
KFMHFN,2,C:USDJPY,2022-08-02 19:55:00+00:00,133.070326675,2022-08-03 14:00:00+00:00,134.0,1,5.505423686047415,5.118245543741512,121.72311921422546
W9WXWV,2,C:USDJPY,2022-08-03 19:45:00+00:00,133.933651575,2022-08-04 16:20:00+00:00,133.0,-1,5.703988716692814,5.325538049122469,127.04865726334793
QE1ZMQ,2,C:USDJPY,2022-08-04 21:55:00+00:00,133.01432527499998,2022-08-05 12:30:00+00:00,134.0,1,6.277107572299797,6.18718628012217,133.2358435434701
DT65U5,2,C:USDJPY,2022-08-05 19:15:00+00:00,134.98862519999997,2022-08-07 21:00:00+00:00,134.976374325,-1,6.595833838785709,0.08080473587958958,133.3166482793497
X8XR2J,2,C:USDJPY,2022-08-05 20:00:00+00:00,135.046376075,2022-08-07 21:00:00+00:00,134.969625675,1,6.381026989629727,-0.48974637386493336,132.82690190548476
F48OMA,2,C:USDJPY,2022-08-07 21:10:00+00:00,135.0153753,2022-08-09 13:10:00+00:00,134.933626575,1,6.614885553062052,-0.5407584599836293,132.28614344550112
MC5OSU,2,C:USDJPY,2022-08-07 21:55:00+00:00,135.06537655,2022-08-09 13:55:00+00:00,135.01462455,1,6.385908745456048,-0.32409764064931246,131.9620458048518
P1UXSJ,2,C:USDJPY,2022-08-08 19:45:00+00:00,135.050376175,2022-08-10 11:45:00+00:00,134.95062615,1,6.325090566927778,-0.6309279421782571,131.33111786267355
AGP7JY,2,C:USDJPY,2022-08-08 21:35:00+00:00,135.01937539999997,2022-08-10 12:30:00+00:00,134.0,1,6.582106140014387,-6.709637079319443,124.6214807833541
OUHM5U,2,C:USDJPY,2022-08-08 21:50:00+00:00,134.98262534999998,2022-08-10 12:30:00+00:00,134.0,-1,6.549649995339421,6.435852119047753,131.05733290240187
O0YEBE,2,C:USDJPY,2022-08-09 13:15:00+00:00,135.008375125,2022-08-10 12:30:00+00:00,134.0,1,6.581400171417997,-6.6365202205285545,124.42081268187331
ERP49E,2,C:USDJPY,2022-08-09 13:25:00+00:00,134.977625475,2022-08-10 12:30:00+00:00,134.0,-1,6.522985376997033,6.377036677604755,130.79784935947808
03FW95,2,C:USDJPY,2022-08-09 13:30:00+00:00,135.00637507499997,2022-08-10 12:30:00+00:00,134.0,1,6.587955350871631,-6.629954060329863,124.16789529914821
NRDTG2,2,C:USDJPY,2022-08-09 13:35:00+00:00,134.955626025,2022-08-10 12:30:00+00:00,134.0,-1,6.359910742572045,6.077696222278837,130.24559152142706
WM4IZG,2,C:USDJPY,2022-08-09 13:40:00+00:00,135.0153753,2022-08-10 12:30:00+00:00,134.0,1,6.587955350871631,-6.68924714077781,123.55634438064925
WV05TR,2,C:USDJPY,2022-08-09 13:50:00+00:00,134.97162562499997,2022-08-10 12:30:00+00:00,134.0,-1,6.434150945792731,6.251585934050031,129.8079303146993
OMDIP2,2,C:USDJPY,2022-08-09 13:55:00+00:00,135.02137545,2022-08-10 12:30:00+00:00,134.0,1,6.516558790418863,-6.65585316701548,123.15207714768381
418LXN,2,C:USDJPY,2022-08-09 15:40:00+00:00,135.03237572499998,2022-08-10 12:30:00+00:00,134.0,1,6.443459267815024,-6.6520709331183765,116.50000621456543
1AR6JL,2,C:USDJPY,2022-08-09 15:50:00+00:00,134.98262534999998,2022-08-10 12:30:00+00:00,134.0,-1,6.494195167561662,6.381360799493444,122.88136701405888
MGMC0J,2,C:USDJPY,2022-08-10 13:35:00+00:00,132.94667624999997,2022-08-10 19:35:00+00:00,134.0,-1,5.823761469860574,-6.134306270539241,116.74706074351964
F9O6DY,2,C:USDJPY,2022-08-10 13:40:00+00:00,133.02932565,2022-08-10 19:35:00+00:00,134.0,1,5.959329147141522,5.784567946337627,122.53162868985727
XDTGX7,2,C:USDJPY,2022-08-10 13:45:00+00:00,132.97467555,2022-08-10 19:35:00+00:00,134.0,-1,6.059239004637953,-6.212685899848953,116.31894279000832
X4W22H,2,C:USDJPY,2022-08-10 19:20:00+00:00,133.00632507499998,2022-08-10 19:35:00+00:00,134.0,1,6.125691276872414,6.0869458201194835,122.4058886101278
TN7QA3,2,C:USDJPY,2022-08-10 19:25:00+00:00,132.95367607499998,2022-08-10 19:35:00+00:00,134.0,-1,5.896418762670603,-6.169564023201292,116.23632458692651
W6629F,2,C:USDJPY,2022-08-11 13:05:00+00:00,132.05330125,2022-08-11 17:50:00+00:00,133.0,1,5.556229664767083,5.260075678347894,121.4964002652744
RDGBWL,2,C:USDJPY,2022-08-11 13:10:00+00:00,131.951701125,2022-08-11 17:50:00+00:00,133.0,-1,5.6207120206444605,-5.892186087940567,115.60421417733383
OEKV79,2,C:USDJPY,2022-08-11 13:20:00+00:00,132.04530105,2022-08-11 17:50:00+00:00,133.0,1,5.5775587613688264,5.324889493042085,120.92910367037591
T7BPVQ,2,C:USDJPY,2022-08-11 13:50:00+00:00,131.991700125,2022-08-11 17:50:00+00:00,133.0,-1,5.777153309489226,-5.825102959813856,115.10400071056205
CLYQBE,2,C:USDJPY,2022-08-11 14:00:00+00:00,132.11030267499999,2022-08-11 17:50:00+00:00,133.0,1,5.245321506630239,4.666748513213969,119.77074922377602
2LSLYN,2,C:USDJPY,2022-08-11 19:50:00+00:00,133.0633265,2022-08-14 21:00:00+00:00,133.32266685,1,5.649563642630933,1.4651598124271936,121.23590903620321
ERALAR,2,C:USDJPY,2022-08-11 21:35:00+00:00,132.99732484999998,2022-08-14 21:00:00+00:00,133.32266685,1,5.976584292603538,1.9444338869242574,123.18034292312747
PDA7JS,2,C:USDJPY,2022-08-11 21:40:00+00:00,132.9993249,2022-08-14 21:00:00+00:00,133.32266685,1,5.952820537961034,1.9247966007442832,125.10513952387176
3670OS,2,C:USDJPY,2022-08-11 21:45:00+00:00,132.992324725,2022-08-14 21:00:00+00:00,133.32266685,1,5.970625584435579,1.9723491431417395,127.0774886670135
DOZLGP,2,C:USDJPY,2022-08-11 21:50:00+00:00,133.00632507499998,2022-08-14 21:00:00+00:00,133.32266685,1,5.96467874620421,1.8868770618790867,128.96436572889257
1HQAU2,2,C:USDJPY,2022-08-11 22:00:00+00:00,133.01232522499998,2022-08-14 21:00:00+00:00,133.32266685,1,5.929245011078075,1.8400915317611521,130.80445726065372
IZRIXE,2,C:USDJPY,2022-08-15 15:05:00+00:00,133.03732584999997,2022-08-16 09:05:00+00:00,134.0,1,6.3068687203788105,6.071459484552426,136.87591674520615
2J8DAJ,2,C:USDJPY,2022-08-17 13:10:00+00:00,134.97462555,2022-08-19 00:05:00+00:00,136.0,-1,6.7360195248625665,-6.906942315495127,129.96897442971104
8T1GTR,2,C:USDJPY,2022-08-17 13:15:00+00:00,135.13337825,2022-08-19 00:05:00+00:00,136.0,1,6.067194891188293,5.257963054192702,135.22693748390375
CTAWFV,2,C:USDJPY,2022-08-17 19:15:00+00:00,134.977625475,2022-08-19 00:05:00+00:00,136.0,-1,6.7161882603143,-6.866459782449432,128.36047770145433
7ZVZUI,2,C:USDJPY,2022-08-17 19:20:00+00:00,135.052376225,2022-08-19 00:05:00+00:00,136.0,1,6.5303395393705115,6.188305006330117,134.54878270778445
MG3PGO,2,C:USDJPY,2022-08-17 19:30:00+00:00,135.0006249,2022-08-19 00:05:00+00:00,136.0,-1,6.8301355661279874,-6.825867414412775,127.72291529337168
Q1T4XF,2,C:USDJPY,2022-08-17 19:35:00+00:00,134.97162562499997,2022-08-19 00:05:00+00:00,136.0,-1,6.689927504653308,-6.879750016393336,120.84316527697835
8L6031,2,C:USDJPY,2022-08-17 19:40:00+00:00,135.0113752,2022-08-19 00:05:00+00:00,136.0,1,6.816529718386825,6.738990329534208,127.58215560651256
ME0VLW,2,C:USDJPY,2022-08-17 19:45:00+00:00,134.97662549999998,2022-08-19 00:05:00+00:00,136.0,-1,6.749305559428246,-6.907067202227216,120.67508840428535
3AE758,2,C:USDJPY,2022-08-17 19:50:00+00:00,135.01237522499997,2022-08-19 00:05:00+00:00,136.0,1,6.7693331723643295,6.685561151256553,127.3606495555419
DXMFRW,2,C:USDJPY,2022-08-17 21:05:00+00:00,135.03737585,2022-08-19 00:05:00+00:00,136.0,1,6.511699179125013,6.268318887360982,133.62896844290287
IMDQKQ,2,C:USDJPY,2022-08-18 14:00:00+00:00,135.0073751,2022-08-19 00:05:00+00:00,136.0,1,6.82332585968136,6.773003149133691,140.40197159203657
26M0NR,2,C:USDJPY,2022-08-19 13:40:00+00:00,136.96257585,2022-08-21 21:00:00+00:00,136.900422425,-1,6.782703941644115,0.42156828073431435,140.82353987277088
ASRBRU,2,C:USDJPY,2022-08-19 15:45:00+00:00,136.989575175,2022-08-21 21:00:00+00:00,136.900422425,-1,6.95059265307118,0.6196644491511673,141.44320432192205
75OK4L,2,C:USDJPY,2022-08-19 15:50:00+00:00,137.028425625,2022-08-21 21:00:00+00:00,136.893577575,1,6.8555650191424045,-0.9244595744796785,140.51874474744238
GDNX7B,2,C:USDJPY,2022-08-23 13:50:00+00:00,136.735581525,2022-08-23 14:10:00+00:00,136.0,-1,5.571718665639956,4.098453312942328,144.6171980603847
I5OM8O,2,C:USDJPY,2022-08-24 13:10:00+00:00,137.0634265,2022-08-26 05:10:00+00:00,136.795580025,1,6.815136572120058,-1.8254103074859334,142.79178775289878
HVOE3Q,2,C:USDJPY,2022-08-24 21:10:00+00:00,137.09342725,2022-08-26 13:10:00+00:00,136.62058439999998,1,6.751503177422448,-3.192400004196529,139.59938774870224
TWB43U,2,C:USDJPY,2022-08-26 15:55:00+00:00,136.98657525000002,2022-08-28 21:00:00+00:00,137.64544105,-1,6.931449242735926,-4.56689485047441,135.03249289822784
29EI5Q,2,C:USDJPY,2022-08-26 16:00:00+00:00,137.06942665,2022-08-28 21:00:00+00:00,137.63855894999998,1,6.499040397984201,3.698813809497523,138.73130670772537
429QPV,2,C:USDJPY,2022-08-31 21:30:00+00:00,139.02147545,2022-09-01 14:20:00+00:00,140.0,1,6.908929616918659,6.760557244377024,145.4918639521024
B8R5PF,2,C:USDJPY,2022-09-01 15:05:00+00:00,139.94150137499997,2022-09-04 21:00:00+00:00,140.12050292499998,-1,6.948035527798417,-1.243709128931051,144.24815482317135
SYS559,2,C:USDJPY,2022-09-02 15:15:00+00:00,139.94650124999998,2022-09-04 21:00:00+00:00,140.12050292499998,-1,6.856355511408932,-1.1930173433806326,143.05513747979072
E80X1K,2,C:USDJPY,2022-09-02 15:25:00+00:00,140.040500925,2022-09-04 21:00:00+00:00,140.11349707499997,1,7.049024416284152,0.5145516436445012,143.5696891234352
CG5JF9,2,C:USDJPY,2022-09-07 19:25:00+00:00,143.981400375,2022-09-09 04:05:00+00:00,143.0,-1,7.023957393514502,6.893314419979103,150.46300354341432
JCZCZA,2,C:USDJPY,2022-09-08 13:40:00+00:00,143.939401425,2022-09-09 04:05:00+00:00,143.0,-1,6.640596166671273,6.23818550182053,156.70118904523486
USAZN1,2,C:USDJPY,2022-09-08 15:10:00+00:00,144.0756018,2022-09-09 04:05:00+00:00,143.0,1,6.70886397773066,-7.21606617040217,149.48512287483268
CTHXN4,2,C:USDJPY,2022-09-08 15:15:00+00:00,143.969400675,2022-09-09 04:05:00+00:00,143.0,-1,6.996573544026986,6.782483116266922,156.2676059910996
DHM1U9,2,C:USDJPY,2022-09-08 15:45:00+00:00,144.03960089999998,2022-09-09 04:05:00+00:00,143.0,1,6.92235723835267,-7.196488815112827,149.07111717598679
8SCACA,2,C:USDJPY,2022-09-08 19:10:00+00:00,143.9804004,2022-09-09 04:05:00+00:00,143.0,-1,7.030836881656861,6.893035291111194,155.964152467098
5XMF19,2,C:USDJPY,2022-09-08 20:00:00+00:00,144.01760035,2022-09-09 04:05:00+00:00,143.0,1,7.058490124062724,-7.182722020717836,148.78143044638014
NHTJL1,2,C:USDJPY,2022-09-13 13:40:00+00:00,143.873403075,2022-09-14 08:05:00+00:00,143.0,-1,6.612508019839118,5.775384837989638,154.55681528436978
GA6HEL,2,C:USDJPY,2022-09-13 14:00:00+00:00,144.1116027,2022-09-14 08:05:00+00:00,143.0,1,6.720028475446262,-7.470001797382893,147.08681348698687
7XSPLI,2,C:USDJPY,2022-09-14 13:05:00+00:00,142.915427025,2022-09-16 05:05:00+00:00,143.3075826,-1,6.796987684241578,-2.6654766135815073,144.42133687340535
4DF6RZ,2,C:USDJPY,2022-09-16 15:10:00+00:00,143.01057517499999,2022-09-18 21:00:00+00:00,142.8684282,1,7.1637567893553555,-1.0183063572423927,143.40303051616297
CD612E,2,C:USDJPY,2022-09-16 15:20:00+00:00,142.871428125,2022-09-18 21:00:00+00:00,142.87557180000002,-1,6.464697263805131,-0.02678760443474638,143.3762429117282
U2O299,2,C:USDJPY,2022-09-16 15:45:00+00:00,143.004575025,2022-09-18 21:00:00+00:00,142.8684282,1,7.2138529906795545,-0.9821431806977565,142.39409973103045
IOXGV4,2,C:USDJPY,2022-09-16 15:50:00+00:00,142.969425675,2022-09-18 21:00:00+00:00,142.87557180000002,-1,7.031223801042221,0.6599075997198961,143.05400733075035
6PZKI6,2,C:USDJPY,2022-09-16 15:55:00+00:00,143.028575625,2022-09-18 21:00:00+00:00,142.8684282,1,7.038076845682451,-1.1271298837881036,141.92687744696224
0Z5KBC,2,C:USDJPY,2022-09-21 13:05:00+00:00,144.0076001,2022-09-22 02:50:00+00:00,145.0,1,7.061038678953377,7.00737407888953,148.93425152585178
HVIPIX,2,C:USDJPY,2022-09-21 13:10:00+00:00,143.983400325,2022-09-22 02:50:00+00:00,145.0,-1,7.005275293532157,-7.121560586690384,141.8126909391614
MI370N,2,C:USDJPY,2022-09-21 13:20:00+00:00,144.02360050000001,2022-09-22 02:50:00+00:00,145.0,1,6.950385771153972,6.78635319176175,148.59904413092315
K9L6HT,2,C:USDJPY,2022-09-21 13:25:00+00:00,143.97040065,2022-09-22 02:50:00+00:00,145.0,-1,6.943585002297624,-7.149110605035467,141.44993352588767
QZR5HS,2,C:USDJPY,2022-09-21 13:45:00+00:00,144.028600625,2022-09-22 02:50:00+00:00,145.0,1,6.936797529177259,6.738400784344363,148.18833431023202
06737A,2,C:USDJPY,2022-09-21 13:50:00+00:00,143.95140112500002,2022-09-22 02:50:00+00:00,145.0,-1,6.784267564386391,-7.113975335714437,141.0743589745176
EEK0OB,2,C:USDJPY,2022-09-21 19:50:00+00:00,144.0156003,2022-09-22 02:50:00+00:00,145.0,1,6.977722588346254,6.868868022651357,147.94322699716895
LT68GG,2,C:USDJPY,2022-09-21 19:55:00+00:00,143.947401225,2022-09-22 02:50:00+00:00,145.0,-1,6.784267564386391,-7.141111727545396,140.80211526962356
IM0MLR,2,C:USDJPY,2022-09-21 21:05:00+00:00,144.04660107499998,2022-09-22 02:50:00+00:00,145.0,1,6.8103108179926055,6.49294301279013,147.2950582824137
UHCMI7,2,C:USDJPY,2022-09-21 21:20:00+00:00,144.00059992500002,2022-09-22 02:50:00+00:00,145.0,1,6.751992266744239,6.747941577783496,154.0429998601972
9OP2EO,2,C:USDJPY,2022-09-21 21:25:00+00:00,144.00960014999998,2022-09-22 02:50:00+00:00,145.0,1,7.033046454260069,6.965528153342325,161.00852801353952
EPOQLO,2,C:USDJPY,2022-09-22 13:05:00+00:00,141.148528625,2022-09-22 13:55:00+00:00,142.0,1,7.000370783197509,5.960615336278929,166.96914334981844
S0ZBV1,2,C:USDJPY,2022-09-22 15:55:00+00:00,141.933451575,2022-09-23 09:35:00+00:00,143.0,-1,7.846294330348663,-8.368452860119858,158.6006904896986
O8A51I,2,C:USDJPY,2022-09-22 16:00:00+00:00,142.16855412499999,2022-09-23 09:35:00+00:00,143.0,1,7.166057654498695,5.958189076845216,164.55887956654382
UUP0JZ,2,C:USDJPY,2022-09-23 13:50:00+00:00,143.0315757,2022-09-25 21:00:00+00:00,143.69740747499998,1,8.138421343548197,5.418819528872473,169.97769909541628
1LAD4S,2,C:USDJPY,2022-09-26 13:10:00+00:00,144.03360075,2022-09-28 05:10:00+00:00,144.671383125,1,8.259363415715105,5.267676415262896,175.24537551067917
DPHTIG,2,C:USDJPY,2022-09-28 19:10:00+00:00,144.03360075,2022-09-30 11:10:00+00:00,144.557385975,1,8.590459583856736,4.499555805983663,179.74493131666284
1STCE5,2,C:USDJPY,2022-10-04 19:10:00+00:00,144.04860112499998,2022-10-06 11:10:00+00:00,144.74938117499997,1,8.608473722062305,6.032646645370437,185.7775779620333
DUPU86,2,C:USDJPY,2022-10-04 19:55:00+00:00,143.989400175,2022-10-06 11:55:00+00:00,144.73861837500002,-1,8.933644697647257,-6.693249199811088,179.0843287622222
GGZ66F,2,C:USDJPY,2022-10-04 20:00:00+00:00,144.058601375,2022-10-06 12:00:00+00:00,144.69438255,1,8.575616952130847,5.452215822175714,184.53654458439792
3NQKWF,2,C:USDJPY,2022-10-04 21:05:00+00:00,144.1076026,2022-10-06 13:05:00+00:00,144.789380175,1,8.06031082137495,5.495339165543141,190.03188374994104
2ZEUS3,2,C:USDJPY,2022-10-07 13:20:00+00:00,144.9803754,2022-10-09 21:00:00+00:00,145.2116302,-1,9.36117653940609,-2.164817008384934,187.8670667415561
G9AKRI,2,C:USDJPY,2022-10-07 13:25:00+00:00,145.04962615,2022-10-09 21:00:00+00:00,145.2043698,1,9.083742053056524,1.4056514009484633,189.27271814250457
VHOKQO,2,C:USDJPY,2022-10-17 20:00:00+00:00,149.074726775,2022-10-19 12:00:00+00:00,149.615259525,1,8.819791152959144,4.767385966334776,194.04010410883936
0BKGJ2,2,C:USDJPY,2022-10-17 21:05:00+00:00,148.96627575,2022-10-19 13:05:00+00:00,149.748743625,-1,8.970271002014377,-7.01894888912039,187.02115521971896
ZQK0V0,2,C:USDJPY,2022-10-17 21:10:00+00:00,149.00972514999998,2022-10-19 13:10:00+00:00,149.76225584999997,1,9.20587150498596,6.927700927757084,193.94885614747605
8TI7A1,2,C:USDJPY,2022-10-18 13:15:00+00:00,149.02472552499998,2022-10-20 05:15:00+00:00,149.91125212499998,1,9.26898717642078,8.217203686955878,202.16605983443193
8WR5JS,2,C:USDJPY,2022-10-18 13:40:00+00:00,148.95227609999998,2022-10-20 05:40:00+00:00,149.93974839999998,-1,9.082184171905196,-8.968405293254886,193.19765454117706
HCBO6J,2,C:USDJPY,2022-10-18 13:50:00+00:00,149.0117252,2022-10-20 05:50:00+00:00,149.93725147499998,1,9.38852768564028,8.689329056624846,201.8869835978019
SGZSV9,2,C:USDJPY,2022-10-21 15:15:00+00:00,148.17829544999998,2022-10-21 15:15:00+00:00,148.0,-1,5.432911291652354,0.9686633635551232,202.85564696135702
DC77LK,2,C:USDJPY,2022-10-21 15:25:00+00:00,147.39031515,2022-10-21 15:45:00+00:00,147.0,-1,6.311625605518156,2.4635230949616105,205.31917005631863
555MM2,2,C:USDJPY,2022-10-21 15:30:00+00:00,148.24170594999998,2022-10-21 15:45:00+00:00,147.0,1,8.334250080581743,-10.348687913846183,194.97048214247243
PZ04NS,2,C:USDJPY,2022-10-21 15:45:00+00:00,147.819304425,2022-10-21 15:45:00+00:00,147.0,-1,8.835176261383177,7.238699006606306,202.20918114907874
JOZIZH,2,C:USDJPY,2022-10-21 15:55:00+00:00,146.50933717499998,2022-10-21 16:00:00+00:00,146.0,-1,6.767375540464484,3.446875939944175,205.6560570890229
BJ9KLM,2,C:USDJPY,2022-10-21 19:10:00+00:00,146.876328,2022-10-23 21:00:00+00:00,147.462686475,-1,9.255448113817497,-5.427010441459629,200.22904664756328
5200IK,2,C:USDJPY,2022-10-21 19:20:00+00:00,147.06567655,2022-10-23 21:00:00+00:00,147.455313525,1,9.664288397040874,3.765564096550624,203.9946107441139
AIPPY2,2,C:USDJPY,2022-10-21 19:25:00+00:00,146.81532952499998,2022-10-23 21:00:00+00:00,147.462686475,-1,8.849227929820001,-5.728609202503238,198.26600154161068
64IPUP,2,C:USDJPY,2022-10-21 19:30:00+00:00,147.130678175,2022-10-23 21:00:00+00:00,147.455313525,1,9.189278690305102,2.9831647038746842,201.24916624548536
0PW7IG,2,C:USDJPY,2022-10-23 21:40:00+00:00,148.00369999999998,2022-10-23 22:10:00+00:00,149.0,1,9.73158444127113,9.695577578838614,210.94474382432398
RYUKG2,2,C:USDJPY,2022-10-24 21:40:00+00:00,148.98972464999997,2022-10-25 13:35:00+00:00,148.0,1,10.453158762355443,-10.34574889746637,200.5989949268576
5RWI80,2,C:USDJPY,2022-10-24 21:45:00+00:00,149.050726175,2022-10-25 13:35:00+00:00,148.0,1,10.06415762520628,-10.574673846130018,190.0243210807276
AV7KTG,2,C:USDJPY,2022-10-24 13:55:00+00:00,148.83827895000002,2022-10-25 13:45:00+00:00,148.0,-1,10.006866405328173,8.388545463048947,198.41286654377654
I8GPPD,2,C:USDJPY,2022-10-24 21:30:00+00:00,149.009274675,2022-10-25 13:45:00+00:00,148.0,-1,10.536700490725124,10.634424963348945,209.0472915071255
36VMQD,2,C:USDJPY,2022-10-24 21:35:00+00:00,148.989275175,2022-10-25 13:45:00+00:00,148.0,-1,10.484331203992243,10.37188858658727,219.41918009371275
MIHFFD,2,C:USDJPY,2022-10-25 13:50:00+00:00,147.82130437499998,2022-10-26 08:00:00+00:00,147.0,-1,9.40099314883087,7.721076802479656,227.1402568961924
KYDZNT,2,C:USDJPY,2022-10-25 21:45:00+00:00,148.01770035,2022-10-26 08:00:00+00:00,147.0,1,10.840868581705172,-11.032755749905492,216.1075011462869
UHG5GF,2,C:USDJPY,2022-10-26 13:40:00+00:00,146.931326625,2022-10-27 00:15:00+00:00,146.0,-1,10.203375880372125,9.502675622273344,225.61017676856022
FYDRWU,2,C:USDJPY,2022-10-26 13:45:00+00:00,147.04967614999998,2022-10-27 00:15:00+00:00,146.0,1,10.32032001653741,-10.83299378172674,214.77718298683348
58885O,2,C:USDJPY,2022-10-26 13:50:00+00:00,146.85432855,2022-10-27 00:15:00+00:00,146.0,-1,9.47009207477163,8.090570030606054,222.86775301743953
AM8A7X,2,C:USDJPY,2022-10-27 15:05:00+00:00,145.97035064999997,2022-10-28 07:25:00+00:00,147.0,-1,10.818822962011616,-11.13959403060064,211.72815898683888
D5ADIR,2,C:USDJPY,2022-10-27 16:00:00+00:00,146.022650475,2022-10-28 07:25:00+00:00,147.0,1,10.914189667847634,10.666978087630726,222.3951370744696
OJB5LF,2,C:USDJPY,2022-11-02 13:30:00+00:00,146.9483262,2022-11-02 18:30:00+00:00,146.0,-1,10.723005644863171,10.168907195771606,232.5640442702412
VM5W75,2,C:USDJPY,2022-11-02 13:40:00+00:00,147.044676025,2022-11-02 18:30:00+00:00,146.0,1,10.580168271858811,-11.052848134076594,221.5111961361646
12J4BO,2,C:USDJPY,2022-11-02 15:05:00+00:00,147.01967539999998,2022-11-02 18:30:00+00:00,146.0,1,10.933880878784194,-11.149009358626436,210.36218677753817
Z30ING,2,C:USDJPY,2022-11-02 15:15:00+00:00,147.07967689999998,2022-11-02 18:30:00+00:00,146.0,1,10.36324031101929,-11.188951172956148,199.17323560458203
P8QJBO,2,C:USDJPY,2022-11-02 19:10:00+00:00,146.92232685,2022-11-02 23:00:00+00:00,148.0,-1,9.20393879873305,-9.91883771763795,189.25439788694408
3XQOYN,2,C:USDJPY,2022-11-02 19:05:00+00:00,147.144678525,2022-11-03 07:55:00+00:00,148.0,1,8.805182829557118,7.531261965421564,196.78565985236565
ZIGE8C,2,C:USDJPY,2022-11-02 19:15:00+00:00,147.064676525,2022-11-03 07:55:00+00:00,148.0,1,9.350856131670538,8.74607525129905,205.53173510366472
9RPS04,2,C:USDJPY,2022-11-03 13:55:00+00:00,147.941301375,2022-11-04 13:10:00+00:00,147.0,-1,9.824652729620757,9.247959123289471,214.77969422695418
NSDDTQ,2,C:USDJPY,2022-11-03 15:35:00+00:00,148.01970039999998,2022-11-04 13:10:00+00:00,147.0,1,10.104805069010107,-10.303873770791396,204.47582045616278
AV0MLT,2,C:USDJPY,2022-11-03 15:40:00+00:00,147.97030064999998,2022-11-04 13:10:00+00:00,147.0,-1,9.986964776660129,9.690358414320272,214.16617887048307
WZMK6J,2,C:USDJPY,2022-11-03 15:45:00+00:00,148.04870112499998,2022-11-04 13:10:00+00:00,147.0,1,9.852911558181376,-10.332759435590111,203.83341943489296
RQRMZW,2,C:USDJPY,2022-11-04 15:30:00+00:00,147.07867687499999,2022-11-06 22:00:00+00:00,147.041323875,1,9.471813170766712,-0.35380063736761086,203.47961879752535
V97ISM,2,C:USDJPY,2022-11-09 13:10:00+00:00,146.0396509,2022-11-10 13:30:00+00:00,145.0,1,9.810974869697672,-10.199988853158548,193.2796299443668
GGW00T,2,C:USDJPY,2022-11-09 15:10:00+00:00,145.9483512,2022-11-10 13:30:00+00:00,145.0,-1,9.698742554695832,9.197814140236765,202.47744408460358
O3O2HN,2,C:USDJPY,2022-11-09 15:15:00+00:00,146.03765084999998,2022-11-10 13:30:00+00:00,145.0,1,9.810974869697672,-10.180366412870205,192.29707767173338
X68G87,2,C:USDJPY,2022-11-10 13:35:00+00:00,144.32639175,2022-11-10 13:40:00+00:00,144.0,-1,5.813091828045157,1.8973452146663525,194.19442288639974
V83DZD,2,C:USDJPY,2022-11-10 13:45:00+00:00,143.74040639999998,2022-11-10 14:35:00+00:00,143.0,-1,7.742999317639601,5.732966249975865,199.9273891363756
MPL5TO,2,C:USDJPY,2022-11-10 15:15:00+00:00,142.10155245,2022-11-10 21:00:00+00:00,141.0,1,9.021994094601755,-9.938199698794222,189.9891894375814
LYGWAR,2,C:USDJPY,2022-11-10 15:25:00+00:00,141.79845494999998,2022-11-10 21:00:00+00:00,141.0,-1,8.358168442156186,6.6736209655732175,196.6628104031546
2MGKVB,2,C:USDJPY,2022-11-10 19:05:00+00:00,141.9844503,2022-11-10 21:00:00+00:00,141.0,-1,9.897395501800863,9.74349397096643,206.40630437412102
ITFLDX,2,C:USDJPY,2022-11-10 19:15:00+00:00,142.00755009999997,2022-11-10 21:00:00+00:00,141.0,1,9.94663627544162,-10.021734373984579,196.38457000013645
2PN096,2,C:USDJPY,2022-11-10 19:20:00+00:00,141.9924501,2022-11-10 21:00:00+00:00,141.0,-1,9.917033191288377,9.842160582397602,206.22673058253406
E8KWG5,2,C:USDJPY,2022-11-10 21:05:00+00:00,140.853478575,2022-11-10 23:05:00+00:00,142.0,-1,9.013406056928893,-10.334063156493773,195.89266742604028
5BLT4J,2,C:USDJPY,2022-11-15 13:35:00+00:00,137.99055015,2022-11-15 14:20:00+00:00,139.0,-1,9.640387176478175,-9.731487389237913,186.16118003680236
CGUMMS,2,C:USDJPY,2022-11-15 13:45:00+00:00,138.31745784999998,2022-11-15 14:20:00+00:00,139.0,1,7.482531223301782,5.107142948594659,191.26832298539702
W6N090,2,C:USDJPY,2022-11-15 15:10:00+00:00,139.15347875,2022-11-16 02:45:00+00:00,140.0,1,8.323251652976365,7.045809393342077,198.3141323787391
8O6LQH,2,C:USDJPY,2022-11-18 13:55:00+00:00,140.0075001,2022-11-20 22:30:00+00:00,140.281492875,1,9.856567215643373,2.700628203388256,201.01476058212734
W99I4V,2,C:USDJPY,2022-11-18 14:00:00+00:00,139.9245018,2022-11-20 22:30:00+00:00,140.288507125,-1,9.293070870606268,-3.382727282503009,197.63203329962434
JNAQ7A,2,C:USDJPY,2022-11-23 15:45:00+00:00,139.89050265,2022-11-24 01:00:00+00:00,139.0,-1,8.92646943539383,7.949044687362227,205.58107798698657
F8EOZP,2,C:USDJPY,2022-11-25 19:15:00+00:00,139.051523625,2022-11-27 22:00:00+00:00,139.21548029999997,-1,10.018571051997293,-1.6426115979365292,203.93846638905003
WRQGU6,2,C:USDJPY,2022-11-30 13:15:00+00:00,139.01747535,2022-11-30 19:20:00+00:00,138.0,1,10.056137395909666,-10.231871916551398,193.70659447249864
K8I0HJ,2,C:USDJPY,2022-11-30 13:20:00+00:00,138.851528625,2022-11-30 19:20:00+00:00,138.0,-1,8.913394510010885,7.590010571191994,201.29660504369062
JYNQML,2,C:USDJPY,2022-11-30 13:35:00+00:00,139.10247747499997,2022-11-30 19:20:00+00:00,138.0,1,9.261510735197557,-10.210606970025738,191.08599807366488
K1MH8O,2,C:USDJPY,2022-11-30 19:55:00+00:00,137.96255085,2022-12-01 00:55:00+00:00,137.0,-1,9.276019323964048,8.928640284898147,200.01463835856302
AKZOZH,2,C:USDJPY,2022-11-30 21:10:00+00:00,137.973550575,2022-12-01 00:55:00+00:00,137.0,-1,9.348630042742979,9.10136415357461,209.11600251213764
Q9F06B,2,C:USDJPY,2022-11-30 21:15:00+00:00,138.06545155,2022-12-01 00:55:00+00:00,137.0,1,8.979605172634688,-9.567334249571699,199.54866826256594
2K4ZZG,2,C:USDJPY,2022-12-01 13:40:00+00:00,136.036400825,2022-12-02 01:55:00+00:00,135.0,1,9.668055632876424,-10.019980834058897,189.52868742850706
XFBX9F,2,C:USDJPY,2022-12-01 15:20:00+00:00,136.04440102499998,2022-12-02 01:55:00+00:00,135.0,1,9.529544807190378,-9.952666364412915,179.57602106409414
AN2KBH,2,C:USDJPY,2022-12-01 16:00:00+00:00,135.915602025,2022-12-02 07:05:00+00:00,135.0,-1,9.221287812503101,8.443029794235645,188.0190508583298
Z9IANJ,2,C:USDJPY,2022-12-02 13:35:00+00:00,135.684392025,2022-12-04 22:00:00+00:00,134.52663675,1,5.605815469837026,-6.490162430880417,181.52888842744937
TNBJOB,2,C:USDJPY,2022-12-05 15:05:00+00:00,136.094402275,2022-12-06 02:25:00+00:00,137.0,1,8.327013230616918,7.540924237691639,189.069812665141
YHC86C,2,C:USDJPY,2022-12-06 19:15:00+00:00,136.985575275,2022-12-08 11:15:00+00:00,136.8394209,-1,9.359891716096174,1.3679891238337973,190.4378017889748
RDTANV,2,C:USDJPY,2022-12-06 21:10:00+00:00,137.004425025,2022-12-08 13:10:00+00:00,136.60758472499998,1,9.41582732396156,-3.7365797399891783,186.70122204898564
UZIRCJ,2,C:USDJPY,2022-12-07 13:35:00+00:00,136.919576925,2022-12-09 03:00:00+00:00,136.0,-1,8.802132805639612,8.094238218851707,194.79546026783734
CGFYTB,2,C:USDJPY,2022-12-09 13:35:00+00:00,136.20440502499997,2022-12-11 22:00:00+00:00,136.50358732499998,1,8.13002755708832,2.432360343593166,197.2278206114305
8Q8319,2,C:USDJPY,2022-12-13 13:35:00+00:00,135.75460605,2022-12-13 13:45:00+00:00,135.0,-1,7.991402780041513,6.030360885806198,203.2581814972367
A5SLDE,2,C:USDJPY,2022-12-13 13:50:00+00:00,134.99162512499998,2022-12-15 05:50:00+00:00,135.706392575,-1,10.082251066330805,-7.206464884941159,196.05171661229554
8566RL,2,C:USDJPY,2022-12-13 13:55:00+00:00,135.15837887499998,2022-12-15 05:55:00+00:00,135.6046098,1,8.791443836385627,3.9230141151959854,199.97473072749153
ZNUXN5,2,C:USDJPY,2022-12-13 15:05:00+00:00,135.01637532499998,2022-12-15 07:05:00+00:00,135.69760747499998,1,10.012718300356624,6.820985615096285,206.7957163425878
IH1AEI,2,C:USDJPY,2022-12-14 13:05:00+00:00,134.943626325,2022-12-15 08:15:00+00:00,136.0,-1,9.725271841973166,-10.273521156079244,196.52219518650855
VFSPJZ,2,C:USDJPY,2022-12-14 13:30:00+00:00,135.06237647499998,2022-12-15 08:15:00+00:00,136.0,1,9.569594232449834,8.972676677049481,205.49487186355805
6QMGSE,2,C:USDJPY,2022-12-14 13:45:00+00:00,134.983625325,2022-12-15 08:15:00+00:00,136.0,-1,10.0424002716026,-10.206841312270091,195.28803055128796
31ULIB,2,C:USDJPY,2022-12-14 13:55:00+00:00,135.00237497499998,2022-12-15 08:15:00+00:00,136.0,1,10.12241939727284,10.098378904264996,205.38640945555295
XBGM60,2,C:USDJPY,2022-12-14 19:05:00+00:00,135.50838762499998,2022-12-15 08:15:00+00:00,136.0,1,6.960896626617658,3.422062922741112,208.80847237829406
YMEETU,2,C:USDJPY,2022-12-15 15:10:00+00:00,137.18542954999998,2022-12-15 17:10:00+00:00,138.0,1,8.84032482549924,7.201067371253258,216.00953974954732
TFEQFV,2,C:USDJPY,2022-12-16 15:10:00+00:00,137.00842512499997,2022-12-18 22:00:00+00:00,136.0,1,10.746743271121806,-10.837285926523634,205.17225382302368
3JF012,2,C:USDJPY,2022-12-16 15:15:00+00:00,136.94157637499998,2022-12-18 22:00:00+00:00,136.0,-1,10.286168559502142,9.68521330489482,214.8574671279185
28NIC3,2,C:USDJPY,2022-12-19 21:10:00+00:00,136.989575175,2022-12-20 03:00:00+00:00,136.0,-1,10.689426225269626,10.577990827520766,225.4354579554393
DAC0P2,2,C:USDJPY,2022-12-19 21:15:00+00:00,137.018425375,2022-12-20 03:00:00+00:00,136.0,1,10.615487506320079,-10.811081844431762,214.62437611100754
CGQ834,2,C:USDJPY,2022-12-19 21:20:00+00:00,136.97857545,2022-12-20 03:00:00+00:00,136.0,-1,10.552920782314262,10.326829203367467,224.951205314375
E9FVYJ,2,C:USDJPY,2022-12-20 15:20:00+00:00,132.0113002,2022-12-20 16:10:00+00:00,131.0,1,11.16937464321618,-11.295590810559382,213.6556145038156
8U9RK9,2,C:USDJPY,2022-12-20 15:15:00+00:00,131.89770247500002,2022-12-20 16:50:00+00:00,131.0,-1,10.234358749516703,9.187409179479221,222.84302368329483
AME0WR,2,C:USDJPY,2022-12-20 15:25:00+00:00,131.893702575,2022-12-20 16:50:00+00:00,131.0,-1,10.225054787017099,9.138157792673175,231.98118147596801
3JM7GN,2,C:USDJPY,2022-12-21 13:50:00+00:00,132.03530080000002,2022-12-23 05:50:00+00:00,132.691682625,1,11.239398327323915,7.377336785990623,239.35851826195864
KCGAW5,2,C:USDJPY,2022-12-21 15:25:00+00:00,131.95870094999998,2022-12-23 07:25:00+00:00,132.542313475,-1,11.185206435678237,-6.5278265705725005,232.83069169138614
HZWFYU,2,C:USDJPY,2022-12-21 15:30:00+00:00,132.002299975,2022-12-23 07:30:00+00:00,132.5446863,1,11.587471602196478,6.284886138357156,239.1155778297433
BCC0DK,2,C:USDJPY,2022-12-22 13:20:00+00:00,131.991700125,2022-12-23 13:30:00+00:00,133.0,-1,11.552847683066243,-11.6487348747298,227.4668429550135
59S6E3,2,C:USDJPY,2022-12-22 13:35:00+00:00,132.20930514999998,2022-12-23 13:30:00+00:00,133.0,1,9.60982524755465,7.598439332641654,235.06528228765515
GFF3J0,2,C:USDJPY,2022-12-23 15:15:00+00:00,132.931676625,2022-12-25 22:00:00+00:00,132.340308425,-1,10.99463434460484,6.5018771220272,241.56715940968235
P1C2EZ,2,C:USDJPY,2022-12-26 13:55:00+00:00,132.97467555,2022-12-28 02:20:00+00:00,134.0,-1,11.841527422042805,-12.14140759116595,229.4257518185164
FXEB9P,2,C:USDJPY,2022-12-28 15:15:00+00:00,133.93065165,2022-12-29 14:40:00+00:00,133.0,-1,10.730858363821927,9.98669104220704,239.41244286072344
MH6M4M,2,C:USDJPY,2022-12-29 19:10:00+00:00,132.97767547499998,2022-12-30 08:10:00+00:00,132.0,-1,11.712937517648019,11.451451751211659,250.8638946119351
YV34VO,2,C:USDJPY,2022-12-29 21:05:00+00:00,132.93067664999998,2022-12-30 08:10:00+00:00,132.0,-1,11.2717722627458,10.490375249054967,261.3542698609901
N6PDMW,2,C:USDJPY,2022-12-29 21:45:00+00:00,133.0233255,2022-12-30 08:10:00+00:00,132.0,1,11.701487920856843,-11.974430977354773,249.3798388836353
AYJ6TI,2,C:USDJPY,2022-12-29 21:55:00+00:00,133.02132545,2022-12-30 08:10:00+00:00,132.0,1,11.805347281100646,-12.057101624276466,237.32273725935883
8NWK2K,2,C:USDJPY,2022-12-30 13:30:00+00:00,132.02830062499999,2022-12-30 17:55:00+00:00,131.0,1,11.565435538954992,-11.892744593104466,225.42999266625438
CRC1BX,2,C:USDJPY,2022-12-30 15:25:00+00:00,132.11030267499999,2022-12-30 17:55:00+00:00,131.0,1,10.699852897175695,-11.88007529384052,213.54991737241386
2FUZCQ,2,C:USDJPY,2022-12-30 13:40:00+00:00,131.927701725,2022-12-30 18:00:00+00:00,131.0,-1,11.131460471827312,10.326675081483417,223.87659245389727
CPJHSD,2,C:USDJPY,2022-12-30 16:00:00+00:00,131.92670175,2022-12-30 18:00:00+00:00,131.0,-1,11.07949286925084,10.267385431047348,234.14397788494463
H6QQOQ,2,C:USDJPY,2023-01-03 21:45:00+00:00,131.03127569999998,2023-01-04 08:30:00+00:00,130.0,1,11.421657457802432,-11.778877789955201,222.36510009498943
51HMAJ,2,C:USDJPY,2023-01-04 16:00:00+00:00,132.0153003,2023-01-05 13:15:00+00:00,133.0,1,10.997284871166995,10.829023113452603,233.19412320844202
A8ZKLA,2,C:USDJPY,2023-01-05 13:20:00+00:00,133.4713367,2023-01-05 15:35:00+00:00,134.0,1,7.975175212327079,4.216182445827076,237.4103056542691
Z5EL19,2,C:USDJPY,2023-01-06 13:45:00+00:00,133.53866145,2023-01-06 15:10:00+00:00,133.0,-1,8.192212065364634,4.412828829836862,241.82313448410596
X78KTJ,2,C:USDJPY,2023-01-06 15:15:00+00:00,132.99067515,2023-01-06 19:10:00+00:00,132.0,-1,12.04298478506515,11.930685758391979,253.75382024249794
4Z28HG,2,C:USDJPY,2023-01-09 13:25:00+00:00,131.949701175,2023-01-11 05:25:00+00:00,132.30130745,-1,12.1181385025071,-4.260813538800535,249.4930067036974
EL0MRS,2,C:USDJPY,2023-01-09 15:35:00+00:00,132.002299975,2023-01-11 07:35:00+00:00,132.27169312499998,1,12.675015996129067,3.4145624854974055,252.90756918919482
OFLBLB,2,C:USDJPY,2023-01-12 13:35:00+00:00,129.73075665,2023-01-12 18:00:00+00:00,129.0,-1,10.051970158552749,7.345544038963868,260.25311322815867
IQ5D43,2,C:USDJPY,2023-01-12 13:40:00+00:00,130.13325325,2023-01-12 18:00:00+00:00,129.0,1,10.948379618580121,-12.407286784989635,247.84582644316905
D50Z49,2,C:USDJPY,2023-01-12 13:50:00+00:00,129.75875595,2023-01-12 18:00:00+00:00,129.0,-1,10.31433805828691,7.826065372036579,255.6718918152056
FRCWWZ,2,C:USDJPY,2023-01-12 15:50:00+00:00,129.96575077499998,2023-01-12 18:00:00+00:00,129.0,-1,12.217756965661627,11.799308258349061,267.47120007355466
Z4NA0N,2,C:USDJPY,2023-01-18 13:05:00+00:00,128.891777625,2023-01-18 14:05:00+00:00,128.0,-1,12.09182640477197,10.783220233159874,278.2544203067145
U11L8C,2,C:USDJPY,2023-01-18 13:15:00+00:00,128.95877595,2023-01-18 14:05:00+00:00,128.0,-1,12.93381044843118,12.400626399814389,290.6550467065289
SB39GW,2,C:USDJPY,2023-01-20 15:25:00+00:00,129.90675224999998,2023-01-22 22:00:00+00:00,129.440235925,-1,13.418977225601186,6.260171940545979,296.9152186470749
AAUB0T,2,C:USDJPY,2023-01-24 15:05:00+00:00,130.951726125,2023-01-24 16:10:00+00:00,130.0,-1,14.19288808064422,13.507742375550116,310.422961022625
AGRCW9,2,C:USDJPY,2023-01-31 13:55:00+00:00,129.92975167499998,2023-02-01 19:40:00+00:00,129.0,-1,14.656419311738702,13.626830404591072,324.04979142721606
2YPHS3,2,C:USDJPY,2023-01-31 15:10:00+00:00,130.016250325,2023-02-01 19:40:00+00:00,129.0,1,15.33710281732336,-15.586335722663085,308.463455704553
M8880E,2,C:USDJPY,2023-01-31 15:20:00+00:00,129.979750425,2023-02-01 19:40:00+00:00,129.0,-1,15.291771478947249,14.98211960550132,323.4455753100543
83UDG1,2,C:USDJPY,2023-01-31 15:25:00+00:00,130.07225172499997,2023-02-01 19:40:00+00:00,129.0,1,14.532910160235089,-15.582937988581701,307.8626373214726
SER8H5,2,C:USDJPY,2023-01-31 15:45:00+00:00,129.95575102499998,2023-02-01 19:40:00+00:00,129.0,-1,14.924180818395138,14.263801114466249,322.1264384359389
R40PMJ,2,C:USDJPY,2023-01-31 15:50:00+00:00,130.04225097499997,2023-02-01 19:40:00+00:00,129.0,1,14.938544803783868,-15.569712886824522,306.5567255491144
6O6FSE,2,C:USDJPY,2023-02-01 19:45:00+00:00,128.687782725,2023-02-03 11:45:00+00:00,128.43021067499998,-1,11.709576988125095,3.016059749464459,309.5727852985788
4P44PI,2,C:USDJPY,2023-02-01 21:30:00+00:00,129.064226525,2023-02-03 13:30:00+00:00,128.455788525,1,14.419413243138186,-8.773318954828609,300.7994663437502
9TM6XV,2,C:USDJPY,2023-02-01 21:40:00+00:00,128.955776025,2023-02-03 13:40:00+00:00,129.68224197499998,-1,14.724146279976722,-10.696590915221911,290.1028754285283
E4HVKS,2,C:USDJPY,2023-02-03 13:35:00+00:00,129.40023492499998,2023-02-03 13:45:00+00:00,130.0,1,10.789076985069908,6.470911567131463,296.57378699565976
ZPIVB1,2,C:USDJPY,2023-02-03 13:50:00+00:00,130.150253675,2023-02-03 15:00:00+00:00,131.0,1,12.950820392823777,11.00491203453722,307.57869903019696
4A0TL7,2,C:USDJPY,2023-02-03 13:55:00+00:00,129.901752375,2023-02-03 15:00:00+00:00,131.0,-1,13.48062668162062,-14.805066236601466,292.7736327935955
PERUO3,2,C:USDJPY,2023-02-03 15:10:00+00:00,131.116277825,2023-02-05 22:00:00+00:00,132.0,1,13.176131088820798,11.644039223897868,304.4176720174934
JC4MD2,2,C:USDJPY,2023-02-03 15:15:00+00:00,130.811729625,2023-02-05 22:00:00+00:00,132.0,-1,12.35331783939219,-14.67908162150877,289.7385903959846
OH2B46,2,C:USDJPY,2023-02-03 16:00:00+00:00,131.072276725,2023-02-05 22:00:00+00:00,132.0,1,13.732346753920957,12.739817703983242,302.47840809996785
61RAZY,2,C:USDJPY,2023-02-07 13:45:00+00:00,131.9207019,2023-02-07 17:45:00+00:00,131.0,-1,14.08186257448624,12.965197627868536,315.44360572783637
E78H65,2,C:USDJPY,2023-02-07 15:15:00+00:00,132.034300775,2023-02-07 17:45:00+00:00,131.0,1,14.65496163275023,-15.1576381743487,300.2859675534877
ZRXBKP,2,C:USDJPY,2023-02-07 15:20:00+00:00,131.945701275,2023-02-07 17:45:00+00:00,131.0,-1,14.403733719045933,13.621629342862297,313.90759689635
JA1524,2,C:USDJPY,2023-02-07 22:00:00+00:00,130.647733725,2023-02-09 14:00:00+00:00,130.39925989999998,-1,11.634825681851463,2.8909496403780888,316.7985465367281
PYPYZQ,2,C:USDJPY,2023-02-14 13:35:00+00:00,131.87870295,2023-02-14 14:30:00+00:00,133.0,-1,14.105010976702173,-15.815907198393901,300.9826393383342
2NJQRB,2,C:USDJPY,2023-02-14 13:40:00+00:00,132.22530555,2023-02-14 14:30:00+00:00,133.0,1,12.951698550152278,10.033608984875995,311.01624832321016
JWQSB3,2,C:USDJPY,2023-02-14 13:50:00+00:00,131.931701625,2023-02-14 14:30:00+00:00,133.0,-1,14.943327666826766,-15.963932663563753,295.0523156596464
FMRBA3,2,C:USDJPY,2023-02-14 13:55:00+00:00,132.26930664999998,2023-02-14 14:30:00+00:00,133.0,1,12.492056251448263,9.127862430759475,304.1801780904059
BQAZB5,2,C:USDJPY,2023-02-15 13:35:00+00:00,134.0153503,2023-02-17 05:35:00+00:00,134.7246318,1,14.954777683894157,10.607147147799019,314.7873252382049
QQTCJ2,2,C:USDJPY,2023-02-15 13:45:00+00:00,133.805654775,2023-02-17 05:45:00+00:00,134.71136769999998,-1,12.737863404120974,-11.536847521996723,303.2504777162082
N5RXVN,2,C:USDJPY,2023-02-16 13:35:00+00:00,134.0593514,2023-02-17 08:30:00+00:00,135.0,1,14.416122184379335,13.560505150165405,316.8109828663736
PT9WFU,2,C:USDJPY,2023-02-16 13:40:00+00:00,133.963650825,2023-02-17 08:30:00+00:00,135.0,-1,14.794755743696907,-15.33253290930677,301.4784499570668
TU8UVY,2,C:USDJPY,2023-02-16 13:45:00+00:00,134.06135145,2023-02-17 08:30:00+00:00,135.0,1,14.3345984019983,13.455150004868173,314.933599961935
3Y8BB2,2,C:USDJPY,2023-02-20 13:30:00+00:00,133.98965017499998,2023-02-21 14:45:00+00:00,135.0,-1,15.652763417590757,-15.814766779729537,299.11883318220544
PQ4S8A,2,C:USDJPY,2023-02-20 13:40:00+00:00,134.0153503,2023-02-21 14:45:00+00:00,135.0,1,15.559960472427612,15.321110411187794,314.43994359339325
WKPTWF,2,C:USDJPY,2023-02-21 15:25:00+00:00,134.89362757499998,2023-02-23 07:25:00+00:00,134.85137120000002,-1,14.215187323390364,0.6006822862319373,315.04062587962517
998FZK,2,C:USDJPY,2023-02-21 21:40:00+00:00,135.010375175,2023-02-23 13:40:00+00:00,135.25861845,1,15.659359740706982,3.887330746436142,318.9279566260613
KUKCI0,2,C:USDJPY,2023-02-21 21:45:00+00:00,134.98762522500002,2023-02-23 13:45:00+00:00,135.260381425,-1,15.597219424274869,-4.254238300731012,314.6737183253303
1QZGBG,2,C:USDJPY,2023-02-21 21:50:00+00:00,135.00537505,2023-02-23 13:50:00+00:00,135.323616825,1,15.690615947773967,4.993409470062737,319.667127795393
5M80P3,2,C:USDJPY,2023-02-21 22:00:00+00:00,135.007624725,2023-02-23 14:00:00+00:00,135.26538155,-1,15.383558884217022,-3.965217295196342,315.7019105001967
H73M60,2,C:USDJPY,2023-02-23 13:05:00+00:00,135.040375925,2023-02-24 14:00:00+00:00,136.0,1,15.160761591897451,14.548631818920022,330.2505423191167
PA4PF9,2,C:USDJPY,2023-02-23 13:15:00+00:00,134.989625175,2023-02-24 14:00:00+00:00,136.0,-1,15.658082797198068,-15.820532666054724,314.430009653062
TOJ05R,2,C:USDJPY,2023-02-23 13:30:00+00:00,135.022375475,2023-02-24 14:00:00+00:00,136.0,1,15.44316793527559,15.097619717219185,329.52762937028115
LFRJT7,2,C:USDJPY,2023-02-27 13:50:00+00:00,135.956601,2023-03-01 05:50:00+00:00,136.35940889999998,-1,15.980971356463593,-6.437261512056783,323.09036785822434
JVDE8T,2,C:USDJPY,2023-02-27 13:55:00+00:00,136.020400425,2023-03-01 05:55:00+00:00,136.361590875,1,16.26493728382426,5.549441271089763,328.63980912931413
DMVA8H,2,C:USDJPY,2023-02-27 15:10:00+00:00,136.01740035,2023-03-01 07:10:00+00:00,136.29059265,1,16.26493728382426,4.443455625923787,333.0832647552379
SUC8HD,2,C:USDJPY,2023-02-27 15:25:00+00:00,136.01540029999998,2023-03-01 07:25:00+00:00,136.31059215,1,16.28100935623918,4.8060212717357,337.8892860269736
811R08,2,C:USDJPY,2023-02-28 19:40:00+00:00,136.01540029999998,2023-03-02 11:40:00+00:00,136.70258234999997,1,16.394409421407097,11.265943874741676,349.15522990171524
6P2P33,2,C:USDJPY,2023-03-01 15:45:00+00:00,135.99060015,2023-03-02 13:30:00+00:00,137.0,-1,16.81041224014802,-16.968427593643476,332.1868023080718
1BLMWU,2,C:USDJPY,2023-03-01 15:55:00+00:00,136.142403475,2023-03-02 13:30:00+00:00,137.0,1,14.845750704173133,12.73166421491505,344.9184665229868
6S92IB,2,C:USDJPY,2023-03-02 13:35:00+00:00,137.032425725,2023-03-03 11:50:00+00:00,136.0,1,16.759886614333723,-17.303338088721222,327.6151284342656
F2N6UR,2,C:USDJPY,2023-03-02 14:00:00+00:00,137.056426325,2023-03-03 11:50:00+00:00,136.0,1,16.409061204709367,-17.33496422519102,310.2801642090746
FPLY1L,2,C:USDJPY,2023-03-02 13:40:00+00:00,136.963575825,2023-03-03 11:55:00+00:00,136.0,-1,16.727374710135056,16.118093886402395,326.398258095477
HJXI85,2,C:USDJPY,2023-03-03 13:45:00+00:00,135.9446013,2023-03-05 22:00:00+00:00,135.96539904999997,-1,15.45446297800537,-0.32141805740058904,326.0768400380764
1J9OIW,2,C:USDJPY,2023-03-06 19:20:00+00:00,136.02440052499998,2023-03-07 18:50:00+00:00,137.0,1,15.968503429877071,15.578863562724154,341.65570360080056
I4U7CZ,2,C:USDJPY,2023-03-10 13:45:00+00:00,135.99060015,2023-03-10 14:35:00+00:00,135.0,-1,16.930411476749043,16.771268148429424,358.42697174923
WSIQDO,2,C:USDJPY,2023-03-10 13:50:00+00:00,136.11340275,2023-03-10 14:35:00+00:00,135.0,1,15.348414357628066,-17.088966753922662,341.33800499530736
COIAW7,2,C:USDJPY,2023-03-10 21:40:00+00:00,135.04837612499998,2023-03-12 21:00:00+00:00,134.56563577499998,1,16.36327924234445,-7.899215148597099,333.4387898467103
UOMME2,2,C:USDJPY,2023-03-10 22:00:00+00:00,134.99162512499998,2023-03-12 21:00:00+00:00,134.57236422499997,-1,16.96510959221209,7.112807116229675,340.5515969629399
EUJPI9,2,C:USDJPY,2023-03-12 22:00:00+00:00,133.8566535,2023-03-12 23:55:00+00:00,135.0,-1,15.722603737900807,-17.976383954615912,322.575213008324
VPP7F2,2,C:USDJPY,2023-03-13 14:00:00+00:00,133.04232597499998,2023-03-14 04:50:00+00:00,134.0,1,15.568301786116002,14.909358233924667,337.48457124224865
B32O08,2,C:USDJPY,2023-03-13 15:40:00+00:00,133.084327025,2023-03-14 04:50:00+00:00,134.0,1,14.851529144029477,13.599143874612775,351.0837151168614
989ITP,2,C:USDJPY,2023-03-15 13:35:00+00:00,133.134328275,2023-03-16 13:20:00+00:00,132.0,1,15.534677660038179,-17.621424112792166,333.46229100406924
QZHTLL,2,C:USDJPY,2023-03-15 13:50:00+00:00,132.8406789,2023-03-16 13:20:00+00:00,132.0,-1,15.238008468613952,12.810272197585066,346.2725632016543
78SMY3,2,C:USDJPY,2023-03-15 15:05:00+00:00,133.10732760000002,2023-03-16 13:20:00+00:00,132.0,1,15.972871479384203,-17.687201440375265,328.58536176127905
59KGWD,2,C:USDJPY,2023-03-15 15:10:00+00:00,132.933676575,2023-03-16 13:20:00+00:00,132.0,-1,16.623281965759855,15.520768971049806,344.10613073232884
M4V1BE,2,C:USDJPY,2023-03-15 15:15:00+00:00,133.03432577499999,2023-03-16 13:20:00+00:00,132.0,1,17.042898792081104,-17.627909501365597,326.47822123096324
DNFSKA,2,C:USDJPY,2023-03-15 15:20:00+00:00,132.937676475,2023-03-16 13:20:00+00:00,132.0,-1,16.5449441619632,15.513804920861306,341.9920261518246
CBOUGA,2,C:USDJPY,2023-03-15 15:35:00+00:00,133.068326625,2023-03-16 13:20:00+00:00,132.0,1,16.48280352661325,-17.609017862124787,324.3830082896998
G3GAC1,2,C:USDJPY,2023-03-15 15:55:00+00:00,132.991675125,2023-03-16 13:20:00+00:00,132.0,-1,17.34603335557615,17.201629796145156,341.5846380858449
65T8DS,2,C:USDJPY,2023-03-16 13:25:00+00:00,131.89070265,2023-03-16 15:35:00+00:00,133.0,-1,15.428393770815047,-17.114676324721508,324.4699617611234
L0LBVA,2,C:USDJPY,2023-03-16 13:35:00+00:00,131.7407064,2023-03-16 15:35:00+00:00,133.0,-1,13.630671910847916,-17.16501790103064,307.30494386009275
Q8718Q,2,C:USDJPY,2023-03-16 13:50:00+00:00,131.999699925,2023-03-16 15:35:00+00:00,133.0,-1,16.943682444733728,-16.948766820243545,290.35617703984923
PYM3VC,2,C:USDJPY,2023-03-16 13:30:00+00:00,132.05730135,2023-03-16 15:40:00+00:00,133.0,1,16.188845406911977,15.261202710154802,305.61737975000403
LVOR4D,2,C:USDJPY,2023-03-16 13:45:00+00:00,132.102302475,2023-03-16 15:40:00+00:00,133.0,1,15.428393770815443,13.850030902786632,319.46741065279065
3G23NL,2,C:USDJPY,2023-03-16 15:45:00+00:00,133.06132645,2023-03-17 14:25:00+00:00,132.0,1,15.069217483622168,-15.993359096170584,303.47405155662005
A818NF,2,C:USDJPY,2023-03-16 15:50:00+00:00,132.965675775,2023-03-17 14:25:00+00:00,132.0,-1,15.538298183501619,15.004958140533924,318.47900969715397
7ZXKBR,2,C:USDJPY,2023-03-16 16:00:00+00:00,133.02732559999998,2023-03-17 14:25:00+00:00,132.0,1,15.614242944907172,-16.040911501922267,302.4380981952317
PQTEHP,2,C:USDJPY,2023-03-21 15:20:00+00:00,132.01730035,2023-03-22 20:00:00+00:00,131.0,1,14.913121212782482,-15.171123429356033,287.26697476587566
J95724,2,C:USDJPY,2023-03-23 15:45:00+00:00,130.97072565,2023-03-24 08:10:00+00:00,130.0,-1,13.972129122853604,13.563104124665875,300.83007889054153
SUP4NJ,2,C:USDJPY,2023-03-23 15:50:00+00:00,131.07727685,2023-03-24 08:10:00+00:00,130.0,1,13.348837117373487,-14.380393200967244,286.44968568957427
GLM6SM,2,C:USDJPY,2023-03-23 16:00:00+00:00,130.99372507500001,2023-03-24 08:10:00+00:00,130.0,-1,14.291889291834675,14.202208758420317,300.6518944479946
ONFZEP,2,C:USDJPY,2023-03-28 14:00:00+00:00,130.92672675,2023-03-29 06:00:00+00:00,132.0,-1,14.062296279139284,-15.092686429974723,285.5592080180199
M9PBI1,2,C:USDJPY,2023-03-28 15:30:00+00:00,130.9767255,2023-03-29 06:00:00+00:00,132.0,-1,14.580596238990926,-14.919952326155519,270.6392556918644
0VZVBD,2,C:USDJPY,2023-03-28 13:50:00+00:00,131.04227597499997,2023-03-29 06:15:00+00:00,132.0,1,14.468329857940246,13.856667106574687,284.49592279843904
UHBTXA,2,C:USDJPY,2023-03-28 15:05:00+00:00,131.06127644999998,2023-03-29 06:15:00+00:00,132.0,1,14.195084723701765,13.325260324384375,297.8211831228234
TWBBT7,2,C:USDJPY,2023-03-31 13:35:00+00:00,132.975675525,2023-04-02 21:00:00+00:00,133.38433452499999,-1,14.61340447118851,-5.971899257791011,291.8492838650324
5QD6JB,2,C:USDJPY,2023-03-31 13:45:00+00:00,133.038325875,2023-04-02 21:00:00+00:00,133.377665475,1,14.332106983774162,4.863451451030961,296.7127353160634
88RZYL,2,C:USDJPY,2023-03-31 15:05:00+00:00,132.95867594999999,2023-04-02 21:00:00+00:00,133.38433452499999,-1,14.290843719904743,-6.083020173362351,290.62971514270106
UM8E2M,2,C:USDJPY,2023-03-31 15:15:00+00:00,132.96967567500002,2023-04-02 21:00:00+00:00,133.38433452499999,-1,14.457338986544412,-5.994863558220189,284.6348515844809
PFJ3ZP,2,C:USDJPY,2023-03-31 15:20:00+00:00,133.01132520000002,2023-04-02 21:00:00+00:00,133.377665475,1,14.772876146965304,5.411899510219773,290.04675109470065
EMMUFN,2,C:USDJPY,2023-03-31 15:25:00+00:00,132.95867594999999,2023-04-02 21:00:00+00:00,133.38433452499999,-1,14.332106983774162,-6.100584235460857,283.9461668592398
17R6RA,2,C:USDJPY,2023-04-03 13:20:00+00:00,132.98667525,2023-04-03 21:00:00+00:00,132.0,-1,14.015111888412159,13.828364026276905,297.7745308855167
KG17BY,2,C:USDJPY,2023-04-03 13:45:00+00:00,132.885677775,2023-04-03 21:00:00+00:00,132.0,-1,12.790367876542176,11.328144562327411,309.1026754478441
6C3X07,2,C:USDJPY,2023-04-05 15:15:00+00:00,131.0232755,2023-04-07 07:15:00+00:00,131.817704475,1,15.152091933717696,12.037260864008939,321.13993631185303
56F6P9,2,C:USDJPY,2023-04-05 15:25:00+00:00,130.94272635,2023-04-07 07:25:00+00:00,131.838295875,-1,14.747265049992537,-13.207201155871113,307.9327351559819
CGE7P4,2,C:USDJPY,2023-04-05 15:35:00+00:00,131.0712767,2023-04-07 07:35:00+00:00,131.8487037,1,14.691191798852408,11.421329166606267,319.35406432258816
ZFPH3P,2,C:USDJPY,2023-04-09 21:05:00+00:00,132.142303475,2023-04-10 12:05:00+00:00,133.0,1,14.09329498334481,12.087770133014697,331.4418344556029
TDTJQF,2,C:USDJPY,2023-04-12 13:15:00+00:00,132.9126771,2023-04-14 05:15:00+00:00,132.504312525,-1,15.259752967569014,6.2315425352064215,337.6733769908093
P83P4V,2,C:USDJPY,2023-04-12 13:35:00+00:00,133.04232597499998,2023-04-14 05:35:00+00:00,132.527686725,1,15.980802047040019,-8.224347979886943,329.44902901092235
Q93BZ5,2,C:USDJPY,2023-04-14 13:05:00+00:00,132.99067515,2023-04-16 21:00:00+00:00,133.8073451,-1,16.3255217547531,-13.33256303517821,316.1164659757441
2ZV4RI,2,C:USDJPY,2023-04-14 13:10:00+00:00,133.06932665,2023-04-16 21:00:00+00:00,133.80065489999998,1,15.481627303145363,11.322151402761364,327.43861737850546
DV1EME,2,C:USDJPY,2023-04-14 13:25:00+00:00,132.979675425,2023-04-16 21:00:00+00:00,133.8073451,-1,16.213042766285238,-13.419043837132103,314.01957354137335
F5PER9,2,C:USDJPY,2023-04-14 13:30:00+00:00,133.05332625,2023-04-16 21:00:00+00:00,133.80065489999998,1,15.688049000519943,11.724128480692196,325.7437020220655
EXZJTR,2,C:USDJPY,2023-04-18 15:20:00+00:00,133.99065015,2023-04-19 09:45:00+00:00,135.0,-1,16.27091418691582,-16.423044793926465,309.32065722813905
IZHCGX,2,C:USDJPY,2023-04-18 15:15:00+00:00,134.0073501,2023-04-19 09:50:00+00:00,135.0,1,16.22229591743369,16.10306042021102,325.4237176483501
7C2SP7,2,C:USDJPY,2023-04-18 15:35:00+00:00,134.02135045,2023-04-19 09:50:00+00:00,135.0,1,15.905454200296154,15.565865595665443,340.98958324401553
L6V9VH,2,C:USDJPY,2023-04-21 13:50:00+00:00,134.21535529999997,2023-04-23 21:00:00+00:00,133.95465105,1,14.067227031518922,-3.667385872831515,337.322197371184
2ZZPXC,2,C:USDJPY,2023-04-23 21:05:00+00:00,133.9913497,2023-04-25 13:05:00+00:00,133.85765347499998,1,16.765516767951965,-2.2414863020497586,335.0807110691343
0I9HIB,2,C:USDJPY,2023-04-25 13:40:00+00:00,134.01735035000002,2023-04-27 05:40:00+00:00,133.63265909999998,1,16.506438968923092,-6.349882640004255,328.73082842913004
A7739W,2,C:USDJPY,2023-04-25 13:45:00+00:00,133.88665274999997,2023-04-27 05:45:00+00:00,133.66134144999998,-1,15.05304182700514,3.3916204229967093,332.12244885212675
OFKEN9,2,C:USDJPY,2023-04-25 15:20:00+00:00,134.0073501,2023-04-27 07:20:00+00:00,133.71765697499998,1,16.65411088812841,-4.824581427278672,327.2978674248481
VH4ZAM,2,C:USDJPY,2023-04-25 15:25:00+00:00,133.99065015,2023-04-27 07:25:00+00:00,133.690342175,-1,16.670682142743075,5.006338796155522,332.30420622100365
BEROYY,2,C:USDJPY,2023-04-27 13:25:00+00:00,133.9886502,2023-04-28 05:45:00+00:00,135.0,-1,16.450703278267657,-16.63741547033542,315.6667907506682
JER608,2,C:USDJPY,2023-04-27 13:35:00+00:00,133.97465055,2023-04-28 05:45:00+00:00,135.0,-1,16.241652307966554,-16.653369261064626,299.0134214896036
461QKF,2,C:USDJPY,2023-04-27 21:05:00+00:00,133.93065165,2023-04-28 05:45:00+00:00,135.0,-1,15.601136442300676,-16.6830495126993,282.3303719769043
JY53WU,2,C:USDJPY,2023-04-27 13:20:00+00:00,134.08635207499998,2023-04-28 05:50:00+00:00,135.0,1,15.557313025327712,14.213906764166458,296.54427874107074
42WP5T,2,C:USDJPY,2023-04-27 13:30:00+00:00,134.0713517,2023-04-28 05:50:00+00:00,135.0,1,15.615799164520952,14.501585347273675,311.0458640883444
FBQFWJ,2,C:USDJPY,2023-04-27 13:40:00+00:00,134.15535379999997,2023-04-28 05:50:00+00:00,135.0,1,14.48579800440306,12.235374238387035,323.2812383267314
VKNP38,2,C:USDJPY,2023-04-27 15:25:00+00:00,134.00334999999998,2023-04-28 05:50:00+00:00,135.0,1,16.598611699350755,16.54300635015821,339.82424467688963
5KF8DV,2,C:USDJPY,2023-04-27 15:50:00+00:00,134.01935039999998,2023-04-28 05:50:00+00:00,135.0,1,16.369665331084146,16.05290575906188,355.87715043595153
2K02XY,2,C:USDJPY,2023-04-28 13:05:00+00:00,135.939601425,2023-04-30 21:00:00+00:00,136.0994024,-1,16.834302291199414,-2.690137919578333,353.1870125163732
1I9ZCH,2,C:USDJPY,2023-04-28 13:25:00+00:00,136.032400725,2023-04-30 21:00:00+00:00,136.0925976,1,17.27558982698792,1.0399365213665082,354.2269490377397
O1VE8A,2,C:USDJPY,2023-04-28 13:30:00+00:00,135.983600325,2023-04-30 21:00:00+00:00,136.0994024,-1,17.548182960352467,-2.032115999288543,352.1948330384512
8WDUOF,2,C:USDJPY,2023-04-28 13:35:00+00:00,136.036400825,2023-04-30 21:00:00+00:00,136.0925976,1,17.20875969226085,0.9670767964553594,353.16190983490657
UGUCAU,2,C:USDJPY,2023-04-28 15:55:00+00:00,135.9726006,2023-04-30 21:00:00+00:00,136.0994024,-1,17.42787220548219,-2.209885565825281,350.9520242690813
JNAF9O,2,C:USDJPY,2023-05-03 19:55:00+00:00,134.97862544999998,2023-05-04 14:20:00+00:00,134.0,-1,17.271261036864388,16.902095604268556,367.8541198733498
948PCR,2,C:USDJPY,2023-05-03 20:00:00+00:00,135.014375275,2023-05-04 14:20:00+00:00,134.0,1,17.322409884950115,-17.57142429070885,350.28269558264094
KXU26F,2,C:USDJPY,2023-05-04 15:10:00+00:00,134.068351625,2023-05-05 12:30:00+00:00,135.0,1,16.429769961662732,15.306768486407043,365.589464069048
UJF0EH,2,C:USDJPY,2023-05-04 15:35:00+00:00,133.961650875,2023-05-05 12:30:00+00:00,135.0,-1,16.971060832492117,-17.621886165739898,347.9675779033081
6UQQR3,2,C:USDJPY,2023-05-05 13:45:00+00:00,135.043376,2023-05-07 21:00:00+00:00,134.77463054999998,1,16.697100667145733,-4.487269832487572,343.4803080708205
XVMJUA,2,C:USDJPY,2023-05-05 13:55:00+00:00,134.82262935,2023-05-07 21:00:00+00:00,134.78136944999997,-1,14.794539876841485,0.6104212358649127,344.09072930668543
ZSTG8N,2,C:USDJPY,2023-05-08 13:10:00+00:00,134.985625275,2023-05-10 05:10:00+00:00,135.21738034999998,-1,16.983747744653684,-3.9360697323432148,340.1546595743422
B9LNUI,2,C:USDJPY,2023-05-08 13:20:00+00:00,135.04537605,2023-05-10 05:20:00+00:00,135.26661825,1,16.495241098115212,3.6494434300775254,343.80410300441974
Y0RE26,2,C:USDJPY,2023-05-08 13:25:00+00:00,134.99462505,2023-05-10 05:25:00+00:00,135.33638332499999,-1,17.170196073187732,-5.868056591384232,337.9360464130355
6KR0QX,2,C:USDJPY,2023-05-08 13:30:00+00:00,135.050376175,2023-05-10 05:30:00+00:00,135.3366165,1,16.447931611218355,4.708061289972822,342.64410770300833
A61VJH,2,C:USDJPY,2023-05-08 13:35:00+00:00,134.956626,2023-05-10 05:35:00+00:00,135.3353833,-1,16.606695429859315,-6.28990712293568,336.35420058007264
RH33XK,2,C:USDJPY,2023-05-08 13:40:00+00:00,135.01837537499998,2023-05-10 05:40:00+00:00,135.34261635,1,16.966998486522783,5.501396132093829,341.85559671216646
G9ZNE6,2,C:USDJPY,2023-05-08 13:45:00+00:00,134.99562502499998,2023-05-10 05:45:00+00:00,135.35738385000002,-1,17.187349116217483,-6.21767522114828,335.6379214910182
5G9TCL,2,C:USDJPY,2023-05-09 21:05:00+00:00,135.20137995,2023-05-11 00:05:00+00:00,134.0,1,14.265784797126393,-17.13862782628231,318.4992936647359
J4EMDW,2,C:USDJPY,2023-05-11 13:25:00+00:00,134.04235097499998,2023-05-12 12:10:00+00:00,135.0,1,15.43116732871809,14.777642346959093,333.276936011695
WYRI30,2,C:USDJPY,2023-05-11 13:35:00+00:00,133.867653225,2023-05-12 12:10:00+00:00,135.0,-1,14.105371730058923,-15.972172188708422,317.30476382298656
YWC0SW,2,C:USDJPY,2023-05-11 13:40:00+00:00,134.02135045,2023-05-12 12:10:00+00:00,135.0,1,15.689620377573407,15.354639922183047,332.6594037451696
HMXT69,2,C:USDJPY,2023-05-15 13:15:00+00:00,136.036400825,2023-05-17 05:15:00+00:00,136.65658349999998,1,16.10161683180899,9.985943798576248,342.64534754374586
819NZB,2,C:USDJPY,2023-05-19 15:15:00+00:00,137.985550275,2023-05-19 20:55:00+00:00,137.0,-1,16.912406097913845,16.66802648071081,359.31337402445666
BA9PNT,2,C:USDJPY,2023-05-19 20:00:00+00:00,137.963550825,2023-05-19 20:55:00+00:00,137.0,-1,16.552915340277632,15.949575232279646,375.2629492567363
Z139MJ,2,C:USDJPY,2023-05-24 15:10:00+00:00,139.02147545,2023-05-25 19:00:00+00:00,140.0,1,18.449505863163118,18.053294422474107,393.3162436792104
XH9MD3,2,C:USDJPY,2023-05-25 19:10:00+00:00,140.00550005,2023-05-28 21:00:00+00:00,140.60348482499998,1,19.646166017942488,11.748108165851715,405.0643518450621
IUZIWX,2,C:USDJPY,2023-06-01 13:35:00+00:00,138.921526875,2023-06-02 18:00:00+00:00,140.0,-1,18.82269292960288,-20.299768464703995,384.7645833803581
NDH042,2,C:USDJPY,2023-06-07 15:55:00+00:00,140.01950039999997,2023-06-08 13:50:00+00:00,139.0,1,18.898064016717516,-19.266583824268544,365.49799955608955
32BHMF,2,C:USDJPY,2023-06-07 16:00:00+00:00,139.97850044999998,2023-06-08 13:55:00+00:00,139.0,-1,18.824098991211418,18.419389333744622,383.91738888983417
UFHG4P,2,C:USDJPY,2023-06-08 15:05:00+00:00,139.0234755,2023-06-10 09:10:00+00:00,139.3365165,1,18.801047448082233,5.885498694195079,389.80288758402924
5S6ZBT,2,C:USDJPY,2023-06-08 15:10:00+00:00,138.95052615,2023-06-10 09:10:00+00:00,139.3434835,-1,18.351691629533317,-7.211432110758392,382.59145547327086
UP8AFJ,2,C:USDJPY,2023-06-08 15:25:00+00:00,139.03747585,2023-06-10 09:10:00+00:00,139.3365165,1,18.546733762794492,5.546227319802917,388.1376827930738
OQTGM0,2,C:USDJPY,2023-06-08 15:30:00+00:00,138.997524975,2023-06-10 09:10:00+00:00,139.3434835,-1,19.138454082245243,-6.621111345073528,381.51657144800026
DCLXHM,2,C:USDJPY,2023-06-08 15:40:00+00:00,138.96252585,2023-06-10 09:10:00+00:00,139.3434835,-1,18.58264225023371,-7.07919972243973,374.4373717255605
801IT4,2,C:USDJPY,2023-06-13 15:30:00+00:00,140.04250097499997,2023-06-15 01:55:00+00:00,141.0,1,17.98450392533918,17.220144973621522,391.65751669918205
EX7W7V,2,C:USDJPY,2023-06-14 22:00:00+00:00,140.04950115,2023-06-15 01:55:00+00:00,141.0,1,18.176571442988358,17.27681025350332,408.93432695268535
01HP2R,2,C:USDJPY,2023-06-21 13:10:00+00:00,142.02055042499998,2023-06-22 16:30:00+00:00,143.0,1,20.08518305268591,19.67242400475078,428.60675095743613
PC0OKJ,2,C:USDJPY,2023-06-21 15:05:00+00:00,141.99445004999998,2023-06-22 16:30:00+00:00,143.0,-1,20.426290057576594,-20.53965494608198,408.0670960113541
1VP9ZI,2,C:USDJPY,2023-06-21 15:10:00+00:00,142.02555055,2023-06-22 16:30:00+00:00,143.0,1,20.026166843912936,19.51448726665937,427.5815832780135
49LVKH,2,C:USDJPY,2023-06-21 15:20:00+00:00,141.997449975,2023-06-22 16:30:00+00:00,143.0,-1,20.40590453855696,-20.457940105277995,407.1236431727355
RGLKMN,2,C:USDJPY,2023-06-23 13:50:00+00:00,143.104577525,2023-06-25 21:00:00+00:00,143.45841345,1,18.4888121331851,6.542005943296745,413.6656491160323
OY5031,2,C:USDJPY,2023-06-27 15:40:00+00:00,143.92940167499998,2023-06-29 07:40:00+00:00,144.34760859999997,-1,19.45746232907041,-8.137245488943732,405.52840362708855
51ISUL,2,C:USDJPY,2023-06-27 16:00:00+00:00,144.00960014999998,2023-06-29 08:00:00+00:00,144.3443913,1,20.519129420437913,6.869622935667845,412.3980265627564
XSM2OK,2,C:USDJPY,2023-07-07 13:20:00+00:00,142.95942592499998,2023-07-09 21:00:00+00:00,142.1195529,-1,19.922609978877187,16.73246270885426,429.13048927161066
SKH5XG,2,C:USDJPY,2023-07-10 13:25:00+00:00,141.93445154999998,2023-07-11 02:05:00+00:00,141.0,-1,20.203883675687663,18.879550416765575,448.01003968837625
ZEKC1H,2,C:USDJPY,2023-07-12 13:55:00+00:00,138.909527175,2023-07-13 18:15:00+00:00,138.0,-1,20.664669727323567,18.795078679400497,466.80511836777674
30Y5W0,2,C:USDJPY,2023-07-13 19:15:00+00:00,137.977550475,2023-07-14 14:00:00+00:00,139.0,-1,23.018003864288566,-23.534747117490312,443.2703712502864
0JUGVR,2,C:USDJPY,2023-07-13 19:35:00+00:00,138.00945015,2023-07-14 14:00:00+00:00,139.0,1,23.178009849442624,22.958974179664096,466.2293454299505
ZQQLP9,2,C:USDJPY,2023-07-13 21:10:00+00:00,138.010450175,2023-07-14 14:00:00+00:00,139.0,1,23.2010496206655,22.958594591946134,489.1879400218966
GGDXVH,2,C:USDJPY,2023-07-13 21:15:00+00:00,138.003549825,2023-07-14 14:00:00+00:00,139.0,-1,23.018003864288566,-22.936293978721174,466.25164604317547
J5ZKHV,2,C:USDJPY,2023-07-17 13:15:00+00:00,139.0754768,2023-07-18 12:30:00+00:00,138.0,1,21.68612307177583,-23.322922245639422,442.92872379753607
IGEMJN,2,C:USDJPY,2023-07-17 13:20:00+00:00,138.956526,2023-07-18 12:30:00+00:00,138.0,-1,22.459135165856,21.482746723655502,464.4114705211916
D7LO9E,2,C:USDJPY,2023-07-17 13:25:00+00:00,139.0154753,2023-07-18 12:30:00+00:00,138.0,1,23.104640537323835,-23.462191781030885,440.9492787401607
DC7H0T,2,C:USDJPY,2023-07-17 15:35:00+00:00,138.957525975,2023-07-18 12:30:00+00:00,138.0,-1,22.459135165856,21.505205297343277,462.45448403750396
R964CF,2,C:USDJPY,2023-07-17 15:45:00+00:00,139.014475275,2023-07-18 12:30:00+00:00,138.0,1,23.058934027852494,-23.392718439112407,439.06176559839156
A5DD46,2,C:USDJPY,2023-07-17 15:55:00+00:00,138.9605259,2023-07-18 12:30:00+00:00,138.0,-1,22.480792962543873,21.59338389306097,460.6551494914525
XT1QF6,2,C:USDJPY,2023-07-18 13:40:00+00:00,137.855553525,2023-07-18 16:40:00+00:00,139.0,-1,20.25748238748691,-23.18360431073388,437.47154518071864
X0GK36,2,C:USDJPY,2023-07-18 13:45:00+00:00,138.326458075,2023-07-18 16:45:00+00:00,139.0,1,17.422660722067004,11.734892441362813,449.20643762208147
RVZSUZ,2,C:USDJPY,2023-07-18 19:25:00+00:00,139.01247522499997,2023-07-20 11:25:00+00:00,139.54651125,1,22.215946469934888,11.864115744417575,461.07055336649904
1BV7B5,2,C:USDJPY,2023-07-18 19:30:00+00:00,138.993525075,2023-07-20 11:30:00+00:00,139.52548804999998,-1,22.370838526995666,-11.900457816064574,449.17009555043444
K9GKCG,2,C:USDJPY,2023-07-24 13:05:00+00:00,141.00952515,2023-07-26 05:05:00+00:00,141.027474225,1,22.34677092290729,0.40110386730285846,449.5711994177373
VI1COH,2,C:USDJPY,2023-07-24 13:45:00+00:00,140.95447604999998,2023-07-26 05:45:00+00:00,141.01552529999998,-1,21.511977756246633,-1.3132901080354622,448.25790930970186
VJ9Y63,2,C:USDJPY,2023-07-24 13:55:00+00:00,141.1915297,2023-07-26 05:55:00+00:00,141.03747397499998,1,18.952324706769353,-2.9197141231368846,445.338195186565
EQZG4T,2,C:USDJPY,2023-07-25 15:35:00+00:00,140.98847519999998,2023-07-26 18:55:00+00:00,140.0,-1,22.324557432923545,22.067271373420187,467.40546655998514
6VJ8CW,2,C:USDJPY,2023-07-25 15:45:00+00:00,141.01352525,2023-07-26 18:55:00+00:00,140.0,1,22.25818114719726,-22.559228611758087,444.84623794822704
MGMVV3,2,C:USDJPY,2023-07-25 15:50:00+00:00,140.981475375,2023-07-26 18:55:00+00:00,140.0,-1,22.14842680228945,21.73813550143714,466.58437344966416
S9NNMV,2,C:USDJPY,2023-07-25 19:10:00+00:00,140.99447504999998,2023-07-26 18:55:00+00:00,140.0,-1,22.436068708812805,22.312110550999535,488.8964840006637
R21OL0,2,C:USDJPY,2023-07-25 21:05:00+00:00,141.022525475,2023-07-26 18:55:00+00:00,140.0,1,22.018141938746567,-22.514111044534452,466.38237295612925
4ZG5LO,2,C:USDJPY,2023-07-25 21:30:00+00:00,140.913477075,2023-07-26 18:55:00+00:00,140.0,-1,20.756473916378795,18.960563080447557,485.3429360365768
M0CVX7,2,C:USDJPY,2023-07-26 19:05:00+00:00,140.08550204999997,2023-07-27 14:20:00+00:00,141.0,1,22.428046951782797,20.5104029599097,505.8533389964865
GDGQU2,2,C:USDJPY,2023-07-27 19:40:00+00:00,138.95452605,2023-07-28 03:25:00+00:00,140.0,-1,24.413771187089086,-25.523961797362258,480.3293771991243
51B06E,2,C:USDJPY,2023-07-27 19:55:00+00:00,139.0754768,2023-07-28 03:25:00+00:00,140.0,1,23.638006495163072,21.853885406529187,502.18326260565345
572WPA,2,C:USDJPY,2023-07-28 13:05:00+00:00,140.320507925,2023-07-28 18:25:00+00:00,141.0,1,18.99331552971454,12.905807380415705,515.0890699860691
4EE9TW,2,C:USDJPY,2023-07-28 19:05:00+00:00,141.1195279,2023-07-30 21:00:00+00:00,140.91147712499998,1,23.118899011942563,-4.809904856582129,510.279165129487
JFFR44,2,C:USDJPY,2023-07-30 21:10:00+00:00,140.97852437499998,2023-07-31 06:50:00+00:00,142.0,1,25.112163638262377,25.65146304749689,535.9306281769839
ZU32W9,2,C:USDJPY,2023-07-30 21:35:00+00:00,141.05752635,2023-07-31 06:50:00+00:00,142.0,1,24.160945318630752,22.7710543219006,558.7016824988845
4FJ39A,2,C:USDJPY,2023-08-01 21:55:00+00:00,142.8684282,2023-08-03 13:55:00+00:00,142.77556929999997,-1,25.098907569581524,2.3306569481139827,561.0323394469984
WCVMWO,2,C:USDJPY,2023-08-04 13:15:00+00:00,141.863453325,2023-08-06 21:00:00+00:00,141.652541225,-1,24.628285313739838,5.194403374920068,566.2267428219185
OVKKKF,2,C:USDJPY,2023-08-07 13:10:00+00:00,141.9084522,2023-08-08 00:50:00+00:00,143.0,-1,26.045388354274344,-28.4297863582538,537.7969564636647
XZD61Z,2,C:USDJPY,2023-08-07 13:55:00+00:00,142.046551075,2023-08-08 00:55:00+00:00,143.0,1,27.06628789779745,25.806323099895586,563.6032795635604
VOO3YW,2,C:USDJPY,2023-08-10 13:10:00+00:00,144.03260072499998,2023-08-11 19:05:00+00:00,145.0,1,27.68188995891826,26.779440276887843,590.3827198404482
CRZ92W,2,C:USDJPY,2023-08-17 15:10:00+00:00,145.95035115,2023-08-18 17:10:00+00:00,145.0,-1,28.35651872432517,26.948650179658642,617.3313700201069
BWWSUB,2,C:USDJPY,2023-08-17 15:25:00+00:00,146.03165069999997,2023-08-18 17:10:00+00:00,145.0,1,28.46589777437131,-29.3668633650578,587.964506655049
F62WA1,2,C:USDJPY,2023-08-17 19:05:00+00:00,145.95435104999999,2023-08-18 17:10:00+00:00,145.0,-1,28.54848741975111,27.245278944950844,615.2097855999999
V7LBNF,2,C:USDJPY,2023-08-22 13:40:00+00:00,146.03665082499998,2023-08-23 13:45:00+00:00,145.0,1,29.80667565891442,-30.899114912320485,584.3106706876795
QT4RDA,2,C:USDJPY,2023-08-23 13:50:00+00:00,144.8403789,2023-08-24 23:00:00+00:00,146.0,-1,25.229303570279434,-29.25643275840161,555.0542379292779
1K56MS,2,C:USDJPY,2023-08-25 13:20:00+00:00,146.05165119999998,2023-08-27 21:00:00+00:00,146.379340425,1,26.456350711595537,8.6694610610117,563.7236989902896
5SOQ56,2,C:USDJPY,2023-08-29 15:35:00+00:00,145.9203519,2023-08-31 07:35:00+00:00,145.7596439,-1,26.490775328491228,4.257279521491158,567.9809785117807
C4U9UF,2,C:USDJPY,2023-08-29 15:55:00+00:00,146.010650175,2023-08-31 07:55:00+00:00,145.88735272499997,1,28.12992509931558,-3.4683480334372803,564.5126304783435
39OJML,2,C:USDJPY,2023-08-31 13:10:00+00:00,146.064651525,2023-09-01 12:30:00+00:00,145.0,1,26.653098700582852,-28.376262177550732,536.1363683007927
49GAB4,2,C:USDJPY,2023-09-01 13:40:00+00:00,145.092627225,2023-09-01 14:40:00+00:00,146.0,1,24.570869308010483,22.294937868171775,558.4313061689645
SDESPB,2,C:USDJPY,2023-09-10 21:05:00+00:00,146.987325225,2023-09-11 05:30:00+00:00,146.0,-1,27.61776984020608,27.26772082147986,585.6990269904444
XA0IHV,2,C:USDJPY,2023-10-03 21:05:00+00:00,148.99027515,2023-10-05 13:05:00+00:00,148.874721775,-1,29.139255074151595,3.367139268803813,589.0661662592482
MEW1KY,2,C:USDJPY,2023-10-03 21:10:00+00:00,149.01572529999999,2023-10-05 13:10:00+00:00,148.88027789999998,1,28.68261640501804,-3.884985817257152,585.181180441991
G7DXFD,2,C:USDJPY,2023-10-04 21:05:00+00:00,148.98727522500002,2023-10-06 13:05:00+00:00,149.38573455,-1,29.08138167777763,-11.587747713393949,573.5934327285971
7T9IAM,2,C:USDJPY,2023-10-04 21:10:00+00:00,149.06072642499998,2023-10-06 13:10:00+00:00,149.33926642499998,1,27.52345051646917,7.666381906857114,581.2598146354543
QHQE4C,2,C:USDJPY,2023-10-09 13:20:00+00:00,148.985275275,2023-10-11 05:20:00+00:00,148.83072067499998,-1,28.74677619364196,4.4429464958981875,585.7027611313525
1OHOTN,2,C:USDJPY,2023-10-10 13:05:00+00:00,149.05972640000002,2023-10-12 05:05:00+00:00,149.13127162499998,1,27.495733899501463,1.9671884683790175,587.6699495997316
11F9TY,2,C:USDJPY,2023-10-10 13:15:00+00:00,148.963275825,2023-10-12 05:15:00+00:00,149.12572805,-1,28.080184281905325,-4.561688415005023,583.1082611847265
SHTB4I,2,C:USDJPY,2023-10-10 13:25:00+00:00,149.064726525,2023-10-12 05:25:00+00:00,149.1082722,1,27.340536906653846,1.1905621344623822,584.298823319189
K6G73Y,2,C:USDJPY,2023-10-10 13:35:00+00:00,148.98427529999998,2023-10-12 05:35:00+00:00,149.09372725,-1,28.775238348290074,-3.149505948935753,581.1493173702532
EET4MB,2,C:USDJPY,2023-10-10 13:40:00+00:00,149.020725425,2023-10-12 05:40:00+00:00,149.08227285,1,28.577178693975252,1.7588517623794615,582.9081691326327
DZA0SS,2,C:USDJPY,2023-10-10 14:00:00+00:00,148.92827669999997,2023-10-12 06:00:00+00:00,149.0997274,-1,27.289193175373498,-4.678751272354011,578.2294178602787
5KO4PT,2,C:USDJPY,2023-10-11 15:45:00+00:00,148.99027515,2023-10-13 07:45:00+00:00,149.65074117499998,-1,29.052716325958848,-19.18833206725797,559.0410857930207
CHDXVJ,2,C:USDJPY,2023-10-11 15:50:00+00:00,149.03072567499999,2023-10-13 07:50:00+00:00,149.6402589,1,28.487488381876148,17.364070665555197,576.4051564585759
9Z41SA,2,C:USDJPY,2023-10-30 15:15:00+00:00,148.907277225,2023-10-31 03:30:00+00:00,150.0,-1,26.61150306826301,-29.07899547967333,547.3261609789025
3297A3,2,C:USDJPY,2023-10-30 16:00:00+00:00,149.00972514999998,2023-10-31 03:30:00+00:00,150.0,1,28.591525617985443,28.313468742622266,575.6396297215248
0FQAZK,2,C:USDJPY,2023-10-30 19:10:00+00:00,149.03972589999998,2023-10-31 03:30:00+00:00,150.0,1,27.899571948624548,26.791236343351265,602.430866064876
NI36N1,2,C:USDJPY,2023-11-01 16:00:00+00:00,150.959225925,2023-11-02 12:50:00+00:00,150.0,-1,29.102940389606832,27.916294915440428,630.3471609803164
DWPDYB,2,C:USDJPY,2023-11-02 13:05:00+00:00,150.028750625,2023-11-05 22:00:00+00:00,149.16227085,1,30.718672562393277,-26.617108490160824,603.7300524901556
4OMAPM,2,C:USDJPY,2023-11-02 13:10:00+00:00,149.97025064999997,2023-11-05 22:00:00+00:00,149.16972915,-1,30.748641999038803,24.614949016032732,628.3450015061883
QCX2HD,2,C:USDJPY,2023-11-02 13:25:00+00:00,150.122752975,2023-11-05 22:00:00+00:00,149.16227085,1,28.14049825804973,-27.02844556545036,601.3165559407379
BUQMSC,2,C:USDJPY,2023-11-06 21:05:00+00:00,150.012750225,2023-11-08 13:05:00+00:00,150.865228275,1,29.797648956429445,25.401841676961567,626.7183976176995
HJVOHY,2,C:USDJPY,2023-11-08 19:45:00+00:00,151.010775175,2023-11-10 11:45:00+00:00,151.45421355,1,31.304615265620093,13.881667723386752,640.6000653410862
SP89KM,2,C:USDJPY,2023-11-08 21:10:00+00:00,151.0117752,2023-11-10 13:10:00+00:00,151.41721447499998,1,31.21107557857186,12.654195854546131,653.2542611956324
BPOIJG,2,C:USDJPY,2023-11-08 21:15:00+00:00,150.99022515,2023-11-10 13:15:00+00:00,151.432785725,-1,31.056412171342437,-13.744343627986801,639.5099175676455
65U1Y8,2,C:USDJPY,2023-11-09 13:30:00+00:00,150.981225375,2023-11-12 22:00:00+00:00,151.404785025,-1,31.11809322828681,-13.180368676440132,626.3295488912054
8J4UPC,2,C:USDJPY,2023-11-09 13:35:00+00:00,151.0757768,2023-11-12 22:00:00+00:00,151.397214975,1,29.23126854560158,9.396045614232996,635.7255945054384
J3QB2C,2,C:USDJPY,2023-11-09 13:40:00+00:00,150.987225225,2023-11-12 22:00:00+00:00,151.404785025,-1,31.18001978197524,-13.019522824157384,622.706071681281
CJO3W0,2,C:USDJPY,2023-11-09 13:45:00+00:00,151.00177494999997,2023-11-12 22:00:00+00:00,151.397214975,1,31.304615265620093,12.379097843253057,635.085169524534
XTOCNG,2,C:USDJPY,2023-11-14 13:45:00+00:00,150.919226925,2023-11-16 05:45:00+00:00,151.314782775,-1,29.649167578176247,-11.727901683177764,623.3572678413562
O1GBTW,2,C:USDJPY,2023-11-14 14:00:00+00:00,151.002774975,2023-11-16 06:00:00+00:00,151.30621725,1,31.659280634324173,9.606764140543055,632.9640319818993
GAC2OA,2,C:USDJPY,2023-11-15 15:50:00+00:00,150.94722622499998,2023-11-17 07:50:00+00:00,150.50876262499997,-1,30.27098043491481,13.272723057022487,646.2367550389218
A94QGP,2,C:USDJPY,2023-11-16 13:35:00+00:00,150.92422679999999,2023-11-17 08:50:00+00:00,150.0,-1,29.577758503827262,27.336557093164625,673.5733121320865
GEBU2Y,2,C:USDJPY,2023-11-22 13:45:00+00:00,149.148728625,2023-11-24 05:45:00+00:00,149.231269125,1,29.568626520284486,2.4406092172981824,676.0139213493846
11DZSH,2,C:USDJPY,2023-11-28 15:40:00+00:00,147.88630274999997,2023-11-29 00:40:00+00:00,147.0,-1,30.811938074264447,27.308705448049366,703.322626797434
4XK8E6,2,C:USDJPY,2023-12-01 13:25:00+00:00,147.98930017499998,2023-12-01 16:40:00+00:00,147.0,-1,34.92167958279199,34.54802372254943,737.8706505199834
02ZMIZ,2,C:USDJPY,2023-12-01 13:30:00+00:00,148.082701975,2023-12-01 16:40:00+00:00,147.0,1,32.232934317022405,-34.89866164508518,702.9719888748982
3Z1MBK,2,C:USDJPY,2023-12-01 15:05:00+00:00,147.5043123,2023-12-01 16:40:00+00:00,147.0,-1,23.55400625577483,11.878575069064414,714.8505639439626
3DUQ4O,2,C:USDJPY,2023-12-04 15:35:00+00:00,147.06767659999997,2023-12-06 07:35:00+00:00,147.033324075,1,33.561059340092214,-1.1529071300061395,713.6976568139564
KKJFIA,2,C:USDJPY,2023-12-05 13:25:00+00:00,146.973325575,2023-12-07 05:25:00+00:00,146.794669775,-1,34.870759216778474,6.229863384480979,719.9275201984374
AI64N1,2,C:USDJPY,2023-12-05 15:35:00+00:00,147.17667932499998,2023-12-07 07:05:00+00:00,146.0,1,30.445083643269108,-35.82410047092985,684.1034197275076
8TZ4J5,2,C:USDJPY,2023-12-05 15:05:00+00:00,146.705332275,2023-12-07 07:05:00+00:00,146.08165195,-1,27.600407874283935,17.21383135316544,701.317251080673
FE8KBB,2,C:USDJPY,2023-12-07 13:10:00+00:00,144.991375125,2023-12-07 15:55:00+00:00,144.0,-1,34.9261579223446,34.62492417603379,735.9421752567068
RVX4EJ,2,C:USDJPY,2023-12-07 13:15:00+00:00,145.12762809999998,2023-12-07 15:55:00+00:00,144.0,1,31.16965560358547,-35.147779525924854,700.794395730782
H832NA,2,C:USDJPY,2023-12-07 13:30:00+00:00,144.975375525,2023-12-07 15:55:00+00:00,144.0,-1,34.14397522301276,33.3031977587332,734.0975934895151
52T5G3,2,C:USDJPY,2023-12-07 13:35:00+00:00,145.08962715,2023-12-07 15:55:00+00:00,144.0,1,32.40837574309968,-35.313046097083244,698.7845473924319
5YG172,2,C:USDJPY,2023-12-07 13:40:00+00:00,144.88237784999998,2023-12-07 15:55:00+00:00,144.0,-1,31.449204084334855,27.750081084146082,726.5346284765781
ICM8IZ,2,C:USDJPY,2023-12-07 21:30:00+00:00,144.0476011,2023-12-08 00:55:00+00:00,143.0,1,34.96316787664038,-36.62745312705342,689.9071753495247
LJ8LM0,2,C:USDJPY,2023-12-08 13:50:00+00:00,143.94040139999998,2023-12-10 22:00:00+00:00,144.898622375,-1,32.604308853947515,-31.24213261923129,658.6650427302934
I9CGRZ,2,C:USDJPY,2023-12-08 13:55:00+00:00,144.182604475,2023-12-10 22:00:00+00:00,144.891377625,1,29.20860183528935,20.70227272989337,679.3673154601868
RJSZPU,2,C:USDJPY,2023-12-08 15:10:00+00:00,143.9364015,2023-12-10 22:00:00+00:00,144.898622375,-1,32.54279129007185,-31.31335311007577,648.053962350111
92JWWV,2,C:USDJPY,2023-12-08 15:25:00+00:00,144.10260247499997,2023-12-10 22:00:00+00:00,144.891377625,1,31.359417061342192,24.735528896473394,672.7894912465844
X5I7RD,2,C:USDJPY,2023-12-13 19:05:00+00:00,144.29839245,2023-12-13 19:10:00+00:00,144.0,-1,19.82290781516156,5.915006029090094,678.7044972756745
8WWNGP,2,C:USDJPY,2023-12-13 19:20:00+00:00,143.73840644999999,2023-12-13 19:40:00+00:00,143.0,-1,27.061582825984033,19.982447305915436,698.68694458159
TPEJSE,2,C:USDJPY,2023-12-13 21:20:00+00:00,143.10857762499998,2023-12-14 02:25:00+00:00,142.0,1,31.275154188970284,-34.670936152316884,664.016008429273
WXZO5C,2,C:USDJPY,2023-12-13 21:45:00+00:00,142.89942742499997,2023-12-14 02:25:00+00:00,142.0,-1,31.787395112902484,28.590454933854527,692.6064633631275
4LWY7T,2,C:USDJPY,2023-12-14 13:20:00+00:00,142.04355099999998,2023-12-17 22:00:00+00:00,141.987450225,1,33.362546404774584,-1.8716647092805174,690.7347986538471
WN8SCK,2,C:USDJPY,2023-12-14 13:25:00+00:00,141.94645124999997,2023-12-17 22:00:00+00:00,141.994549775,-1,33.01270082760269,-1.5878622160749183,689.1469364377722
C8CAXX,2,C:USDJPY,2023-12-14 13:35:00+00:00,142.1675541,2023-12-17 22:00:00+00:00,141.987450225,1,29.422534552384537,-5.299112485205438,683.8478239525667
03ZY66,2,C:USDJPY,2023-12-14 13:45:00+00:00,141.971450625,2023-12-17 22:00:00+00:00,141.994549775,-1,33.785681139664575,-0.7804205164975291,683.0674034360692
LO9ETO,2,C:USDJPY,2023-12-14 15:35:00+00:00,142.018550375,2023-12-17 22:00:00+00:00,141.987450225,1,34.15219247352667,-1.0621383087550762,682.0052651273141
5GJU52,2,C:USDJPY,2023-12-14 15:50:00+00:00,141.94045139999997,2023-12-17 22:00:00+00:00,141.994549775,-1,32.88729645598905,-1.7791492964130455,680.2261158309011
YKJZ64,2,C:USDJPY,2023-12-15 13:35:00+00:00,142.142553475,2023-12-17 22:00:00+00:00,141.987450225,1,30.43086394389826,-4.7199258980063235,675.5061899328948
M9IL64,2,C:USDJPY,2023-12-18 15:10:00+00:00,143.02057542499998,2023-12-19 07:00:00+00:00,144.0,1,33.24341485890353,32.55941746973108,708.0656074026259
H0KCJB,2,C:USDJPY,2023-12-18 15:20:00+00:00,142.987425225,2023-12-19 07:00:00+00:00,144.0,-1,33.34186524841424,-33.761131701993044,674.3044757006329
P0HLU1,2,C:USDJPY,2023-12-18 15:45:00+00:00,143.008575125,2023-12-19 07:00:00+00:00,144.0,1,33.6407465106036,33.352272904182094,707.656748604815
GFOXST,2,C:USDJPY,2023-12-19 15:05:00+00:00,143.877402975,2023-12-21 01:45:00+00:00,143.0,-1,31.591819134143396,27.718756093959197,735.3755046987742
2JUXRM,2,C:USDJPY,2023-12-27 19:35:00+00:00,141.6124596,2023-12-28 07:00:00+00:00,141.0,-1,26.433339493126486,16.18935253262429,751.5648572313985
3Q7KMP,2,C:USDJPY,2023-12-28 14:00:00+00:00,141.116527825,2023-12-31 22:00:00+00:00,140.9484762,1,33.49219506378739,-5.628417805286581,745.9364394261119
W25I6U,2,C:USDJPY,2023-12-29 16:00:00+00:00,140.9924751,2023-12-31 22:00:00+00:00,140.95552379999998,-1,37.35411815265294,1.3802832260951248,747.316722652207
6OSQ1N,2,C:USDJPY,2023-12-29 19:25:00+00:00,141.0275256,2023-12-31 22:00:00+00:00,140.9484762,1,36.448344191629204,-2.8812197393418604,744.4355029128651
MM48IG,2,C:USDJPY,2023-12-29 19:50:00+00:00,140.98847519999998,2023-12-31 22:00:00+00:00,140.95552379999998,-1,37.169379685034706,1.2247830977535172,745.6602860106186
Q4JDE0,2,C:USDJPY,2023-12-29 19:55:00+00:00,141.0235255,2023-12-31 22:00:00+00:00,140.9484762,1,36.95009130931178,-2.7730784877005843,742.8872075229181
AGVP98,2,C:USDJPY,2023-12-29 21:05:00+00:00,141.010525175,2023-12-31 22:00:00+00:00,140.9484762,1,37.280002838859744,-2.3131859641487247,740.5740215587693
V197WN,2,C:USDJPY,2024-01-02 13:20:00+00:00,141.9724506,2024-01-03 13:05:00+00:00,143.0,-1,36.020137235349004,-37.012470404100455,703.5615511546689
COWGU1,2,C:USDJPY,2024-01-02 13:50:00+00:00,142.00154994999997,2024-01-03 13:05:00+00:00,143.0,1,36.917947236230304,36.860726263912646,740.4222774185815
LQ9T5S,2,C:USDJPY,2024-01-02 13:55:00+00:00,142.1075526,2024-01-03 13:05:00+00:00,143.0,1,33.57089852940905,29.96026110823523,770.3825385268168
JXEJ80,2,C:USDJPY,2024-01-02 21:10:00+00:00,142.004550025,2024-01-03 13:05:00+00:00,143.0,1,36.954791494948225,36.78664626977694,807.1691847965938
71JQAP,2,C:USDJPY,2024-01-02 21:15:00+00:00,141.97445055,2024-01-03 13:05:00+00:00,143.0,-1,36.26709214293727,-37.19369640028863,769.9754883963051
9O4W7I,2,C:USDJPY,2024-01-03 13:10:00+00:00,143.01357524999997,2024-01-04 10:40:00+00:00,144.0,1,38.15537603549739,37.637407266972495,807.6128956632775
VV0ID3,2,C:USDJPY,2024-01-03 13:15:00+00:00,142.9444263,2024-01-04 10:40:00+00:00,144.0,-1,36.561039335057316,-38.59287156675186,769.0200240965256
TW313C,2,C:USDJPY,2024-01-03 13:25:00+00:00,143.01757535000002,2024-01-04 10:40:00+00:00,144.0,1,38.15537603549739,37.48478194729132,806.504806043817
ZMW5XG,2,C:USDJPY,2024-01-03 13:30:00+00:00,142.95442605,2024-01-04 10:40:00+00:00,144.0,-1,36.80571168242403,-38.48309334635342,768.0217126974636
5XPA0Z,2,C:USDJPY,2024-01-03 14:00:00+00:00,143.01957539999998,2024-01-04 10:40:00+00:00,144.0,1,37.85523541771427,37.11420404231912,805.1359167397827
UWY9WK,2,C:USDJPY,2024-01-03 15:05:00+00:00,142.87942792500002,2024-01-04 10:40:00+00:00,144.0,-1,34.777574001638925,-38.97077826248203,766.1651384773007
4MYDIL,2,C:USDJPY,2024-01-03 15:10:00+00:00,143.06957665,2024-01-04 10:40:00+00:00,144.0,1,35.9465680857286,33.445526299327135,799.6106647766279
J4EZUS,2,C:USDJPY,2024-01-05 15:05:00+00:00,144.181395375,2024-01-05 15:10:00+00:00,144.0,-1,22.14987991070983,4.017885772608042,803.6285505492359
LGZ132,2,C:USDJPY,2024-01-05 15:25:00+00:00,143.86340332499998,2024-01-07 22:00:00+00:00,144.563614,-1,35.43335760799055,-24.81081524820824,778.8177353010277
CRO0X0,2,C:USDJPY,2024-01-05 15:50:00+00:00,144.15160369999998,2024-01-07 22:00:00+00:00,144.556386,1,35.031758960298255,14.180235964995912,792.9979712660236
6KDJY9,2,C:USDJPY,2024-01-08 15:35:00+00:00,143.919401925,2024-01-10 06:50:00+00:00,145.0,-1,37.09064411908476,-40.080078635593495,752.9178926304301
8DZARX,2,C:USDJPY,2024-01-09 13:05:00+00:00,144.10860262499997,2024-01-10 06:50:00+00:00,145.0,1,36.01262358156332,32.10155812746955,785.0194507578996
USDTVB,2,C:USDJPY,2024-01-09 13:40:00+00:00,143.885402775,2024-01-10 06:50:00+00:00,145.0,-1,35.49677579525561,-39.56460779783947,745.4548429600601
V9QB1X,2,C:USDJPY,2024-01-09 15:35:00+00:00,144.09260222499998,2024-01-10 06:50:00+00:00,145.0,1,36.37605372779913,33.007550215886155,778.4623931759462
XFY6JC,2,C:USDJPY,2024-01-11 13:50:00+00:00,145.992649725,2024-01-11 23:15:00+00:00,145.0,1,38.76804746892308,-38.483091658813706,739.9793015171325
44KGDB,2,C:USDJPY,2024-01-11 13:55:00+00:00,146.0956523,2024-01-11 23:15:00+00:00,145.0,1,35.44910715737417,-38.839895789923894,701.1394057272087
1T0936,2,C:USDJPY,2024-01-11 15:05:00+00:00,146.118652875,2024-01-11 23:15:00+00:00,145.0,1,35.097492929483316,-39.26191137085901,661.8774943563496
QQWPGA,2,C:USDJPY,2024-01-11 15:20:00+00:00,145.975350525,2024-01-11 23:15:00+00:00,145.0,-1,38.729472297310934,37.77481113815558,699.6523054945052
AZLE4Y,2,C:USDJPY,2024-01-12 13:35:00+00:00,144.991375125,2024-01-14 22:00:00+00:00,144.81762035,-1,34.601993347897555,6.012261568715157,705.6645670632204
G12POI,2,C:USDJPY,2024-01-12 13:50:00+00:00,145.0116252,2024-01-14 22:00:00+00:00,144.81037965,1,34.670580054238584,-6.977299951834624,698.6872671113857
H4RMG5,2,C:USDJPY,2024-01-12 13:55:00+00:00,144.857378475,2024-01-14 22:00:00+00:00,144.81762035,-1,31.01295680383484,1.233017013226207,699.920284124612
BQS6FQ,2,C:USDJPY,2024-01-18 13:35:00+00:00,148.0357008,2024-01-21 22:00:00+00:00,148.253293575,1,33.77993649250053,7.350270120726476,707.2705542453384
4B067V,2,C:USDJPY,2024-01-19 13:20:00+00:00,147.96530077499997,2024-01-21 22:00:00+00:00,148.260706425,-1,33.77993649250053,-9.978784096526535,697.2917701488119
RBWEBN,2,C:USDJPY,2024-01-19 13:25:00+00:00,148.0757018,2024-01-21 22:00:00+00:00,148.253293575,1,32.463835070715604,5.765310093515512,703.0570802423274
6RP544,2,C:USDJPY,2024-01-23 13:15:00+00:00,148.0477011,2024-01-24 13:20:00+00:00,147.0,1,33.800821165497695,-35.413157515995614,667.6439227263318
IYY6XR,2,C:USDJPY,2024-01-23 13:30:00+00:00,147.913302075,2024-01-24 13:20:00+00:00,147.0,-1,32.51882887337348,29.699513886621588,697.3434366129534
42WYJE,2,C:USDJPY,2024-01-23 13:55:00+00:00,148.03370074999998,2024-01-24 13:20:00+00:00,147.0,1,34.162151615273565,-35.31344174632131,662.029994866632
O1GZMK,2,C:USDJPY,2024-01-24 13:30:00+00:00,146.929326675,2024-01-26 05:30:00+00:00,147.776694325,-1,31.08122041627387,-26.337220703269868,635.6927741633622
HZB9AS,2,C:USDJPY,2024-01-24 13:45:00+00:00,147.000674925,2024-01-26 05:45:00+00:00,147.73430654999999,1,33.035428885560165,24.235835375885006,659.9286095392472
G2E1V2,2,C:USDJPY,2024-01-24 15:15:00+00:00,146.9603259,2024-01-26 07:15:00+00:00,147.81869537499998,-1,32.23125583576633,-27.66632615033709,632.2622833889101
GLKZZ9,2,C:USDJPY,2024-01-24 15:55:00+00:00,147.01267522499998,2024-01-26 07:55:00+00:00,147.775305525,1,32.83878942790802,25.043855833042716,657.3061392219528
SZJS5S,2,C:USDJPY,2024-01-24 16:00:00+00:00,146.935326525,2024-01-26 08:00:00+00:00,147.77469427499997,-1,31.34611718118404,-26.310919849606154,630.9952193723466
AK9WLR,2,C:USDJPY,2024-01-26 15:05:00+00:00,148.040700925,2024-01-28 22:50:00+00:00,148.0922976,1,30.453437228395067,1.5712961033059374,632.5665154756525
9RU8RW,2,C:USDJPY,2024-01-29 13:20:00+00:00,148.0517012,2024-01-31 05:20:00+00:00,147.62630925,1,30.29533120094089,-12.887390015464243,619.6791254601883
KAIMV5,2,C:USDJPY,2024-01-29 13:30:00+00:00,147.97230059999998,2024-01-31 05:30:00+00:00,147.658691375,-1,30.766853865547557,9.648769196462418,629.3278946566508
6JQE4Q,2,C:USDJPY,2024-01-31 21:20:00+00:00,146.899327425,2024-02-01 16:15:00+00:00,146.0,-1,28.271693380801935,25.425509208546025,654.7534038651968
WZ3SNT,2,C:USDJPY,2024-02-02 13:35:00+00:00,147.62969065,2024-02-02 14:00:00+00:00,148.0,1,20.220920440556156,7.48799590474434,662.2413997699412
NM7T1V,2,C:USDJPY,2024-02-02 15:05:00+00:00,148.04870112499998,2024-02-04 22:00:00+00:00,148.356291,1,31.86917226996869,9.802634714873749,672.0440344848149
Z3JCYG,2,C:USDJPY,2024-02-07 15:25:00+00:00,147.98130037500002,2024-02-08 10:30:00+00:00,149.0,-1,33.073033193150636,-33.691486511474515,638.3525479733404
22U5RE,2,C:USDJPY,2024-02-07 15:10:00+00:00,148.050701175,2024-02-08 10:45:00+00:00,149.0,1,31.97164769195161,30.350647587283614,668.703195560624
WEO4PE,2,C:USDJPY,2024-02-12 13:15:00+00:00,149.01272522499997,2024-02-13 13:30:00+00:00,150.0,1,33.26881569953368,32.84546253427463,701.5486580948985
R9HAV5,2,C:USDJPY,2024-02-13 13:35:00+00:00,150.2717567,2024-02-15 05:35:00+00:00,150.09024764999998,1,27.641791099089662,-5.0172352426946825,696.5314228522038
ZFKN0D,2,C:USDJPY,2024-02-15 13:25:00+00:00,149.953251075,2024-02-18 22:00:00+00:00,150.108752625,-1,33.583964457675975,-5.222358528313415,691.3090643238904
HQ3MU3,2,C:USDJPY,2024-02-15 13:40:00+00:00,149.80925467499998,2024-02-18 22:00:00+00:00,150.108752625,-1,29.3647311489123,-8.794676781400877,682.5143875424895
TSSHKQ,2,C:USDJPY,2024-02-15 15:40:00+00:00,150.03775084999998,2024-02-18 22:00:00+00:00,150.10124737499999,1,33.64886100735388,2.13658574417514,684.6509732866647
V7310E,2,C:USDJPY,2024-02-19 13:05:00+00:00,149.9922501,2024-02-21 05:05:00+00:00,150.010750175,-1,34.096164008300356,-0.6307815913655678,684.0201916952991
CKBY4H,2,C:USDJPY,2024-02-19 13:55:00+00:00,149.97025064999997,2024-02-21 05:55:00+00:00,149.95474877499998,-1,33.203247977044654,0.5147125997336183,684.5349042950327
64L2T3,2,C:USDJPY,2024-02-20 13:45:00+00:00,149.99025014999998,2024-02-22 05:45:00+00:00,150.26275647499997,-1,33.994586558424096,-9.263739852930373,675.2711644421023
G55XM1,2,C:USDJPY,2024-02-20 19:55:00+00:00,150.01475027499998,2024-02-22 11:55:00+00:00,150.211244625,1,33.826629114953775,6.6467415006346995,681.917905942737
370MVK,2,C:USDJPY,2024-02-20 21:05:00+00:00,150.00575005,2024-02-22 13:05:00+00:00,150.415239525,1,34.198350314020026,14.003864515954662,695.9217704586916
V6UE2V,2,C:USDJPY,2024-02-20 21:25:00+00:00,150.00024989999997,2024-02-22 13:25:00+00:00,150.45276122500002,-1,34.19835031401905,-15.475140813412496,680.4466296452791
NEFS4R,2,C:USDJPY,2024-02-20 21:50:00+00:00,149.99025014999998,2024-02-22 13:50:00+00:00,150.48276197500002,-1,33.994586558424096,-16.742735866011166,663.703893779268
VULHC3,2,C:USDJPY,2024-02-21 13:05:00+00:00,149.9802504,2024-02-23 05:05:00+00:00,150.542763475,-1,33.72093124606118,-18.968464727085394,644.7354290521827
STBJPV,2,C:USDJPY,2024-02-21 13:25:00+00:00,150.040750925,2024-02-23 05:25:00+00:00,150.55223610000002,1,32.97374298145595,16.865580699275625,661.6010097514583
9SKHRR,2,C:USDJPY,2024-02-21 13:45:00+00:00,149.98825019999998,2024-02-23 05:45:00+00:00,150.59776484999998,-1,33.92145214544217,-20.675622031920735,640.9253877195375
X55ILM,2,C:USDJPY,2024-02-21 13:55:00+00:00,150.04175095,2024-02-23 05:55:00+00:00,150.585235275,1,32.97374298145595,17.920712447000355,658.8461001665379
XVCJD6,2,C:USDJPY,2024-02-29 13:35:00+00:00,149.97725047499998,2024-03-03 22:00:00+00:00,149.9517487,-1,32.29637745914369,0.8236149512775357,659.6697151178155
RNY8JR,2,C:USDJPY,2024-03-05 15:05:00+00:00,149.96225085,2024-03-07 00:10:00+00:00,149.0,-1,31.868102179603845,30.665108410210774,690.3348235280263
8LVQ6L,2,C:USDJPY,2024-03-05 15:25:00+00:00,150.00775009999998,2024-03-07 00:10:00+00:00,149.0,1,32.75420631170865,-33.00805468604441,657.3267688419819
8F4PPH,2,C:USDJPY,2024-03-05 15:30:00+00:00,149.99025014999998,2024-03-07 00:10:00+00:00,149.0,-1,32.819388811831764,32.499404693824076,689.826173535806
TKF8G6,2,C:USDJPY,2024-03-05 19:10:00+00:00,150.04175095,2024-03-07 00:10:00+00:00,149.0,1,31.806640073183686,-33.134597512546975,656.691576023259
2PGF7Y,2,C:USDJPY,2024-03-05 19:15:00+00:00,149.989250175,2024-03-07 00:10:00+00:00,149.0,-1,32.819388811831764,32.46658612549746,689.1581621487564
NRPQ0O,2,C:USDJPY,2024-03-05 21:30:00+00:00,150.02175044999998,2024-03-07 00:10:00+00:00,149.0,1,32.46406078335735,-33.17016871422223,655.9879934345342
7IEVG8,2,C:USDJPY,2024-03-05 21:35:00+00:00,149.989250175,2024-03-07 00:10:00+00:00,149.0,-1,32.689282215946776,32.337878152749575,688.3258715872838
728UI2,2,C:USDJPY,2024-03-05 21:40:00+00:00,150.0237505,2024-03-07 00:10:00+00:00,149.0,1,32.62461499099094,-33.39946590933465,654.9264056779491
4MJ2YL,2,C:USDJPY,2024-03-08 13:35:00+00:00,146.86232835,2024-03-10 22:00:00+00:00,146.99667482499999,-1,28.902312695407193,-3.8829238299749114,651.0434818479742
FYE98R,2,C:USDJPY,2024-03-08 15:15:00+00:00,147.0156753,2024-03-10 22:00:00+00:00,146.98932517499998,1,32.2942014634094,-0.8509562453367234,650.1925256026375
YFWUDP,2,C:USDJPY,2024-03-14 13:15:00+00:00,147.91830195,2024-03-15 14:40:00+00:00,149.0,-1,30.18535402054961,-32.65143858258817,617.5410870200493
5PV7FQ,2,C:USDJPY,2024-03-14 14:00:00+00:00,148.00829969999998,2024-03-15 14:40:00+00:00,149.0,-1,32.31573188879907,-32.04752100884223,585.4935660112071
U3GII5,2,C:USDJPY,2024-03-14 13:10:00+00:00,148.01270022499997,2024-03-15 15:00:00+00:00,149.0,1,32.187748792210066,31.778957140306332,617.2725231515135
AY7QY7,2,C:USDJPY,2024-03-14 13:50:00+00:00,148.080701925,2024-03-15 15:00:00+00:00,149.0,1,30.101505814936573,27.67225635027251,644.944779501786
S2QYK2,2,C:USDJPY,2024-03-15 15:05:00+00:00,149.04272597499997,2024-03-17 22:00:00+00:00,149.045273775,1,31.03680363338758,0.07907556829809212,645.0238550700841
RH66IQ,2,C:USDJPY,2024-03-15 15:25:00+00:00,148.99027515,2024-03-17 22:00:00+00:00,149.052726225,-1,32.118763919411045,-2.0058513344379274,643.0180037356462
26RVS9,2,C:USDJPY,2024-03-15 15:40:00+00:00,149.00572505,2024-03-17 22:00:00+00:00,149.045273775,1,32.182873228631735,1.272791603029117,644.2907953386753
FV8D3J,2,C:USDJPY,2024-03-20 19:05:00+00:00,151.0357758,2024-03-22 11:05:00+00:00,151.5802104,1,31.245916359780384,17.01135797497012,661.3021533136454
XLPE26,2,C:USDJPY,2024-03-20 19:10:00+00:00,150.94022639999997,2024-03-22 11:10:00+00:00,151.57378924999998,-1,30.535108783823272,-19.345910546139233,641.9562427675062
49F6AV,2,C:USDJPY,2024-03-20 19:15:00+00:00,151.062776475,2024-03-22 11:15:00+00:00,151.52321182499998,1,30.44852529955953,14.019577403286034,655.9758201707922
5QYBZ5,2,C:USDJPY,2024-04-10 21:10:00+00:00,152.939176425,2024-04-12 13:10:00+00:00,152.64581604999998,-1,27.332325840449933,8.018221358177135,663.9940415289693
0OID1R,2,C:USDJPY,2024-04-10 21:20:00+00:00,153.06182644999998,2024-04-12 13:20:00+00:00,152.86617825,1,30.65307570891572,-5.997219086912891,657.9968224420564
489A6X,2,C:USDJPY,2024-04-10 21:55:00+00:00,152.93417655,2024-04-12 13:55:00+00:00,152.974824275,-1,30.91309237374035,-1.256546877707818,656.7402755643486
WMJLXN,2,C:USDJPY,2024-04-11 13:40:00+00:00,153.01782535,2024-04-14 22:00:00+00:00,153.18417029999998,1,32.474050503504856,5.401894307301925,662.1421698716506
3MM6BV,2,C:USDJPY,2024-04-12 13:40:00+00:00,153.04582605,2024-04-14 22:00:00+00:00,153.18417029999998,1,31.513257779791637,4.359678012601584,666.5018478842521
1O2DT4,2,C:USDJPY,2024-04-12 13:50:00+00:00,152.97217559999999,2024-04-14 22:00:00+00:00,153.19182969999997,-1,32.066121951366945,-7.043455157717283,659.4583927265348
ZBY14J,2,C:USDJPY,2024-04-12 15:15:00+00:00,153.02982565,2024-04-14 22:00:00+00:00,153.18417029999998,1,31.911578015760494,4.925381339789754,664.3837740663246
QLPG6R,2,C:USDJPY,2024-04-24 15:10:00+00:00,155.012875225,2024-04-26 03:30:00+00:00,156.0,1,32.89028584486785,32.466816014301266,696.8505900806258
