,strat_id,instrument,open_time,open_price,close_time,close_price,dir,size,PnL
FJBI5P,1,C:USDJPY,2022-05-27 00:40:00+00:00,126.628635,2022-05-27 00:40:00+00:00,127,-1,1,-0.3713649999999973
Y6D70A,1,C:USDJPY,2022-05-27 01:00:00+00:00,127.3175,2022-05-31 01:00:00+00:00,128,1,1,0.6825000000000045
9AIVKQ,1,C:USDJPY,2022-05-31 04:20:00+00:00,127.6610475,2022-05-31 04:20:00+00:00,128,-1,1,-0.3389525000000049
2V3Y1Z,1,C:USDJPY,2022-05-31 04:45:00+00:00,127.67501250000001,2022-05-31 04:45:00+00:00,128,-1,1,-0.32498749999999177
WJOJ0A,1,C:USDJPY,2022-05-31 05:00:00+00:00,128.3270175,2022-06-01 06:40:00+00:00,129,1,1,0.6729824999999892
MBRRPT,1,C:USDJPY,2022-06-01 15:45:00+00:00,130.35808249999997,2022-06-06 14:35:00+00:00,131,1,1,0.6419175000000337
AV9Q95,1,C:USDJPY,2022-06-06 19:00:00+00:00,132.33300749999998,2022-06-08 06:50:00+00:00,133,1,1,0.6669925000000205
QCTZYW,1,C:USDJPY,2022-06-08 10:50:00+00:00,134.36206749999997,2022-06-09 10:05:00+00:00,133,1,1,-1.3620674999999665
CD429D,1,C:USDJPY,2022-06-09 13:25:00+00:00,134.37911,2022-06-14 19:00:00+00:00,135,1,1,0.6208900000000028
S6ES9W,1,C:USDJPY,2022-06-15 00:55:00+00:00,134.62958250000003,2022-06-15 00:55:00+00:00,135,-1,1,-0.37041749999997364
ZU2C1T,1,C:USDJPY,2022-06-15 05:10:00+00:00,134.59866000000002,2022-06-15 05:10:00+00:00,135,-1,1,-0.40133999999997627
ZIWHOV,1,C:USDJPY,2022-06-15 05:35:00+00:00,135.3625625,2022-06-15 10:30:00+00:00,134,1,1,-1.3625624999999957
82S8N0,1,C:USDJPY,2022-06-15 18:45:00+00:00,133.5323325,2022-06-15 18:45:00+00:00,134,-1,1,-0.46766750000000457
NXMFFE,1,C:USDJPY,2022-06-15 19:05:00+00:00,133.65303,2022-06-15 19:05:00+00:00,134,-1,1,-0.3469699999999989
S83SGF,1,C:USDJPY,2022-06-15 22:10:00+00:00,134.36307,2022-06-16 08:55:00+00:00,133,1,1,-1.3630699999999933
185IR9,1,C:USDJPY,2022-06-16 09:20:00+00:00,132.4769775,2022-06-16 09:20:00+00:00,133,-1,1,-0.5230224999999962
SWU0OI,1,C:USDJPY,2022-06-16 09:50:00+00:00,133.3515475,2022-06-16 15:15:00+00:00,132,1,1,-1.3515475000000094
9R10H1,1,C:USDJPY,2022-06-16 15:45:00+00:00,131.544315,2022-06-16 15:45:00+00:00,132,-1,1,-0.45568499999998835
3WU0E6,1,C:USDJPY,2022-06-16 16:20:00+00:00,132.35105249999998,2022-06-17 01:35:00+00:00,133,1,1,0.6489475000000198
FJ3GJ3,1,C:USDJPY,2022-06-17 02:45:00+00:00,134.669835,2022-06-17 02:55:00+00:00,133,1,1,-1.6698350000000062
4SI5UB,1,C:USDJPY,2022-06-17 03:40:00+00:00,134.433245,2022-06-17 15:00:00+00:00,135,1,1,0.5667550000000006
QAVTPU,1,C:USDJPY,2022-06-17 15:40:00+00:00,134.65053,2022-06-17 15:40:00+00:00,135,-1,1,-0.3494699999999966
LBMW1L,1,C:USDJPY,2022-06-17 17:10:00+00:00,134.6435475,2022-06-17 17:10:00+00:00,135,-1,1,-0.35645249999998896
POWHRZ,1,C:USDJPY,2022-06-17 17:30:00+00:00,134.64753750000003,2022-06-17 17:30:00+00:00,135,-1,1,-0.35246249999997303
TU9NK0,1,C:USDJPY,2022-06-17 19:25:00+00:00,135.343515,2022-06-17 20:55:00+00:00,134,1,1,-1.3435149999999965
FIH6PR,1,C:USDJPY,2022-06-19 22:05:00+00:00,135.491885,2022-06-21 16:25:00+00:00,136,1,1,0.5081150000000036
WI8KIF,1,C:USDJPY,2022-06-22 09:50:00+00:00,135.55227,2022-06-22 09:50:00+00:00,136,-1,1,-0.44773000000000707
9NWOPI,1,C:USDJPY,2022-06-22 10:10:00+00:00,136.42922249999998,2022-06-23 02:45:00+00:00,135,1,1,-1.4292224999999803
JB72J2,1,C:USDJPY,2022-06-23 13:00:00+00:00,134.6226,2022-06-23 13:00:00+00:00,135,-1,1,-0.3773999999999944
GDN1MG,1,C:USDJPY,2022-06-24 00:20:00+00:00,135.411685,2022-06-28 18:45:00+00:00,136,1,1,0.5883149999999944
ZIYDMG,1,C:USDJPY,2022-06-29 01:05:00+00:00,135.65401500000002,2022-06-29 01:05:00+00:00,136,-1,1,-0.34598499999998467
4EC0CT,1,C:USDJPY,2022-06-29 01:30:00+00:00,136.36005,2022-07-01 02:30:00+00:00,135,1,1,-1.360050000000001
A244BF,1,C:USDJPY,2022-07-01 05:05:00+00:00,134.53482000000002,2022-07-01 05:05:00+00:00,135,-1,1,-0.4651799999999753
I68IM8,1,C:USDJPY,2022-07-01 05:55:00+00:00,135.36156,2022-07-05 01:40:00+00:00,136,1,1,0.6384400000000028
AXT2C0,1,C:USDJPY,2022-07-05 08:15:00+00:00,135.5752125,2022-07-05 08:15:00+00:00,136,-1,1,-0.42478750000000787
VZSB6C,1,C:USDJPY,2022-07-05 11:10:00+00:00,136.36406,2022-07-06 01:15:00+00:00,135,1,1,-1.364059999999995
5U52OC,1,C:USDJPY,2022-07-06 23:05:00+00:00,136.3951375,2022-07-08 03:00:00+00:00,135,1,1,-1.3951375000000041
1Z1BVJ,1,C:USDJPY,2022-07-08 12:35:00+00:00,136.43423499999997,2022-07-11 11:55:00+00:00,137,1,1,0.5657650000000274
ODGYWN,1,C:USDJPY,2022-07-12 09:55:00+00:00,136.59366000000003,2022-07-12 09:55:00+00:00,137,-1,1,-0.4063399999999717
EBCPIS,1,C:USDJPY,2022-07-13 00:45:00+00:00,137.35252499999999,2022-07-14 05:20:00+00:00,138,1,1,0.6474750000000142
Y46U75,1,C:USDJPY,2022-07-14 08:00:00+00:00,139.44574500000002,2022-07-15 20:55:00+00:00,138,1,1,-1.4457450000000165
ZSOULP,1,C:USDJPY,2022-07-18 08:10:00+00:00,137.633055,2022-07-18 08:10:00+00:00,138,-1,1,-0.366944999999987
OV86TA,1,C:USDJPY,2022-07-18 08:35:00+00:00,138.3760775,2022-07-21 20:45:00+00:00,137,1,1,-1.376077500000008
POUHDD,1,C:USDJPY,2022-07-22 11:50:00+00:00,136.567725,2022-07-22 11:50:00+00:00,137,-1,1,-0.4322750000000042
LVO8F0,1,C:USDJPY,2022-07-22 14:05:00+00:00,135.39865500000002,2022-07-22 14:05:00+00:00,136,-1,1,-0.6013449999999807
B8AIKT,1,C:USDJPY,2022-07-22 14:30:00+00:00,136.402155,2022-07-27 15:50:00+00:00,137,1,1,0.5978450000000066
VE5NXU,1,C:USDJPY,2022-07-27 18:20:00+00:00,136.65450750000002,2022-07-27 18:20:00+00:00,137,-1,1,-0.34549249999997755
FB0CV2,1,C:USDJPY,2022-07-27 18:35:00+00:00,137.65929,2022-07-27 18:55:00+00:00,136,1,1,-1.6592899999999986
6OIPI7,1,C:USDJPY,2022-07-28 01:05:00+00:00,135.56025000000002,2022-07-28 01:05:00+00:00,136,-1,1,-0.4397499999999752
CGSS84,1,C:USDJPY,2022-07-28 12:45:00+00:00,134.556765,2022-07-28 12:45:00+00:00,135,-1,1,-0.44323499999998717
WVDPNA,1,C:USDJPY,2022-07-29 03:15:00+00:00,133.4325825,2022-07-29 03:15:00+00:00,134,-1,1,-0.5674175000000048
065GFL,1,C:USDJPY,2022-07-29 05:25:00+00:00,132.537825,2022-07-29 05:25:00+00:00,133,-1,1,-0.462175000000002
3XAGSC,1,C:USDJPY,2022-07-29 05:40:00+00:00,132.6186225,2022-07-29 05:40:00+00:00,133,-1,1,-0.38137750000001347
RHCHDI,1,C:USDJPY,2022-07-29 05:55:00+00:00,132.61363500000002,2022-07-29 05:55:00+00:00,133,-1,1,-0.38636499999998364
JDDHMK,1,C:USDJPY,2022-07-29 06:15:00+00:00,132.6425625,2022-07-29 06:15:00+00:00,133,-1,1,-0.3574375000000032
4BZ7BL,1,C:USDJPY,2022-07-29 08:55:00+00:00,133.3756075,2022-07-29 13:10:00+00:00,134,1,1,0.624392499999999
HBRBGC,1,C:USDJPY,2022-07-29 14:10:00+00:00,133.64205750000002,2022-07-29 14:10:00+00:00,134,-1,1,-0.35794249999997874
OKY0AC,1,C:USDJPY,2022-07-29 14:40:00+00:00,133.5283425,2022-07-29 14:40:00+00:00,134,-1,1,-0.47165749999999207
RCOO51,1,C:USDJPY,2022-08-01 00:25:00+00:00,132.537825,2022-08-01 00:25:00+00:00,133,-1,1,-0.462175000000002
9BULAF,1,C:USDJPY,2022-08-01 00:40:00+00:00,132.55578,2022-08-01 00:40:00+00:00,133,-1,1,-0.4442200000000014
VK9IW4,1,C:USDJPY,2022-08-01 09:50:00+00:00,131.6450625,2022-08-01 09:50:00+00:00,132,-1,1,-0.35493750000000546
EH1MQ5,1,C:USDJPY,2022-08-01 10:05:00+00:00,131.63708250000002,2022-08-01 10:05:00+00:00,132,-1,1,-0.36291749999998046
VBDJA8,1,C:USDJPY,2022-08-01 10:20:00+00:00,131.66002500000002,2022-08-01 10:20:00+00:00,132,-1,1,-0.33997499999998126
CL7TBM,1,C:USDJPY,2022-08-01 10:35:00+00:00,131.66501250000002,2022-08-01 10:35:00+00:00,132,-1,1,-0.3349874999999827
HKEP5N,1,C:USDJPY,2022-08-01 13:10:00+00:00,131.61114750000002,2022-08-01 13:10:00+00:00,132,-1,1,-0.3888524999999845
0HW2SV,1,C:USDJPY,2022-08-01 14:15:00+00:00,131.60815499999998,2022-08-01 14:15:00+00:00,132,-1,1,-0.39184500000001776
6IOIOB,1,C:USDJPY,2022-08-01 14:30:00+00:00,131.62610999999998,2022-08-01 14:30:00+00:00,132,-1,1,-0.37389000000001715
X6GNG3,1,C:USDJPY,2022-08-02 00:40:00+00:00,130.36926,2022-08-02 00:40:00+00:00,131,-1,1,-0.630740000000003
8L5NAV,1,C:USDJPY,2022-08-02 06:25:00+00:00,131.3405325,2022-08-02 15:55:00+00:00,132,1,1,0.6594675000000052
RRNG80,1,C:USDJPY,2022-08-02 19:55:00+00:00,133.3996675,2022-08-03 04:00:00+00:00,132,1,1,-1.3996674999999925
JFYW2J,1,C:USDJPY,2022-08-03 05:30:00+00:00,133.37259999999998,2022-08-03 14:05:00+00:00,134,1,1,0.6274000000000228
GQ3X0W,1,C:USDJPY,2022-08-03 16:10:00+00:00,133.603155,2022-08-03 16:10:00+00:00,134,-1,1,-0.3968450000000132
TW6I5Y,1,C:USDJPY,2022-08-03 16:40:00+00:00,134.345025,2022-08-04 12:30:00+00:00,133,1,1,-1.3450249999999926
XCHFYE,1,C:USDJPY,2022-08-04 18:35:00+00:00,132.65852250000003,2022-08-04 18:35:00+00:00,133,-1,1,-0.3414774999999679
3X3V3Y,1,C:USDJPY,2022-08-04 18:55:00+00:00,132.625605,2022-08-04 18:55:00+00:00,133,-1,1,-0.3743949999999927
CXKDSN,1,C:USDJPY,2022-08-04 21:55:00+00:00,133.3435275,2022-08-05 12:30:00+00:00,134,1,1,0.6564725000000067
I5GAG0,1,C:USDJPY,2022-08-05 14:05:00+00:00,135.42371500000002,2022-08-10 12:30:00+00:00,134,1,1,-1.4237150000000156
PL35TT,1,C:USDJPY,2022-08-10 12:55:00+00:00,133.3475375,2022-08-10 14:00:00+00:00,132,1,1,-1.3475374999999872
0IR2CJ,1,C:USDJPY,2022-08-10 18:30:00+00:00,133.38864,2022-08-10 19:35:00+00:00,134,1,1,0.6113599999999906
BJEG5O,1,C:USDJPY,2022-08-11 01:20:00+00:00,133.4237275,2022-08-11 11:40:00+00:00,132,1,1,-1.4237275000000125
BG1UUR,1,C:USDJPY,2022-08-11 12:45:00+00:00,131.6171325,2022-08-11 12:45:00+00:00,132,-1,1,-0.38286750000000325
GWVC8H,1,C:USDJPY,2022-08-11 13:00:00+00:00,131.6051625,2022-08-11 13:00:00+00:00,132,-1,1,-0.3948374999999942
93FQE7,1,C:USDJPY,2022-08-11 13:20:00+00:00,132.372105,2022-08-12 00:25:00+00:00,133,1,1,0.6278949999999952
U8NN9U,1,C:USDJPY,2022-08-15 00:55:00+00:00,132.7203675,2022-08-15 00:55:00+00:00,133,-1,1,-0.27963249999999107
ATX3HA,1,C:USDJPY,2022-08-15 12:20:00+00:00,132.525855,2022-08-15 12:20:00+00:00,133,-1,1,-0.47414499999999293
9U9095,1,C:USDJPY,2022-08-15 14:35:00+00:00,133.4036775,2022-08-16 11:10:00+00:00,134,1,1,0.5963225000000136
J8MBUG,1,C:USDJPY,2022-08-17 02:10:00+00:00,133.62011250000003,2022-08-17 02:10:00+00:00,134,-1,1,-0.37988749999996685
3S1S6J,1,C:USDJPY,2022-08-17 11:20:00+00:00,135.42672249999998,2022-08-19 00:30:00+00:00,136,1,1,0.5732775000000174
KU8AUM,1,C:USDJPY,2022-08-19 11:40:00+00:00,137.41869,2022-08-23 14:00:00+00:00,136,1,1,-1.418689999999998
IEE2NX,1,C:USDJPY,2022-08-23 14:15:00+00:00,135.6051375,2022-08-23 14:15:00+00:00,136,-1,1,-0.3948624999999879
98EEOO,1,C:USDJPY,2022-08-24 13:10:00+00:00,137.40265,2022-08-25 09:20:00+00:00,136,1,1,-1.4026499999999942
Z4WV0V,1,C:USDJPY,2022-08-26 08:30:00+00:00,136.6305675,2022-08-26 08:30:00+00:00,137,-1,1,-0.36943249999998784
7L0VDD,1,C:USDJPY,2022-08-26 11:50:00+00:00,137.37257499999998,2022-08-26 14:10:00+00:00,136,1,1,-1.3725749999999834
ADMI39,1,C:USDJPY,2022-08-26 14:30:00+00:00,137.492875,2022-08-29 00:10:00+00:00,138,1,1,0.507125000000002
ODIY7U,1,C:USDJPY,2022-08-31 21:30:00+00:00,139.365545,2022-09-02 04:45:00+00:00,140,1,1,0.6344550000000027
OP850D,1,C:USDJPY,2022-09-02 15:15:00+00:00,139.600125,2022-09-02 15:15:00+00:00,140,-1,1,-0.39987500000000864
E3DC5R,1,C:USDJPY,2022-09-06 06:00:00+00:00,141.39661,2022-09-06 12:50:00+00:00,142,1,1,0.6033899999999903
90KEWY,1,C:USDJPY,2022-09-06 16:40:00+00:00,143.41664749999998,2022-09-07 04:20:00+00:00,144,1,1,0.5833525000000179
J8W1G3,1,C:USDJPY,2022-09-07 04:45:00+00:00,143.62304250000003,2022-09-07 04:45:00+00:00,144,-1,1,-0.37695749999997474
8BY555,1,C:USDJPY,2022-09-07 05:40:00+00:00,144.38305749999998,2022-09-08 11:40:00+00:00,143,1,1,-1.3830574999999783
IGN2DW,1,C:USDJPY,2022-09-08 13:00:00+00:00,144.49132749999998,2022-09-09 03:15:00+00:00,143,1,1,-1.4913274999999828
DATPRJ,1,C:USDJPY,2022-09-09 04:10:00+00:00,142.48489500000002,2022-09-09 04:10:00+00:00,143,-1,1,-0.515104999999977
I1W25C,1,C:USDJPY,2022-09-09 06:05:00+00:00,143.40361499999997,2022-09-09 07:10:00+00:00,142,1,1,-1.4036149999999736
ZC1MIN,1,C:USDJPY,2022-09-09 09:00:00+00:00,141.603105,2022-09-09 09:00:00+00:00,142,-1,1,-0.39689500000000066
5BE25R,1,C:USDJPY,2022-09-09 10:05:00+00:00,141.435525,2022-09-09 10:05:00+00:00,142,-1,1,-0.5644749999999874
UD8036,1,C:USDJPY,2022-09-09 11:25:00+00:00,142.36302,2022-09-12 06:00:00+00:00,143,1,1,0.6369799999999941
2UY63E,1,C:USDJPY,2022-09-12 07:05:00+00:00,142.52679,2022-09-12 07:05:00+00:00,143,-1,1,-0.4732099999999946
Q1OO7F,1,C:USDJPY,2022-09-13 11:25:00+00:00,141.57717,2022-09-13 11:25:00+00:00,142,-1,1,-0.4228300000000047
GYSK7Q,1,C:USDJPY,2022-09-13 11:45:00+00:00,142.35900999999998,2022-09-13 12:30:00+00:00,143,1,1,0.6409900000000164
UIP7I8,1,C:USDJPY,2022-09-13 12:50:00+00:00,144.3670175,2022-09-14 07:00:00+00:00,143,1,1,-1.3670175000000029
IAD6Q7,1,C:USDJPY,2022-09-14 08:10:00+00:00,142.568685,2022-09-14 08:10:00+00:00,143,-1,1,-0.4313150000000121
I98JIQ,1,C:USDJPY,2022-09-14 08:35:00+00:00,142.608585,2022-09-14 08:35:00+00:00,143,-1,1,-0.39141499999999496
5Y5LDZ,1,C:USDJPY,2022-09-14 12:45:00+00:00,142.55073,2022-09-14 12:45:00+00:00,143,-1,1,-0.4492700000000127
VNOWW4,1,C:USDJPY,2022-09-14 13:00:00+00:00,143.38055749999998,2022-09-21 16:50:00+00:00,144,1,1,0.6194425000000194
FNM1P8,1,C:USDJPY,2022-09-21 18:35:00+00:00,143.538255,2022-09-21 18:35:00+00:00,144,-1,1,-0.4617450000000076
1SH3BD,1,C:USDJPY,2022-09-21 19:50:00+00:00,144.37203,2022-09-22 02:55:00+00:00,145,1,1,0.6279700000000048
TRAXEW,1,C:USDJPY,2022-09-22 06:15:00+00:00,145.536935,2022-09-22 08:00:00+00:00,144,1,1,-1.5369349999999997
IYQTCE,1,C:USDJPY,2022-09-22 08:20:00+00:00,142.74524250000002,2022-09-22 08:25:00+00:00,144,-1,1,-1.2547574999999824
DOAKV9,1,C:USDJPY,2022-09-22 08:45:00+00:00,140.6165775,2022-09-22 08:45:00+00:00,141,-1,1,-0.38342249999999467
QXIURN,1,C:USDJPY,2022-09-22 09:00:00+00:00,142.4301875,2022-09-22 09:55:00+00:00,143,1,1,0.5698125000000118
LQ7SAT,1,C:USDJPY,2022-09-22 10:10:00+00:00,143.38456749999997,2022-09-22 10:50:00+00:00,142,1,1,-1.3845674999999744
RMTL6Q,1,C:USDJPY,2022-09-22 11:40:00+00:00,141.5661975,2022-09-22 11:40:00+00:00,142,-1,1,-0.43380250000001297
8A9B4K,1,C:USDJPY,2022-09-22 12:15:00+00:00,140.4549825,2022-09-22 12:15:00+00:00,141,-1,1,-0.5450175000000002
YVVXRL,1,C:USDJPY,2022-09-22 12:30:00+00:00,140.37019500000002,2022-09-22 12:30:00+00:00,141,-1,1,-0.6298049999999762
8TZ1MX,1,C:USDJPY,2022-09-22 13:05:00+00:00,141.4978625,2022-09-22 15:10:00+00:00,142,1,1,0.5021375000000035
VL0U2M,1,C:USDJPY,2022-09-22 15:55:00+00:00,141.58215750000002,2022-09-22 15:55:00+00:00,142,-1,1,-0.4178424999999777
NJBI5G,1,C:USDJPY,2022-09-23 01:15:00+00:00,141.50136,2022-09-23 01:15:00+00:00,142,-1,1,-0.49863999999999464
3WN6IJ,1,C:USDJPY,2022-09-23 01:40:00+00:00,142.40612749999997,2022-09-23 17:50:00+00:00,143,1,1,0.5938725000000318
LT881P,1,C:USDJPY,2022-09-26 03:05:00+00:00,144.39208,2022-10-07 19:10:00+00:00,145,1,1,0.6079200000000071
NVGYY5,1,C:USDJPY,2022-10-12 00:05:00+00:00,146.50134,2022-10-13 12:30:00+00:00,147,1,1,0.498660000000001
R4N2M4,1,C:USDJPY,2022-10-13 17:35:00+00:00,146.58063,2022-10-13 17:35:00+00:00,147,-1,1,-0.4193699999999865
Y17JTU,1,C:USDJPY,2022-10-13 18:05:00+00:00,146.6155425,2022-10-13 18:05:00+00:00,147,-1,1,-0.38445749999999634
JO56U1,1,C:USDJPY,2022-10-14 14:05:00+00:00,148.4692475,2022-10-18 15:25:00+00:00,149,1,1,0.5307525000000055
3IY8Q5,1,C:USDJPY,2022-10-20 07:40:00+00:00,150.3719925,2022-10-21 11:00:00+00:00,151,1,1,0.6280074999999954
R2K510,1,C:USDJPY,2022-10-21 14:40:00+00:00,150.2643975,2022-10-21 14:40:00+00:00,151,-1,1,-0.7356024999999988
T1C07X,1,C:USDJPY,2022-10-21 15:00:00+00:00,150.46221749999998,2022-10-21 15:05:00+00:00,149,1,1,-1.46221749999998
GLYKI3,1,C:USDJPY,2022-10-21 15:25:00+00:00,147.025515,2022-10-21 15:25:00+00:00,148,-1,1,-0.9744849999999872
P7W6I6,1,C:USDJPY,2022-10-21 15:45:00+00:00,147.45344250000002,2022-10-21 15:45:00+00:00,148,-1,1,-0.5465574999999774
5B45YQ,1,C:USDJPY,2022-10-21 16:15:00+00:00,147.79657,2022-10-21 16:35:00+00:00,146,1,1,-1.7965700000000027
MM9A5W,1,C:USDJPY,2022-10-21 16:50:00+00:00,146.58661500000002,2022-10-21 16:50:00+00:00,147,-1,1,-0.4133849999999768
QRBB7A,1,C:USDJPY,2022-10-21 17:40:00+00:00,148.41009999999997,2022-10-21 18:55:00+00:00,147,1,1,-1.4100999999999715
LABS4N,1,C:USDJPY,2022-10-21 19:10:00+00:00,146.5128,2022-10-21 19:10:00+00:00,147,-1,1,-0.4872000000000014
JXHSQW,1,C:USDJPY,2022-10-21 19:25:00+00:00,146.4519525,2022-10-21 19:25:00+00:00,147,-1,1,-0.5480474999999956
OCEPVF,1,C:USDJPY,2022-10-23 21:40:00+00:00,148.37,2022-10-23 22:55:00+00:00,149,1,1,0.6299999999999955
KF5EN7,1,C:USDJPY,2022-10-23 23:40:00+00:00,145.9551975,2022-10-23 23:40:00+00:00,147,-1,1,-1.044802500000003
0FG7F0,1,C:USDJPY,2022-10-24 00:05:00+00:00,148.66272999999998,2022-10-24 00:05:00+00:00,147,1,1,-1.662729999999982
84604X,1,C:USDJPY,2022-10-24 06:40:00+00:00,149.58402750000002,2022-10-24 11:45:00+00:00,148,1,1,-1.584027500000019
97Q6ZI,1,C:USDJPY,2022-10-24 12:05:00+00:00,148.625505,2022-10-24 12:05:00+00:00,149,-1,1,-0.374494999999996
WTGOWC,1,C:USDJPY,2022-10-24 12:20:00+00:00,149.4035775,2022-10-25 13:25:00+00:00,148,1,1,-1.4035775000000115
5931XQ,1,C:USDJPY,2022-10-25 13:50:00+00:00,147.4554375,2022-10-25 13:50:00+00:00,148,-1,1,-0.544562500000012
0HIU0H,1,C:USDJPY,2022-10-25 14:20:00+00:00,148.49430999999998,2022-10-26 07:30:00+00:00,147,1,1,-1.4943099999999845
HWLCB3,1,C:USDJPY,2022-10-26 08:10:00+00:00,146.41504500000002,2022-10-26 08:10:00+00:00,147,-1,1,-0.5849549999999795
VHMZ1O,1,C:USDJPY,2022-10-26 08:40:00+00:00,146.60058,2022-10-26 08:40:00+00:00,147,-1,1,-0.3994199999999921
96JXF8,1,C:USDJPY,2022-10-26 08:55:00+00:00,146.58761250000003,2022-10-26 08:55:00+00:00,147,-1,1,-0.4123874999999657
54C2E3,1,C:USDJPY,2022-10-26 09:25:00+00:00,147.4106075,2022-10-26 16:15:00+00:00,146,1,1,-1.4106074999999976
NOSNUB,1,C:USDJPY,2022-10-27 00:20:00+00:00,145.6359975,2022-10-27 00:20:00+00:00,146,-1,1,-0.364002499999998
9HOPXX,1,C:USDJPY,2022-10-27 01:15:00+00:00,145.5881175,2022-10-27 01:15:00+00:00,146,-1,1,-0.41188249999999016
9CUUEJ,1,C:USDJPY,2022-10-27 04:55:00+00:00,145.47639750000002,2022-10-27 04:55:00+00:00,146,-1,1,-0.5236024999999813
Q0P801,1,C:USDJPY,2022-10-27 09:10:00+00:00,146.53542499999998,2022-10-28 08:10:00+00:00,147,1,1,0.46457500000002483
C8J6FD,1,C:USDJPY,2022-10-31 00:25:00+00:00,148.3710025,2022-11-01 10:00:00+00:00,147,1,1,-1.371002500000003
G5LG0X,1,C:USDJPY,2022-11-01 14:20:00+00:00,148.4792725,2022-11-02 00:55:00+00:00,147,1,1,-1.4792725000000075
NG7OBC,1,C:USDJPY,2022-11-02 11:00:00+00:00,146.4898575,2022-11-02 11:00:00+00:00,147,-1,1,-0.5101425000000006
SXZJVN,1,C:USDJPY,2022-11-02 11:30:00+00:00,147.43065749999997,2022-11-02 18:00:00+00:00,146,1,1,-1.4306574999999668
RLUDI1,1,C:USDJPY,2022-11-02 18:35:00+00:00,145.62602250000003,2022-11-02 18:35:00+00:00,146,-1,1,-0.37397749999996677
PJCW3C,1,C:USDJPY,2022-11-02 18:55:00+00:00,147.3805325,2022-11-03 10:20:00+00:00,148,1,1,0.6194675000000132
UPQRPD,1,C:USDJPY,2022-11-03 13:55:00+00:00,147.5751375,2022-11-03 13:55:00+00:00,148,-1,1,-0.42486249999998904
18QVU4,1,C:USDJPY,2022-11-03 15:35:00+00:00,148.38603999999998,2022-11-04 12:50:00+00:00,147,1,1,-1.38603999999998
TKM29T,1,C:USDJPY,2022-11-04 14:10:00+00:00,146.54871,2022-11-04 14:10:00+00:00,147,-1,1,-0.4512900000000002
511CB0,1,C:USDJPY,2022-11-04 15:30:00+00:00,147.44268749999998,2022-11-07 13:00:00+00:00,146,1,1,-1.4426874999999768
4CC5EY,1,C:USDJPY,2022-11-08 15:00:00+00:00,145.54522500000002,2022-11-08 15:00:00+00:00,146,-1,1,-0.4547749999999837
TT438K,1,C:USDJPY,2022-11-09 13:10:00+00:00,146.40108999999998,2022-11-10 13:30:00+00:00,145,1,1,-1.4010899999999822
3BW7WB,1,C:USDJPY,2022-11-10 13:45:00+00:00,143.38464000000002,2022-11-10 13:45:00+00:00,144,-1,1,-0.6153599999999813
2J4AUK,1,C:USDJPY,2022-11-10 14:40:00+00:00,142.03203000000002,2022-11-10 21:00:00+00:00,141,-1,1,1.0320300000000202
WK62Q3,1,C:USDJPY,2022-11-10 22:05:00+00:00,141.342475,2022-11-11 01:30:00+00:00,142,1,1,0.6575249999999926
YU5DYB,1,C:USDJPY,2022-11-11 03:00:00+00:00,141.54525,2022-11-11 03:00:00+00:00,142,-1,1,-0.45474999999999
AGN3AT,1,C:USDJPY,2022-11-11 03:15:00+00:00,141.63003750000001,2022-11-11 03:15:00+00:00,142,-1,1,-0.36996249999998554
K8KXEK,1,C:USDJPY,2022-11-11 03:50:00+00:00,141.6400125,2022-11-11 03:50:00+00:00,142,-1,1,-0.35998749999998836
ZCEOLK,1,C:USDJPY,2022-11-11 04:05:00+00:00,142.3760525,2022-11-11 05:30:00+00:00,141,1,1,-1.376052499999986
HTQEFN,1,C:USDJPY,2022-11-11 08:50:00+00:00,140.52381000000003,2022-11-11 08:50:00+00:00,141,-1,1,-0.47618999999997413
YD4R7Z,1,C:USDJPY,2022-11-11 10:05:00+00:00,139.47444000000002,2022-11-11 10:05:00+00:00,140,-1,1,-0.5255599999999845
I9D88K,1,C:USDJPY,2022-11-11 10:40:00+00:00,138.54177750000002,2022-11-11 10:40:00+00:00,139,-1,1,-0.45822249999997666
LC417W,1,C:USDJPY,2022-11-11 16:05:00+00:00,138.60063000000002,2022-11-11 16:05:00+00:00,139,-1,1,-0.39936999999997624
NUJE68,1,C:USDJPY,2022-11-11 16:55:00+00:00,138.6195825,2022-11-11 16:55:00+00:00,139,-1,1,-0.38041749999999297
B7FOPD,1,C:USDJPY,2022-11-14 01:20:00+00:00,138.54177750000002,2022-11-14 01:20:00+00:00,139,-1,1,-0.45822249999997666
DWN1ED,1,C:USDJPY,2022-11-14 03:25:00+00:00,138.646515,2022-11-14 03:25:00+00:00,139,-1,1,-0.35348500000000627
M5003K,1,C:USDJPY,2022-11-14 03:45:00+00:00,139.35752499999998,2022-11-14 09:50:00+00:00,140,1,1,0.6424750000000188
LD1MUR,1,C:USDJPY,2022-11-14 18:30:00+00:00,139.6370325,2022-11-14 18:30:00+00:00,140,-1,1,-0.36296749999999633
C7V1TO,1,C:USDJPY,2022-11-15 07:20:00+00:00,139.640025,2022-11-15 07:20:00+00:00,140,-1,1,-0.3599749999999915
HOH5PE,1,C:USDJPY,2022-11-15 13:35:00+00:00,137.64901500000002,2022-11-15 13:35:00+00:00,138,-1,1,-0.3509849999999801
Q89YSK,1,C:USDJPY,2022-11-15 14:35:00+00:00,139.4387275,2022-11-17 12:55:00+00:00,140,1,1,0.5612725000000012
SRV4XG,1,C:USDJPY,2022-11-18 02:05:00+00:00,139.5672075,2022-11-18 02:05:00+00:00,140,-1,1,-0.432792500000005
GQDWIW,1,C:USDJPY,2022-11-18 02:20:00+00:00,140.376065,2022-11-21 09:10:00+00:00,141,1,1,0.6239349999999888
UQZS5H,1,C:USDJPY,2022-11-21 17:05:00+00:00,142.50938499999998,2022-11-22 09:30:00+00:00,141,1,1,-1.5093849999999804
P0ZZJY,1,C:USDJPY,2022-11-23 00:10:00+00:00,140.6465025,2022-11-23 00:10:00+00:00,141,-1,1,-0.35349750000000313
0UD7C1,1,C:USDJPY,2022-11-23 14:10:00+00:00,140.49488250000002,2022-11-23 14:10:00+00:00,141,-1,1,-0.505117499999983
C1H9XY,1,C:USDJPY,2022-11-23 15:45:00+00:00,139.54426500000002,2022-11-23 15:45:00+00:00,140,-1,1,-0.4557349999999758
TSD709,1,C:USDJPY,2022-11-24 01:10:00+00:00,138.5936475,2022-11-24 01:10:00+00:00,139,-1,1,-0.406352499999997
KWV6XK,1,C:USDJPY,2022-11-24 01:30:00+00:00,139.37156,2022-11-24 10:05:00+00:00,138,1,1,-1.3715599999999881
IKK2FO,1,C:USDJPY,2022-11-25 00:55:00+00:00,139.361535,2022-11-28 02:30:00+00:00,138,1,1,-1.3615350000000035
S7FU5W,1,C:USDJPY,2022-11-28 07:15:00+00:00,137.52632250000002,2022-11-28 07:15:00+00:00,138,-1,1,-0.47367749999997955
ZQMSRK,1,C:USDJPY,2022-11-28 07:30:00+00:00,138.4262025,2022-11-29 01:15:00+00:00,139,1,1,0.573797500000012
K82H55,1,C:USDJPY,2022-11-29 01:45:00+00:00,138.49290000000002,2022-11-29 01:45:00+00:00,139,-1,1,-0.5070999999999799
51ASON,1,C:USDJPY,2022-11-29 08:50:00+00:00,137.62208250000003,2022-11-29 08:50:00+00:00,138,-1,1,-0.3779174999999668
NBSPFR,1,C:USDJPY,2022-11-29 09:45:00+00:00,137.641035,2022-11-29 09:45:00+00:00,138,-1,1,-0.35896500000001197
53N24M,1,C:USDJPY,2022-11-29 10:35:00+00:00,137.59814250000002,2022-11-29 10:35:00+00:00,138,-1,1,-0.4018574999999771
7TCE2Y,1,C:USDJPY,2022-11-29 11:10:00+00:00,138.3620425,2022-11-30 13:55:00+00:00,139,1,1,0.6379574999999988
A0V54Y,1,C:USDJPY,2022-11-30 18:40:00+00:00,138.271455,2022-11-30 18:40:00+00:00,139,-1,1,-0.7285449999999969
BBPKY3,1,C:USDJPY,2022-11-30 19:55:00+00:00,137.62108500000002,2022-11-30 19:55:00+00:00,138,-1,1,-0.3789149999999779
22IO2O,1,C:USDJPY,2022-11-30 21:00:00+00:00,138.427205,2022-11-30 23:40:00+00:00,137,1,1,-1.4272049999999865
RKZA6N,1,C:USDJPY,2022-12-01 01:00:00+00:00,136.4649825,2022-12-01 01:00:00+00:00,137,-1,1,-0.5350175000000092
RG34ZN,1,C:USDJPY,2022-12-01 13:40:00+00:00,136.37308249999998,2022-12-01 17:30:00+00:00,135,1,1,-1.373082499999981
LF830M,1,C:USDJPY,2022-12-02 07:10:00+00:00,134.51487,2022-12-02 07:10:00+00:00,135,-1,1,-0.48512999999999806
6Y6EO4,1,C:USDJPY,2022-12-02 08:50:00+00:00,133.4285925,2022-12-02 08:50:00+00:00,134,-1,1,-0.5714074999999923
TLSRVG,1,C:USDJPY,2022-12-02 09:55:00+00:00,134.44326999999998,2022-12-02 13:30:00+00:00,135,1,1,0.5567300000000159
2GLX0W,1,C:USDJPY,2022-12-02 16:45:00+00:00,134.640555,2022-12-02 16:45:00+00:00,135,-1,1,-0.3594449999999938
V15XGK,1,C:USDJPY,2022-12-05 07:15:00+00:00,135.42471749999999,2022-12-05 15:30:00+00:00,136,1,1,0.5752825000000144
EY3LZZ,1,C:USDJPY,2022-12-06 02:30:00+00:00,137.39964249999997,2022-12-06 11:30:00+00:00,136,1,1,-1.3996424999999704
Y1PZ8L,1,C:USDJPY,2022-12-06 18:55:00+00:00,137.35352749999998,2022-12-07 17:20:00+00:00,136,1,1,-1.3535274999999842
73ZPIZ,1,C:USDJPY,2022-12-08 03:10:00+00:00,136.547775,2022-12-08 03:10:00+00:00,137,-1,1,-0.45222499999999854
0JKKMW,1,C:USDJPY,2022-12-08 04:15:00+00:00,137.37057,2022-12-08 13:30:00+00:00,136,1,1,-1.3705699999999865
EXMF1R,1,C:USDJPY,2022-12-09 03:05:00+00:00,135.5692275,2022-12-09 03:05:00+00:00,136,-1,1,-0.4307724999999891
RPHB7D,1,C:USDJPY,2022-12-09 05:00:00+00:00,136.3590475,2022-12-12 15:05:00+00:00,137,1,1,0.6409524999999974
3HPF3M,1,C:USDJPY,2022-12-13 13:35:00+00:00,135.418605,2022-12-13 13:35:00+00:00,136,-1,1,-0.5813949999999863
TGLPCQ,1,C:USDJPY,2022-12-13 13:50:00+00:00,134.65751250000002,2022-12-13 13:50:00+00:00,135,-1,1,-0.34248749999997585
1B67DE,1,C:USDJPY,2022-12-13 14:05:00+00:00,134.5717275,2022-12-13 14:05:00+00:00,135,-1,1,-0.4282724999999914
ZHQBVB,1,C:USDJPY,2022-12-13 14:35:00+00:00,135.35353999999998,2022-12-15 08:35:00+00:00,136,1,1,0.6464600000000189
X9VBVT,1,C:USDJPY,2022-12-15 15:10:00+00:00,137.52495499999998,2022-12-16 18:25:00+00:00,136,1,1,-1.5249549999999772
1EXFT9,1,C:USDJPY,2022-12-18 22:10:00+00:00,136.42922249999998,2022-12-20 00:55:00+00:00,137,1,1,0.5707775000000197
Y16T4B,1,C:USDJPY,2022-12-20 03:05:00+00:00,134.4819525,2022-12-20 03:05:00+00:00,135,-1,1,-0.5180474999999944
07HMA3,1,C:USDJPY,2022-12-20 06:00:00+00:00,132.593685,2022-12-20 06:00:00+00:00,133,-1,1,-0.4063150000000064
4SOPWW,1,C:USDJPY,2022-12-20 06:40:00+00:00,133.533,2022-12-20 07:45:00+00:00,132,1,1,-1.532999999999987
JKCT3H,1,C:USDJPY,2022-12-20 15:15:00+00:00,131.57124750000003,2022-12-20 15:15:00+00:00,132,-1,1,-0.4287524999999732
8WDWVW,1,C:USDJPY,2022-12-20 17:10:00+00:00,130.34532000000002,2022-12-20 17:10:00+00:00,131,-1,1,-0.6546799999999848
A1HK7Y,1,C:USDJPY,2022-12-20 17:25:00+00:00,131.32850249999998,2022-12-21 05:15:00+00:00,132,1,1,0.6714975000000152
PCZDMO,1,C:USDJPY,2022-12-21 07:10:00+00:00,131.65503750000002,2022-12-21 07:10:00+00:00,132,-1,1,-0.34496249999997985
2WNO1Y,1,C:USDJPY,2022-12-21 07:30:00+00:00,131.64805500000003,2022-12-21 07:30:00+00:00,132,-1,1,-0.3519449999999722
TOLHPZ,1,C:USDJPY,2022-12-21 13:50:00+00:00,132.36208,2022-12-27 10:20:00+00:00,133,1,1,0.6379200000000083
WH0LY1,1,C:USDJPY,2022-12-28 02:55:00+00:00,134.42121500000002,2022-12-29 13:35:00+00:00,133,1,1,-1.4212150000000179
ZW5WLJ,1,C:USDJPY,2022-12-29 14:45:00+00:00,132.64455750000002,2022-12-29 14:45:00+00:00,133,-1,1,-0.355442499999981
9V768X,1,C:USDJPY,2022-12-29 15:00:00+00:00,133.37159749999998,2022-12-30 07:45:00+00:00,132,1,1,-1.3715974999999787
I2LUDA,1,C:USDJPY,2022-12-30 08:15:00+00:00,131.6151375,2022-12-30 08:15:00+00:00,132,-1,1,-0.384862499999997
F3DPUN,1,C:USDJPY,2022-12-30 10:00:00+00:00,132.44729249999997,2022-12-30 17:30:00+00:00,131,1,1,-1.4472924999999748
JBIDKC,1,C:USDJPY,2022-12-30 18:10:00+00:00,131.38564499999998,2023-01-03 01:10:00+00:00,130,1,1,-1.3856449999999825
6XORYJ,1,C:USDJPY,2023-01-03 01:30:00+00:00,129.585225,2023-01-03 01:30:00+00:00,130,-1,1,-0.4147749999999917
SXH4SE,1,C:USDJPY,2023-01-03 02:35:00+00:00,129.637095,2023-01-03 02:35:00+00:00,130,-1,1,-0.362905000000012
JN0BIS,1,C:USDJPY,2023-01-03 07:25:00+00:00,130.359085,2023-01-03 23:25:00+00:00,131,1,1,0.6409150000000068
IXN3YQ,1,C:USDJPY,2023-01-04 00:10:00+00:00,130.5777375,2023-01-04 00:10:00+00:00,131,-1,1,-0.422262499999988
5T1H4L,1,C:USDJPY,2023-01-04 00:25:00+00:00,131.3826375,2023-01-04 07:30:00+00:00,130,1,1,-1.382637499999987
G7RHQ6,1,C:USDJPY,2023-01-04 14:45:00+00:00,131.34755,2023-01-04 17:25:00+00:00,132,1,1,0.6524499999999875
M49FE5,1,C:USDJPY,2023-01-05 00:20:00+00:00,131.60117250000002,2023-01-05 00:20:00+00:00,132,-1,1,-0.3988274999999817
HC0HNZ,1,C:USDJPY,2023-01-05 00:35:00+00:00,132.39416,2023-01-05 13:15:00+00:00,133,1,1,0.6058400000000006
JZHHIO,1,C:USDJPY,2023-01-05 18:40:00+00:00,132.665505,2023-01-05 18:40:00+00:00,133,-1,1,-0.334495000000004
VCPBFS,1,C:USDJPY,2023-01-06 05:50:00+00:00,134.66883249999998,2023-01-06 13:45:00+00:00,133,1,1,-1.6688324999999793
IX08JT,1,C:USDJPY,2023-01-06 14:45:00+00:00,134.38512500000002,2023-01-06 15:00:00+00:00,133,1,1,-1.3851250000000164
YLYQQ0,1,C:USDJPY,2023-01-06 15:15:00+00:00,132.661515,2023-01-06 15:15:00+00:00,133,-1,1,-0.3384849999999915
B3L2NB,1,C:USDJPY,2023-01-08 23:25:00+00:00,131.6330925,2023-01-08 23:25:00+00:00,132,-1,1,-0.3669074999999964
CIKZ4J,1,C:USDJPY,2023-01-08 23:40:00+00:00,131.5692525,2023-01-08 23:40:00+00:00,132,-1,1,-0.4307474999999954
KJKASZ,1,C:USDJPY,2023-01-09 00:55:00+00:00,131.61214500000003,2023-01-09 00:55:00+00:00,132,-1,1,-0.3878549999999734
9OX5PY,1,C:USDJPY,2023-01-09 07:35:00+00:00,132.468345,2023-01-12 09:15:00+00:00,131,1,1,-1.4683449999999993
SZ4H5B,1,C:USDJPY,2023-01-12 09:40:00+00:00,130.63260000000002,2023-01-12 09:40:00+00:00,131,-1,1,-0.3673999999999751
4OLSDL,1,C:USDJPY,2023-01-12 09:55:00+00:00,131.3645925,2023-01-12 13:25:00+00:00,130,1,1,-1.3645924999999863
2MTDWZ,1,C:USDJPY,2023-01-12 13:40:00+00:00,130.455325,2023-01-12 17:30:00+00:00,129,1,1,-1.4553249999999878
PLHW5D,1,C:USDJPY,2023-01-12 18:10:00+00:00,128.61465750000002,2023-01-12 18:10:00+00:00,129,-1,1,-0.3853424999999788
JVORH9,1,C:USDJPY,2023-01-13 00:25:00+00:00,128.47002,2023-01-13 00:25:00+00:00,129,-1,1,-0.5299799999999948
YF0QMO,1,C:USDJPY,2023-01-13 00:40:00+00:00,129.36059500000002,2023-01-13 07:50:00+00:00,128,1,1,-1.3605950000000178
P6ZKK6,1,C:USDJPY,2023-01-13 14:40:00+00:00,127.57725750000002,2023-01-13 14:40:00+00:00,128,-1,1,-0.42274249999998403
DJ58JS,1,C:USDJPY,2023-01-15 23:20:00+00:00,128.36511249999998,2023-01-20 09:00:00+00:00,129,1,1,0.6348875000000191
SJSP66,1,C:USDJPY,2023-01-20 12:15:00+00:00,130.3360275,2023-01-22 23:30:00+00:00,129,1,1,-1.3360275000000001
39UW6R,1,C:USDJPY,2023-01-23 06:30:00+00:00,130.33402249999997,2023-01-25 15:05:00+00:00,129,1,1,-1.3340224999999748
KBTPGI,1,C:USDJPY,2023-01-26 14:25:00+00:00,130.42123999999998,2023-01-30 04:00:00+00:00,129,1,1,-1.4212399999999832
CB10YO,1,C:USDJPY,2023-01-30 08:40:00+00:00,130.3260025,2023-02-01 13:55:00+00:00,129,1,1,-1.326002499999987
34W9AP,1,C:USDJPY,2023-02-01 19:45:00+00:00,128.36927250000002,2023-02-01 19:45:00+00:00,129,-1,1,-0.6307274999999777
R8Q6XG,1,C:USDJPY,2023-02-01 21:30:00+00:00,129.3836525,2023-02-02 12:40:00+00:00,128,1,1,-1.3836525000000108
ZSHAY7,1,C:USDJPY,2023-02-03 13:35:00+00:00,129.72049249999998,2023-02-03 14:15:00+00:00,130,1,1,0.27950750000002245
ALA9E9,1,C:USDJPY,2023-02-03 15:10:00+00:00,131.44078249999998,2023-02-05 22:00:00+00:00,132,1,1,0.5592175000000168
FTA93Q,1,C:USDJPY,2023-02-06 00:00:00+00:00,132.38714249999998,2023-02-07 15:55:00+00:00,131,1,1,-1.3871424999999817
YG5O53,1,C:USDJPY,2023-02-07 17:50:00+00:00,130.56477,2023-02-07 17:50:00+00:00,131,-1,1,-0.43522999999999
NCEJ6G,1,C:USDJPY,2023-02-07 18:25:00+00:00,131.3345175,2023-02-10 08:00:00+00:00,130,1,1,-1.334517500000004
CBX31Z,1,C:USDJPY,2023-02-10 08:15:00+00:00,130.3921675,2023-02-10 09:20:00+00:00,131,1,1,0.6078325000000007
6CP6HH,1,C:USDJPY,2023-02-10 09:45:00+00:00,130.5777375,2023-02-10 09:45:00+00:00,131,-1,1,-0.422262499999988
RO8IWY,1,C:USDJPY,2023-02-10 10:10:00+00:00,131.39065749999997,2023-02-13 08:15:00+00:00,132,1,1,0.6093425000000252
F87G32,1,C:USDJPY,2023-02-14 04:40:00+00:00,131.6690025,2023-02-14 04:40:00+00:00,132,-1,1,-0.33099749999999517
0CODP3,1,C:USDJPY,2023-02-14 06:20:00+00:00,132.360075,2023-02-15 06:55:00+00:00,133,1,1,0.6399250000000052
L2ZLZC,1,C:USDJPY,2023-02-15 13:35:00+00:00,134.34703,2023-02-23 13:30:00+00:00,135,1,1,0.6529700000000105
N6EC1R,1,C:USDJPY,2023-02-23 14:50:00+00:00,134.54679,2023-02-23 14:50:00+00:00,135,-1,1,-0.45321000000001277
LCLWUO,1,C:USDJPY,2023-02-24 08:55:00+00:00,135.39364,2023-02-24 14:20:00+00:00,136,1,1,0.6063599999999951
K9R41Q,1,C:USDJPY,2023-02-27 13:50:00+00:00,135.6201,2023-02-27 13:50:00+00:00,136,-1,1,-0.37989999999999213
NG7OJE,1,C:USDJPY,2023-02-27 15:00:00+00:00,135.6350625,2023-02-27 15:00:00+00:00,136,-1,1,-0.36493749999999636
EQVA9U,1,C:USDJPY,2023-02-27 15:25:00+00:00,136.35202999999998,2023-03-01 11:50:00+00:00,135,1,1,-1.352029999999985
BS7H5A,1,C:USDJPY,2023-03-01 14:45:00+00:00,136.37609,2023-03-07 23:50:00+00:00,137,1,1,0.6239099999999951
7X1C80,1,C:USDJPY,2023-03-08 14:05:00+00:00,136.5667275,2023-03-08 14:05:00+00:00,137,-1,1,-0.43327249999998685
YUUXJS,1,C:USDJPY,2023-03-08 16:35:00+00:00,137.4227,2023-03-09 08:35:00+00:00,136,1,1,-1.4226999999999919
DMHLLP,1,C:USDJPY,2023-03-10 00:30:00+00:00,135.59616000000003,2023-03-10 00:30:00+00:00,136,-1,1,-0.403839999999974
323EVP,1,C:USDJPY,2023-03-10 01:05:00+00:00,136.37408499999998,2023-03-10 14:30:00+00:00,135,1,1,-1.3740849999999796
I8Y95E,1,C:USDJPY,2023-03-10 16:35:00+00:00,135.48186,2023-03-12 21:15:00+00:00,134,1,1,-1.4818600000000117
6OZTKE,1,C:USDJPY,2023-03-12 22:00:00+00:00,133.52535000000003,2023-03-12 22:00:00+00:00,134,-1,1,-0.4746499999999685
DDI0KD,1,C:USDJPY,2023-03-12 22:20:00+00:00,134.5304875,2023-03-13 09:30:00+00:00,133,1,1,-1.5304874999999925
6WRPBN,1,C:USDJPY,2023-03-13 11:50:00+00:00,132.65852250000003,2023-03-13 11:50:00+00:00,133,-1,1,-0.3414774999999679
ZL8GXW,1,C:USDJPY,2023-03-13 12:25:00+00:00,132.5787225,2023-03-13 12:25:00+00:00,133,-1,1,-0.4212775000000022
KIOWSN,1,C:USDJPY,2023-03-13 14:00:00+00:00,133.37159749999998,2023-03-14 08:45:00+00:00,134,1,1,0.6284025000000213
SV9XD9,1,C:USDJPY,2023-03-14 10:55:00+00:00,133.6520325,2023-03-14 10:55:00+00:00,134,-1,1,-0.34796750000001
6B3E1F,1,C:USDJPY,2023-03-14 11:15:00+00:00,134.36808249999999,2023-03-15 12:00:00+00:00,133,1,1,-1.3680824999999857
JXHTT7,1,C:USDJPY,2023-03-15 12:35:00+00:00,132.37323750000002,2023-03-15 12:35:00+00:00,133,-1,1,-0.6267624999999839
F0Z4US,1,C:USDJPY,2023-03-15 13:35:00+00:00,133.46382749999998,2023-03-16 12:40:00+00:00,132,1,1,-1.4638274999999794
8MLGQ4,1,C:USDJPY,2023-03-16 13:25:00+00:00,131.564265,2023-03-16 13:25:00+00:00,132,-1,1,-0.435734999999994
SJFNHU,1,C:USDJPY,2023-03-16 13:45:00+00:00,132.42924749999997,2023-03-16 16:50:00+00:00,133,1,1,0.570752500000026
PYGYE0,1,C:USDJPY,2023-03-17 05:30:00+00:00,132.645555,2023-03-17 05:30:00+00:00,133,-1,1,-0.35444499999999834
34VP1L,1,C:USDJPY,2023-03-17 05:50:00+00:00,133.34954249999998,2023-03-17 12:20:00+00:00,132,1,1,-1.349542499999984
IFJT8N,1,C:USDJPY,2023-03-17 14:35:00+00:00,131.56626,2023-03-17 14:35:00+00:00,132,-1,1,-0.43374000000000024
LTUK3Y,1,C:USDJPY,2023-03-17 14:50:00+00:00,132.35205499999998,2023-03-20 06:30:00+00:00,131,1,1,-1.3520549999999787
573G1J,1,C:USDJPY,2023-03-20 07:10:00+00:00,130.6535475,2023-03-20 07:10:00+00:00,131,-1,1,-0.34645249999999805
HUB2UN,1,C:USDJPY,2023-03-20 07:30:00+00:00,130.54881,2023-03-20 07:30:00+00:00,131,-1,1,-0.45118999999999687
H8GP7A,1,C:USDJPY,2023-03-20 07:50:00+00:00,131.3966725,2023-03-21 10:15:00+00:00,132,1,1,0.603327500000006
8JBPJQ,1,C:USDJPY,2023-03-21 14:30:00+00:00,131.62411500000002,2023-03-21 14:30:00+00:00,132,-1,1,-0.3758849999999825
IPAVJC,1,C:USDJPY,2023-03-21 15:20:00+00:00,132.344035,2023-03-22 18:40:00+00:00,131,1,1,-1.344034999999991
HQBZRO,1,C:USDJPY,2023-03-23 00:40:00+00:00,130.670505,2023-03-23 00:40:00+00:00,131,-1,1,-0.32949500000000853
2ZBT2H,1,C:USDJPY,2023-03-23 00:55:00+00:00,130.52686500000002,2023-03-23 00:55:00+00:00,131,-1,1,-0.473134999999985
HL325W,1,C:USDJPY,2023-03-23 08:20:00+00:00,131.353565,2023-03-23 19:20:00+00:00,130,1,1,-1.3535650000000032
NB7J6D,1,C:USDJPY,2023-03-24 08:45:00+00:00,129.65804250000002,2023-03-24 08:45:00+00:00,130,-1,1,-0.34195749999997815
QZCVZG,1,C:USDJPY,2023-03-24 09:25:00+00:00,129.605175,2023-03-24 09:25:00+00:00,130,-1,1,-0.3948249999999973
IKSGYM,1,C:USDJPY,2023-03-24 11:15:00+00:00,130.391165,2023-03-27 07:00:00+00:00,131,1,1,0.6088349999999991
8IRNAH,1,C:USDJPY,2023-03-27 07:50:00+00:00,130.5697575,2023-03-27 07:50:00+00:00,131,-1,1,-0.4302424999999914
39YN6X,1,C:USDJPY,2023-03-27 08:05:00+00:00,131.33050749999998,2023-03-29 12:05:00+00:00,132,1,1,0.6694925000000183
IJRZ9U,1,C:USDJPY,2023-03-30 23:50:00+00:00,133.38062,2023-03-31 20:55:00+00:00,132,1,1,-1.3806199999999933
KE202V,1,C:USDJPY,2023-04-03 00:30:00+00:00,132.65253750000002,2023-04-03 00:30:00+00:00,133,-1,1,-0.3474624999999776
19JD9Y,1,C:USDJPY,2023-04-03 00:45:00+00:00,133.35255,2023-04-03 14:15:00+00:00,132,1,1,-1.352550000000008
22V9CN,1,C:USDJPY,2023-04-04 11:15:00+00:00,133.34653500000002,2023-04-04 14:00:00+00:00,132,1,1,-1.3465350000000171
O740ET,1,C:USDJPY,2023-04-05 12:35:00+00:00,130.65255,2023-04-05 12:35:00+00:00,131,-1,1,-0.34745000000000914
IH6A7Z,1,C:USDJPY,2023-04-05 14:05:00+00:00,130.4141475,2023-04-05 14:05:00+00:00,131,-1,1,-0.5858524999999872
WERCGK,1,C:USDJPY,2023-04-05 14:35:00+00:00,131.4969225,2023-04-07 12:35:00+00:00,132,1,1,0.5030774999999892
97VS9U,1,C:USDJPY,2023-04-09 21:05:00+00:00,132.4693475,2023-04-10 12:55:00+00:00,133,1,1,0.5306525000000022
0LOAZ3,1,C:USDJPY,2023-04-11 11:05:00+00:00,132.65253750000002,2023-04-11 11:05:00+00:00,133,-1,1,-0.3474624999999776
RFSJHB,1,C:USDJPY,2023-04-12 12:35:00+00:00,132.5009175,2023-04-12 12:35:00+00:00,133,-1,1,-0.4990824999999859
F17OVM,1,C:USDJPY,2023-04-12 12:50:00+00:00,133.34453,2023-04-13 13:20:00+00:00,132,1,1,-1.3445299999999918
XKSMHQ,1,C:USDJPY,2023-04-14 12:45:00+00:00,133.410695,2023-04-17 13:45:00+00:00,134,1,1,0.589304999999996
HH9O8V,1,C:USDJPY,2023-04-18 11:30:00+00:00,133.60116000000002,2023-04-18 11:30:00+00:00,134,-1,1,-0.39883999999997855
ZUOMQU,1,C:USDJPY,2023-04-18 12:35:00+00:00,134.361065,2023-04-26 10:10:00+00:00,133,1,1,-1.3610649999999964
BV3YZR,1,C:USDJPY,2023-04-27 13:20:00+00:00,134.4182075,2023-04-28 06:30:00+00:00,135,1,1,0.5817925000000059
54QVNF,1,C:USDJPY,2023-04-28 09:45:00+00:00,136.37007499999999,2023-05-01 15:00:00+00:00,137,1,1,0.6299250000000143
5WPDR6,1,C:USDJPY,2023-05-02 14:15:00+00:00,136.603635,2023-05-02 14:15:00+00:00,137,-1,1,-0.39636500000000296
A8TJ8X,1,C:USDJPY,2023-05-03 02:15:00+00:00,136.350025,2023-05-03 12:55:00+00:00,135,1,1,-1.350024999999988
FVG23W,1,C:USDJPY,2023-05-03 19:55:00+00:00,134.644545,2023-05-03 19:55:00+00:00,135,-1,1,-0.3554550000000063
CFTN4M,1,C:USDJPY,2023-05-03 20:50:00+00:00,134.65950750000002,2023-05-03 20:50:00+00:00,135,-1,1,-0.3404924999999821
CWRBKO,1,C:USDJPY,2023-05-04 14:30:00+00:00,133.5562725,2023-05-04 14:30:00+00:00,134,-1,1,-0.4437274999999943
KNKG36,1,C:USDJPY,2023-05-04 15:10:00+00:00,134.4001625,2023-05-09 13:15:00+00:00,135,1,1,0.5998375000000067
REYOCW,1,C:USDJPY,2023-05-09 14:55:00+00:00,134.640555,2023-05-09 14:55:00+00:00,135,-1,1,-0.3594449999999938
3M2V4Q,1,C:USDJPY,2023-05-09 21:00:00+00:00,134.5737225,2023-05-09 21:00:00+00:00,135,-1,1,-0.42627749999999764
5GM9AK,1,C:USDJPY,2023-05-11 00:20:00+00:00,133.61412750000002,2023-05-11 00:20:00+00:00,134,-1,1,-0.3858724999999765
5PXECE,1,C:USDJPY,2023-05-11 00:35:00+00:00,134.3580575,2023-05-12 15:05:00+00:00,135,1,1,0.641942499999999
6ORBEB,1,C:USDJPY,2023-05-15 00:35:00+00:00,136.35202999999998,2023-05-17 13:55:00+00:00,137,1,1,0.647970000000015
L1VA1F,1,C:USDJPY,2023-05-18 12:35:00+00:00,138.48534999999998,2023-05-19 20:55:00+00:00,137,1,1,-1.4853499999999826
5BMKV8,1,C:USDJPY,2023-05-22 06:10:00+00:00,138.3680575,2023-05-24 16:10:00+00:00,139,1,1,0.6319425000000081
DTKMQ9,1,C:USDJPY,2023-05-24 18:45:00+00:00,138.62856,2023-05-24 18:45:00+00:00,139,-1,1,-0.3714400000000069
LMDCWD,1,C:USDJPY,2023-05-25 19:10:00+00:00,140.352005,2023-05-31 05:40:00+00:00,139,1,1,-1.3520049999999912
2IG9Z0,1,C:USDJPY,2023-05-31 11:05:00+00:00,140.36603999999997,2023-05-31 18:00:00+00:00,139,1,1,-1.3660399999999697
FJBCUC,1,C:USDJPY,2023-06-01 13:35:00+00:00,138.57768750000002,2023-06-01 13:35:00+00:00,139,-1,1,-0.42231249999997544
20AB5K,1,C:USDJPY,2023-06-02 01:10:00+00:00,139.37958,2023-06-05 06:55:00+00:00,140,1,1,0.6204199999999958
58B7W0,1,C:USDJPY,2023-06-07 15:55:00+00:00,140.36603999999997,2023-06-08 12:30:00+00:00,139,1,1,-1.3660399999999697
3TL5WB,1,C:USDJPY,2023-06-08 14:35:00+00:00,138.6574875,2023-06-08 14:35:00+00:00,139,-1,1,-0.342512499999998
G16USX,1,C:USDJPY,2023-06-08 14:50:00+00:00,138.58267500000002,2023-06-08 14:50:00+00:00,139,-1,1,-0.41732499999997685
FKP14O,1,C:USDJPY,2023-06-08 15:05:00+00:00,139.36755,2023-06-15 00:55:00+00:00,140,1,1,0.6324500000000057
DEUM33,1,C:USDJPY,2023-06-15 02:00:00+00:00,141.3595175,2023-06-15 13:50:00+00:00,140,1,1,-1.3595175000000097
Z8YKZ6,1,C:USDJPY,2023-06-16 01:40:00+00:00,139.644015,2023-06-16 01:40:00+00:00,140,-1,1,-0.355985000000004
2F7L20,1,C:USDJPY,2023-06-16 02:10:00+00:00,140.37506249999998,2023-06-16 07:15:00+00:00,141,1,1,0.6249375000000157
Z99MKW,1,C:USDJPY,2023-06-16 07:45:00+00:00,140.58465750000002,2023-06-16 07:45:00+00:00,141,-1,1,-0.41534249999997996
JSXJ0O,1,C:USDJPY,2023-06-16 08:55:00+00:00,140.6105925,2023-06-16 08:55:00+00:00,141,-1,1,-0.38940750000000435
TM3XQK,1,C:USDJPY,2023-06-16 09:10:00+00:00,141.40362749999997,2023-06-21 13:45:00+00:00,142,1,1,0.5963725000000295
C7E2NY,1,C:USDJPY,2023-06-21 15:05:00+00:00,141.643005,2023-06-21 15:05:00+00:00,142,-1,1,-0.35699500000001194
YVQ81U,1,C:USDJPY,2023-06-21 15:20:00+00:00,141.64599750000002,2023-06-21 15:20:00+00:00,142,-1,1,-0.3540024999999787
U3K2Y9,1,C:USDJPY,2023-06-21 16:25:00+00:00,141.5901375,2023-06-21 16:25:00+00:00,142,-1,1,-0.4098625000000027
J27Q3C,1,C:USDJPY,2023-06-22 10:25:00+00:00,142.3740475,2023-06-23 05:35:00+00:00,143,1,1,0.625952500000011
R7N72L,1,C:USDJPY,2023-06-23 07:35:00+00:00,142.500855,2023-06-23 07:35:00+00:00,143,-1,1,-0.4991449999999986
V5IDJ1,1,C:USDJPY,2023-06-23 08:35:00+00:00,143.36050749999998,2023-06-28 12:10:00+00:00,144,1,1,0.6394925000000171
LUO3CZ,1,C:USDJPY,2023-07-06 05:00:00+00:00,143.60508750000002,2023-07-06 05:00:00+00:00,144,-1,1,-0.39491249999997535
FOYK54,1,C:USDJPY,2023-07-06 12:20:00+00:00,144.5254125,2023-07-07 06:45:00+00:00,143,1,1,-1.5254124999999874
HO31VI,1,C:USDJPY,2023-07-07 08:50:00+00:00,142.604595,2023-07-07 08:50:00+00:00,143,-1,1,-0.3954050000000109
LCRILS,1,C:USDJPY,2023-07-07 09:05:00+00:00,143.359505,2023-07-07 13:45:00+00:00,142,1,1,-1.3595050000000128
96A1ZJ,1,C:USDJPY,2023-07-10 13:25:00+00:00,141.583155,2023-07-10 13:25:00+00:00,142,-1,1,-0.416844999999995
HK90MQ,1,C:USDJPY,2023-07-11 02:35:00+00:00,140.6066025,2023-07-11 02:35:00+00:00,141,-1,1,-0.39339749999999185
UB0SZH,1,C:USDJPY,2023-07-12 00:15:00+00:00,139.6130925,2023-07-12 00:15:00+00:00,140,-1,1,-0.3869075000000066
E9W5JP,1,C:USDJPY,2023-07-12 12:35:00+00:00,138.60561750000002,2023-07-12 12:35:00+00:00,139,-1,1,-0.39438249999997765
ILTHH8,1,C:USDJPY,2023-07-12 13:55:00+00:00,138.5657175,2023-07-12 13:55:00+00:00,139,-1,1,-0.4342824999999948
SQKCOJ,1,C:USDJPY,2023-07-13 19:15:00+00:00,137.6360475,2023-07-13 19:15:00+00:00,138,-1,1,-0.36395250000001056
BN3U36,1,C:USDJPY,2023-07-13 19:35:00+00:00,138.351015,2023-07-14 01:35:00+00:00,137,1,1,-1.3510149999999896
VD1Z7Q,1,C:USDJPY,2023-07-14 06:35:00+00:00,138.3520175,2023-07-17 13:30:00+00:00,139,1,1,0.6479825000000119
LP87U1,1,C:USDJPY,2023-07-17 15:35:00+00:00,138.61359750000003,2023-07-17 15:35:00+00:00,139,-1,1,-0.3864024999999742
356C6Z,1,C:USDJPY,2023-07-17 15:55:00+00:00,138.61659,2023-07-17 15:55:00+00:00,139,-1,1,-0.3834099999999978
Y3AU3Y,1,C:USDJPY,2023-07-17 16:20:00+00:00,139.3485025,2023-07-18 05:15:00+00:00,138,1,1,-1.348502499999995
N5SW54,1,C:USDJPY,2023-07-18 13:40:00+00:00,137.51435250000003,2023-07-18 13:40:00+00:00,138,-1,1,-0.4856474999999705
PK2HGA,1,C:USDJPY,2023-07-18 16:50:00+00:00,139.46579499999999,2023-07-20 14:55:00+00:00,140,1,1,0.5342050000000143
XW530F,1,C:USDJPY,2023-07-20 22:15:00+00:00,139.6430175,2023-07-20 22:15:00+00:00,140,-1,1,-0.35698249999998666
GD1NPN,1,C:USDJPY,2023-07-20 22:45:00+00:00,139.648005,2023-07-20 22:45:00+00:00,140,-1,1,-0.35199499999998807
W15NGS,1,C:USDJPY,2023-07-21 01:10:00+00:00,140.376065,2023-07-21 07:50:00+00:00,141,1,1,0.6239349999999888
XAEG0Y,1,C:USDJPY,2023-07-24 11:40:00+00:00,140.56670250000002,2023-07-24 11:40:00+00:00,141,-1,1,-0.4332974999999806
FCYMT8,1,C:USDJPY,2023-07-24 12:55:00+00:00,140.62555500000002,2023-07-24 12:55:00+00:00,141,-1,1,-0.37444499999998015
ONRRH6,1,C:USDJPY,2023-07-24 13:45:00+00:00,140.605605,2023-07-24 13:45:00+00:00,141,-1,1,-0.39439500000000294
KTDCO2,1,C:USDJPY,2023-07-25 15:35:00+00:00,140.63952,2023-07-25 15:35:00+00:00,141,-1,1,-0.36047999999999547
IC2EBJ,1,C:USDJPY,2023-07-25 15:50:00+00:00,140.6325375,2023-07-25 15:50:00+00:00,141,-1,1,-0.3674624999999878
M8A1SJ,1,C:USDJPY,2023-07-25 16:40:00+00:00,141.370545,2023-07-26 08:30:00+00:00,140,1,1,-1.3705449999999928
G9PZF1,1,C:USDJPY,2023-07-26 19:00:00+00:00,139.6350375,2023-07-26 19:00:00+00:00,140,-1,1,-0.3649624999999901
OUK9EV,1,C:USDJPY,2023-07-27 01:45:00+00:00,139.464465,2023-07-27 01:45:00+00:00,140,-1,1,-0.5355350000000101
3NM4MU,1,C:USDJPY,2023-07-27 05:05:00+00:00,140.3690475,2023-07-27 17:35:00+00:00,139,1,1,-1.3690474999999935
SYZCL0,1,C:USDJPY,2023-07-27 19:40:00+00:00,138.610605,2023-07-27 19:40:00+00:00,139,-1,1,-0.3893950000000075
B7X71S,1,C:USDJPY,2023-07-27 19:55:00+00:00,139.41968,2023-07-28 03:25:00+00:00,140,1,1,0.5803200000000004
79LIX9,1,C:USDJPY,2023-07-28 03:45:00+00:00,139.37868,2023-07-28 03:45:00+00:00,140,-1,1,-0.6213199999999972
ZPD88G,1,C:USDJPY,2023-07-28 04:10:00+00:00,138.103875,2023-07-28 04:10:00+00:00,139,-1,1,-0.896125000000012
6OC891,1,C:USDJPY,2023-07-28 05:35:00+00:00,139.3725625,2023-07-28 13:00:00+00:00,140,1,1,0.6274375000000134
1SDKQY,1,C:USDJPY,2023-07-28 19:05:00+00:00,141.46879,2023-07-31 08:25:00+00:00,142,1,1,0.5312099999999873
TCPGNL,1,C:USDJPY,2023-08-01 12:15:00+00:00,143.411635,2023-08-02 08:25:00+00:00,142,1,1,-1.4116349999999898
AQUCYT,1,C:USDJPY,2023-08-02 12:20:00+00:00,143.4046175,2023-08-03 14:25:00+00:00,142,1,1,-1.4046175000000005
G5KZBA,1,C:USDJPY,2023-08-04 13:15:00+00:00,141.51233249999999,2023-08-04 13:15:00+00:00,142,-1,1,-0.4876675000000148
GZ7DZ1,1,C:USDJPY,2023-08-07 02:45:00+00:00,142.39109,2023-08-08 02:00:00+00:00,143,1,1,0.6089100000000087
CRSEOF,1,C:USDJPY,2023-08-08 06:50:00+00:00,142.636515,2023-08-08 06:50:00+00:00,143,-1,1,-0.36348499999999717
KQT04H,1,C:USDJPY,2023-08-08 07:05:00+00:00,143.40161,2023-08-10 14:45:00+00:00,144,1,1,0.5983899999999949
QDERRC,1,C:USDJPY,2023-08-14 00:30:00+00:00,145.460745,2023-08-16 19:15:00+00:00,146,1,1,0.5392549999999972
TSOQLJ,1,C:USDJPY,2023-08-17 10:45:00+00:00,145.59410250000002,2023-08-17 10:45:00+00:00,146,-1,1,-0.4058974999999805
2D3H8T,1,C:USDJPY,2023-08-17 11:20:00+00:00,146.38204249999998,2023-08-18 01:35:00+00:00,145,1,1,-1.382042499999983
UPP5LO,1,C:USDJPY,2023-08-18 17:15:00+00:00,144.5886225,2023-08-18 17:15:00+00:00,145,-1,1,-0.4113774999999862
9B0X7I,1,C:USDJPY,2023-08-21 12:35:00+00:00,146.4452,2023-08-23 07:50:00+00:00,145,1,1,-1.4451999999999998
H3DY43,1,C:USDJPY,2023-08-23 13:50:00+00:00,144.48189,2023-08-23 13:50:00+00:00,145,-1,1,-0.5181100000000072
J0BVTS,1,C:USDJPY,2023-08-24 01:45:00+00:00,145.37152249999997,2023-08-25 14:25:00+00:00,146,1,1,0.6284775000000309
S2CJVJ,1,C:USDJPY,2023-08-29 11:30:00+00:00,147.3985775,2023-08-29 14:05:00+00:00,146,1,1,-1.3985774999999876
LCQCOH,1,C:USDJPY,2023-08-29 15:35:00+00:00,145.55919,2023-08-29 15:35:00+00:00,146,-1,1,-0.44080999999999904
REVRCE,1,C:USDJPY,2023-08-29 15:55:00+00:00,146.3720175,2023-08-31 18:25:00+00:00,145,1,1,-1.3720174999999983
I715Y1,1,C:USDJPY,2023-09-01 12:35:00+00:00,144.3093225,2023-09-01 12:35:00+00:00,145,-1,1,-0.6906774999999925
ZRDHTH,1,C:USDJPY,2023-09-01 13:40:00+00:00,145.4517225,2023-09-04 07:35:00+00:00,146,1,1,0.5482775000000117
TDDTUJ,1,C:USDJPY,2023-09-05 07:40:00+00:00,147.40258749999998,2023-09-11 04:15:00+00:00,146,1,1,-1.4025874999999814
N8E4H5,1,C:USDJPY,2023-09-11 07:15:00+00:00,145.59011250000003,2023-09-11 07:15:00+00:00,146,-1,1,-0.409887499999968
XOKNNG,1,C:USDJPY,2023-09-11 07:30:00+00:00,145.60806750000003,2023-09-11 07:30:00+00:00,146,-1,1,-0.3919324999999674
QKBF6L,1,C:USDJPY,2023-09-12 12:20:00+00:00,147.441685,2023-09-21 00:00:00+00:00,148,1,1,0.5583149999999932
OUN20P,1,C:USDJPY,2023-09-21 10:25:00+00:00,147.5950875,2023-09-21 10:25:00+00:00,148,-1,1,-0.4049124999999947
FUU6YL,1,C:USDJPY,2023-09-21 12:35:00+00:00,148.37802,2023-09-21 14:35:00+00:00,147,1,1,-1.3780199999999923
AA83IV,1,C:USDJPY,2023-09-22 03:00:00+00:00,148.408095,2023-09-27 13:50:00+00:00,149,1,1,0.591904999999997
LNMWQ6,1,C:USDJPY,2023-09-29 06:40:00+00:00,148.55568,2023-09-29 06:40:00+00:00,149,-1,1,-0.4443200000000047
Y8RS0X,1,C:USDJPY,2023-09-29 09:00:00+00:00,149.446685,2023-10-03 14:10:00+00:00,148,1,1,-1.4466850000000022
DHA5Y6,1,C:USDJPY,2023-10-03 14:30:00+00:00,149.490795,2023-10-05 01:10:00+00:00,148,1,1,-1.4907949999999914
Y9W5J3,1,C:USDJPY,2023-10-05 07:40:00+00:00,149.43666,2023-10-05 16:50:00+00:00,148,1,1,-1.4366599999999892
JCFYG3,1,C:USDJPY,2023-10-06 09:50:00+00:00,149.42061999999999,2023-10-09 22:25:00+00:00,148,1,1,-1.4206199999999853
X8N00Y,1,C:USDJPY,2023-10-10 07:20:00+00:00,149.382525,2023-10-26 02:15:00+00:00,150,1,1,0.6174750000000131
N48DYK,1,C:USDJPY,2023-10-27 12:10:00+00:00,149.5880925,2023-10-27 12:10:00+00:00,150,-1,1,-0.4119075000000123
YXESGL,1,C:USDJPY,2023-10-27 12:30:00+00:00,150.38502499999998,2023-10-30 07:00:00+00:00,149,1,1,-1.3850249999999846
LUSZXL,1,C:USDJPY,2023-10-30 15:15:00+00:00,148.5387225,2023-10-30 15:15:00+00:00,149,-1,1,-0.46127749999999423
TDVX3D,1,C:USDJPY,2023-10-30 16:00:00+00:00,149.378515,2023-10-31 08:00:00+00:00,150,1,1,0.621485000000007
BRO7JV,1,C:USDJPY,2023-10-31 14:05:00+00:00,151.51885249999998,2023-11-02 00:30:00+00:00,150,1,1,-1.51885249999998
215T1Z,1,C:USDJPY,2023-11-02 13:00:00+00:00,149.60904000000002,2023-11-02 13:00:00+00:00,150,-1,1,-0.39095999999997844
SDEC6A,1,C:USDJPY,2023-11-02 13:25:00+00:00,150.4942975,2023-11-03 12:45:00+00:00,149,1,1,-1.4942974999999876
9QGK8T,1,C:USDJPY,2023-11-06 21:05:00+00:00,150.3840225,2023-11-09 19:35:00+00:00,151,1,1,0.6159775000000138
JWG6HI,1,C:USDJPY,2023-11-14 13:45:00+00:00,150.5456925,2023-11-14 13:45:00+00:00,151,-1,1,-0.45430749999999875
639HIY,1,C:USDJPY,2023-11-14 14:00:00+00:00,151.3764975,2023-11-14 19:50:00+00:00,150,1,1,-1.3764974999999993
3IFX8D,1,C:USDJPY,2023-11-15 14:45:00+00:00,151.4486775,2023-11-16 15:20:00+00:00,150,1,1,-1.4486775000000023
80J5IT,1,C:USDJPY,2023-11-17 08:55:00+00:00,149.51128500000002,2023-11-17 08:55:00+00:00,150,-1,1,-0.4887149999999849
MQINL0,1,C:USDJPY,2023-11-20 02:55:00+00:00,148.54470750000002,2023-11-20 02:55:00+00:00,149,-1,1,-0.45529249999998456
ITIWPA,1,C:USDJPY,2023-11-20 03:40:00+00:00,148.58859750000002,2023-11-20 03:40:00+00:00,149,-1,1,-0.4114024999999799
7K8DH9,1,C:USDJPY,2023-11-20 05:10:00+00:00,149.41159749999997,2023-11-20 09:15:00+00:00,148,1,1,-1.4115974999999708
5LFTW9,1,C:USDJPY,2023-11-21 01:30:00+00:00,147.55818,2023-11-21 01:30:00+00:00,148,-1,1,-0.441820000000007
Y3BB66,1,C:USDJPY,2023-11-21 02:15:00+00:00,147.58212,2023-11-21 02:15:00+00:00,148,-1,1,-0.4178799999999967
R59QEH,1,C:USDJPY,2023-11-21 18:05:00+00:00,148.39406,2023-11-22 14:15:00+00:00,149,1,1,0.6059400000000039
HJ5X7J,1,C:USDJPY,2023-11-23 06:00:00+00:00,148.6145325,2023-11-23 06:00:00+00:00,149,-1,1,-0.3854675000000043
CZA1V5,1,C:USDJPY,2023-11-23 06:35:00+00:00,149.43265,2023-11-27 23:25:00+00:00,148,1,1,-1.4326499999999953
JP1T5V,1,C:USDJPY,2023-11-28 15:40:00+00:00,147.520275,2023-11-28 15:40:00+00:00,148,-1,1,-0.47972500000000196
GCT7N8,1,C:USDJPY,2023-11-29 00:45:00+00:00,146.50482000000002,2023-11-29 00:45:00+00:00,147,-1,1,-0.4951799999999764
XAY2ON,1,C:USDJPY,2023-11-29 02:45:00+00:00,147.43567000000002,2023-11-30 14:35:00+00:00,148,1,1,0.564329999999984
N4CYIR,1,C:USDJPY,2023-11-30 17:35:00+00:00,148.43015,2023-12-01 15:20:00+00:00,147,1,1,-1.4301499999999976
FUGGBV,1,C:USDJPY,2023-12-01 16:45:00+00:00,146.58063,2023-12-01 16:45:00+00:00,147,-1,1,-0.4193699999999865
NSSB2B,1,C:USDJPY,2023-12-01 17:10:00+00:00,146.582625,2023-12-01 17:10:00+00:00,147,-1,1,-0.4173749999999927
JVOAHL,1,C:USDJPY,2023-12-01 17:25:00+00:00,146.62851,2023-12-01 17:25:00+00:00,147,-1,1,-0.3714899999999943
0PD0MG,1,C:USDJPY,2023-12-04 08:05:00+00:00,147.39456749999997,2023-12-07 06:20:00+00:00,146,1,1,-1.3945674999999653
HR58PZ,1,C:USDJPY,2023-12-07 07:20:00+00:00,145.45944000000003,2023-12-07 07:20:00+00:00,146,-1,1,-0.5405599999999708
BZG01N,1,C:USDJPY,2023-12-07 09:55:00+00:00,144.49685250000002,2023-12-07 09:55:00+00:00,145,-1,1,-0.503147499999983
C99Y17,1,C:USDJPY,2023-12-07 11:15:00+00:00,145.388565,2023-12-07 15:25:00+00:00,144,1,1,-1.3885649999999998
1PLUMT,1,C:USDJPY,2023-12-07 16:05:00+00:00,143.61705750000002,2023-12-07 16:05:00+00:00,144,-1,1,-0.3829424999999844
YPXM6B,1,C:USDJPY,2023-12-07 16:45:00+00:00,143.6150625,2023-12-07 16:45:00+00:00,144,-1,1,-0.3849375000000066
THMNCY,1,C:USDJPY,2023-12-07 17:40:00+00:00,143.602095,2023-12-07 17:40:00+00:00,144,-1,1,-0.3979050000000086
10R3X6,1,C:USDJPY,2023-12-07 17:55:00+00:00,143.7093775,2023-12-08 07:15:00+00:00,144,1,1,0.290622500000012
CH2HUH,1,C:USDJPY,2023-12-08 08:05:00+00:00,143.64399,2023-12-08 08:05:00+00:00,144,-1,1,-0.3560099999999977
KIGUU6,1,C:USDJPY,2023-12-08 08:40:00+00:00,143.58214500000003,2023-12-08 08:40:00+00:00,144,-1,1,-0.41785499999997455
9LD7Y7,1,C:USDJPY,2023-12-08 09:05:00+00:00,144.4933325,2023-12-11 00:55:00+00:00,145,1,1,0.5066674999999918
QUS7EY,1,C:USDJPY,2023-12-11 07:45:00+00:00,146.55346999999998,2023-12-12 05:55:00+00:00,145,1,1,-1.553469999999976
2ULLFF,1,C:USDJPY,2023-12-13 19:05:00+00:00,143.941245,2023-12-13 20:10:00+00:00,143,-1,1,0.9412450000000092
XTN87R,1,C:USDJPY,2023-12-13 20:55:00+00:00,142.59462,2023-12-13 20:55:00+00:00,143,-1,1,-0.40538000000000807
EH7T2J,1,C:USDJPY,2023-12-13 21:20:00+00:00,143.46276249999997,2023-12-13 22:30:00+00:00,142,1,1,-1.4627624999999682
I2M5FM,1,C:USDJPY,2023-12-14 02:30:00+00:00,141.4903875,2023-12-14 02:30:00+00:00,142,-1,1,-0.5096125000000029
6BLBBY,1,C:USDJPY,2023-12-14 07:35:00+00:00,142.40612749999997,2023-12-14 11:20:00+00:00,141,1,1,-1.4061274999999682
2PI2G1,1,C:USDJPY,2023-12-14 13:20:00+00:00,142.39509999999999,2023-12-19 02:45:00+00:00,143,1,1,0.6049000000000149
ZK315H,1,C:USDJPY,2023-12-19 07:50:00+00:00,144.55248,2023-12-20 07:25:00+00:00,143,1,1,-1.5524800000000027
0WJZ1S,1,C:USDJPY,2023-12-21 01:50:00+00:00,142.6195575,2023-12-21 01:50:00+00:00,143,-1,1,-0.3804424999999867
AA0PAA,1,C:USDJPY,2023-12-21 02:05:00+00:00,142.4479875,2023-12-21 02:05:00+00:00,143,-1,1,-0.5520124999999894
OQV83V,1,C:USDJPY,2023-12-21 02:35:00+00:00,143.41664749999998,2023-12-21 13:30:00+00:00,142,1,1,-1.416647499999982
C3VIOD,1,C:USDJPY,2023-12-22 00:35:00+00:00,141.62904,2023-12-22 00:35:00+00:00,142,-1,1,-0.3709599999999966
2M23B6,1,C:USDJPY,2023-12-22 11:40:00+00:00,141.611085,2023-12-22 11:40:00+00:00,142,-1,1,-0.38891499999999724
A2LL3Z,1,C:USDJPY,2023-12-22 11:55:00+00:00,141.61507500000002,2023-12-22 11:55:00+00:00,142,-1,1,-0.3849249999999813
2JLNFS,1,C:USDJPY,2023-12-22 12:15:00+00:00,142.348985,2023-12-28 00:05:00+00:00,141,1,1,-1.348984999999999
4D20MJ,1,C:USDJPY,2023-12-28 07:10:00+00:00,140.521815,2023-12-28 07:10:00+00:00,141,-1,1,-0.4781849999999963
RAPBD1,1,C:USDJPY,2023-12-28 08:35:00+00:00,141.38558249999997,2023-12-28 15:30:00+00:00,140,1,1,-1.3855824999999697
UT7H71,1,C:USDJPY,2023-12-28 16:10:00+00:00,141.44473,2024-01-03 07:15:00+00:00,142,1,1,0.5552700000000073
T4ZU4W,1,C:USDJPY,2024-01-03 13:10:00+00:00,143.36752499999997,2024-01-04 13:30:00+00:00,144,1,1,0.6324750000000279
F4J0RV,1,C:USDJPY,2024-01-05 06:25:00+00:00,145.45473,2024-01-05 15:00:00+00:00,144,1,1,-1.454730000000012
57O1UC,1,C:USDJPY,2024-01-05 15:25:00+00:00,143.5073325,2024-01-05 15:25:00+00:00,144,-1,1,-0.49266750000001025
P1DKS6,1,C:USDJPY,2024-01-05 15:50:00+00:00,144.50836999999999,2024-01-10 14:15:00+00:00,145,1,1,0.4916300000000149
NM5JCO,1,C:USDJPY,2024-01-11 13:50:00+00:00,146.3539725,2024-01-11 21:20:00+00:00,145,1,1,-1.3539724999999976
81D0Q6,1,C:USDJPY,2024-01-11 23:25:00+00:00,144.6345075,2024-01-11 23:25:00+00:00,145,-1,1,-0.3654924999999878
34CENJ,1,C:USDJPY,2024-01-11 23:45:00+00:00,144.5946075,2024-01-11 23:45:00+00:00,145,-1,1,-0.40539250000000493
W499ZK,1,C:USDJPY,2024-01-12 03:10:00+00:00,144.50184000000002,2024-01-12 03:10:00+00:00,145,-1,1,-0.4981599999999844
GXBRFN,1,C:USDJPY,2024-01-12 04:20:00+00:00,145.36650999999998,2024-01-12 14:45:00+00:00,144,1,1,-1.3665099999999768
QHQEGZ,1,C:USDJPY,2024-01-12 18:10:00+00:00,145.36550749999998,2024-01-16 08:35:00+00:00,146,1,1,0.6344925000000217
LMHCFN,1,C:USDJPY,2024-01-16 16:05:00+00:00,147.3805325,2024-01-17 15:00:00+00:00,148,1,1,0.6194675000000132
P8OSE1,1,C:USDJPY,2024-01-18 01:05:00+00:00,147.59409,2024-01-18 01:05:00+00:00,148,-1,1,-0.40591000000000577
9V3DTF,1,C:USDJPY,2024-01-18 01:40:00+00:00,148.412105,2024-01-23 06:45:00+00:00,147,1,1,-1.4121049999999968
21P5VI,1,C:USDJPY,2024-01-23 11:30:00+00:00,148.4171175,2024-01-24 12:15:00+00:00,147,1,1,-1.4171174999999891
2K1YXV,1,C:USDJPY,2024-01-24 13:30:00+00:00,146.5656675,2024-01-24 13:30:00+00:00,147,-1,1,-0.43433250000001067
FA2BZN,1,C:USDJPY,2024-01-24 13:45:00+00:00,147.3644925,2024-01-31 15:45:00+00:00,146,1,1,-1.3644925000000114
43F3XZ,1,C:USDJPY,2024-01-31 20:05:00+00:00,147.4888025,2024-02-01 15:50:00+00:00,146,1,1,-1.4888024999999914
T9W0BW,1,C:USDJPY,2024-02-01 16:55:00+00:00,145.6220325,2024-02-01 16:55:00+00:00,146,-1,1,-0.3779675000000111
3W1UPW,1,C:USDJPY,2024-02-02 13:35:00+00:00,147.995065,2024-02-02 16:20:00+00:00,148,1,1,0.0049349999999890315
K587OW,1,C:USDJPY,2024-02-06 17:25:00+00:00,147.59109750000002,2024-02-06 17:25:00+00:00,148,-1,1,-0.4089024999999822
DDMNHX,1,C:USDJPY,2024-02-06 17:40:00+00:00,147.61803,2024-02-06 17:40:00+00:00,148,-1,1,-0.3819699999999955
KQ3VA6,1,C:USDJPY,2024-02-06 18:25:00+00:00,148.37802,2024-02-08 12:35:00+00:00,149,1,1,0.6219800000000077
NW9Z70,1,C:USDJPY,2024-02-12 12:10:00+00:00,148.61353499999998,2024-02-12 12:10:00+00:00,149,-1,1,-0.3864650000000154
L344TT,1,C:USDJPY,2024-02-12 13:15:00+00:00,149.3815225,2024-02-13 13:40:00+00:00,150,1,1,0.6184775000000116
1XQX7N,1,C:USDJPY,2024-02-15 09:40:00+00:00,149.61901500000002,2024-02-15 09:40:00+00:00,150,-1,1,-0.38098499999998126
5YMBT6,1,C:USDJPY,2024-02-15 09:55:00+00:00,150.39906,2024-02-29 15:00:00+00:00,149,1,1,-1.3990599999999915
PXYDC9,1,C:USDJPY,2024-02-29 17:30:00+00:00,150.3880325,2024-03-06 07:40:00+00:00,149,1,1,-1.3880325000000084
WP3CHG,1,C:USDJPY,2024-03-07 00:15:00+00:00,148.61553,2024-03-07 00:15:00+00:00,149,-1,1,-0.3844699999999932
JBBFIE,1,C:USDJPY,2024-03-07 00:55:00+00:00,148.54371,2024-03-07 00:55:00+00:00,149,-1,1,-0.45628999999999564
NKMRNF,1,C:USDJPY,2024-03-07 08:00:00+00:00,147.5671575,2024-03-07 08:00:00+00:00,148,-1,1,-0.43284249999999247
10TYMW,1,C:USDJPY,2024-03-07 08:20:00+00:00,147.57015,2024-03-07 08:20:00+00:00,148,-1,1,-0.42984999999998763
QSRKC9,1,C:USDJPY,2024-03-07 09:10:00+00:00,148.39205499999997,2024-03-08 09:25:00+00:00,147,1,1,-1.3920549999999707
1Q5I84,1,C:USDJPY,2024-03-08 09:50:00+00:00,146.610555,2024-03-08 09:50:00+00:00,147,-1,1,-0.38944499999999493
XLW9RJ,1,C:USDJPY,2024-03-08 10:20:00+00:00,146.61654000000001,2024-03-08 10:20:00+00:00,147,-1,1,-0.38345999999998526
2VX0HS,1,C:USDJPY,2024-03-08 13:35:00+00:00,146.498835,2024-03-08 13:35:00+00:00,147,-1,1,-0.5011649999999861
3ZSS3L,1,C:USDJPY,2024-03-08 15:15:00+00:00,147.37953,2024-03-15 00:00:00+00:00,148,1,1,0.6204700000000116
ZUETP8,1,C:USDJPY,2024-03-15 15:05:00+00:00,149.41159749999997,2024-03-19 05:30:00+00:00,150,1,1,0.5884025000000292
8429K5,1,C:USDJPY,2024-03-19 23:55:00+00:00,151.427625,2024-03-21 01:10:00+00:00,150,1,1,-1.4276250000000061
9H47J8,1,C:USDJPY,2024-03-21 06:35:00+00:00,151.40456749999998,2024-04-10 12:55:00+00:00,152,1,1,0.5954325000000154
1CWO17,1,C:USDJPY,2024-04-10 20:40:00+00:00,153.4737275,2024-04-15 12:30:00+00:00,154,1,1,0.5262725000000046
QTUU2V,1,C:USDJPY,2024-04-18 02:15:00+00:00,153.6140025,2024-04-18 02:15:00+00:00,154,-1,1,-0.385997500000002
XFQZP9,1,C:USDJPY,2024-04-19 02:10:00+00:00,153.58108500000003,2024-04-19 02:10:00+00:00,154,-1,1,-0.41891499999996995
IPFBYI,1,C:USDJPY,2024-04-19 03:05:00+00:00,154.43713,2024-04-25 00:50:00+00:00,155,1,1,0.5628700000000038
04QXUK,1,C:USDJPY,2024-04-26 03:35:00+00:00,156.396015,2024-04-26 08:00:00+00:00,155,1,1,-1.3960150000000056
SSBMWN,1,C:USDJPY,2024-04-26 14:40:00+00:00,157.4636775,2024-04-26 20:35:00+00:00,158,1,1,0.5363225000000114
