,open,high,low,close
2022-05-27 00:00:00+00:00,127.089,127.104,126.96,127.033
2022-05-27 00:05:00+00:00,127.036,127.184,127.02,127.134
2022-05-27 00:10:00+00:00,127.14,127.183,127.088,127.152
2022-05-27 00:15:00+00:00,127.156,127.171,127.108,127.159
2022-05-27 00:20:00+00:00,127.163,127.191,127.114,127.125
2022-05-27 00:25:00+00:00,127.132,127.173,127.112,127.141
2022-05-27 00:30:00+00:00,127.141,127.142,127.005,127.021
2022-05-27 00:35:00+00:00,127.02,127.068,126.941,126.953
2022-05-27 00:40:00+00:00,126.946,127.006,126.903,126.948
2022-05-27 00:45:00+00:00,126.94,126.977,126.91,126.922
2022-05-27 00:50:00+00:00,126.921,127.046,126.921,126.994
2022-05-27 00:55:00+00:00,126.994,127.054,126.981,127.003
2022-05-27 01:00:00+00:00,127.0,127.071,126.92,126.971
2022-05-27 01:05:00+00:00,126.976,126.984,126.938,126.964
2022-05-27 01:10:00+00:00,126.96,127.061,126.91,127.057
2022-05-27 01:15:00+00:00,127.059,127.159,127.028,127.158
2022-05-27 01:20:00+00:00,127.157,127.173,127.017,127.043
2022-05-27 01:25:00+00:00,127.023,127.041,127.0,127.006
2022-05-27 01:30:00+00:00,127.001,127.022,126.95,126.985
2022-05-27 01:35:00+00:00,126.986,126.989,126.877,126.932
2022-05-27 01:40:00+00:00,126.941,126.961,126.89,126.924
2022-05-27 01:45:00+00:00,126.923,126.939,126.873,126.905
2022-05-27 01:50:00+00:00,126.904,126.938,126.78,126.791
2022-05-27 01:55:00+00:00,126.798,126.821,126.756,126.79
2022-05-27 02:00:00+00:00,126.79,126.826,126.77,126.77
2022-05-27 02:05:00+00:00,126.772,126.823,126.74,126.794
2022-05-27 02:10:00+00:00,126.794,126.845,126.787,126.789
2022-05-27 02:15:00+00:00,126.79,126.838,126.787,126.813
2022-05-27 02:20:00+00:00,126.813,126.83,126.788,126.79
2022-05-27 02:25:00+00:00,126.793,126.802,126.74,126.774
2022-05-27 02:30:00+00:00,126.772,126.772,126.712,126.712
2022-05-27 02:35:00+00:00,126.718,126.754,126.7,126.75
2022-05-27 02:40:00+00:00,126.75,126.751,126.69,126.703
2022-05-27 02:45:00+00:00,126.705,126.719,126.67,126.708
2022-05-27 02:50:00+00:00,126.706,126.75,126.701,126.721
2022-05-27 02:55:00+00:00,126.722,126.723,126.67,126.689
2022-05-27 03:00:00+00:00,126.686,126.741,126.673,126.737
2022-05-27 03:05:00+00:00,126.734,126.814,126.725,126.784
2022-05-27 03:10:00+00:00,126.779,126.812,126.75,126.763
2022-05-27 03:15:00+00:00,126.764,126.783,126.72,126.747
2022-05-27 03:20:00+00:00,126.748,126.774,126.736,126.745
2022-05-27 03:25:00+00:00,126.745,126.829,126.744,126.815
2022-05-27 03:30:00+00:00,126.815,126.829,126.798,126.8
2022-05-27 03:35:00+00:00,126.794,126.803,126.759,126.764
2022-05-27 03:40:00+00:00,126.763,126.768,126.754,126.762
2022-05-27 03:45:00+00:00,126.758,126.832,126.756,126.814
2022-05-27 03:50:00+00:00,126.812,126.831,126.791,126.807
2022-05-27 03:55:00+00:00,126.803,126.819,126.787,126.812
2022-05-27 04:00:00+00:00,126.815,126.829,126.8,126.82
2022-05-27 04:05:00+00:00,126.821,126.863,126.815,126.852
2022-05-27 04:10:00+00:00,126.85,126.867,126.842,126.853
2022-05-27 04:15:00+00:00,126.854,126.864,126.811,126.861
2022-05-27 04:20:00+00:00,126.862,126.867,126.844,126.854
2022-05-27 04:25:00+00:00,126.854,126.873,126.847,126.865
2022-05-27 04:30:00+00:00,126.866,126.88,126.856,126.861
2022-05-27 04:35:00+00:00,126.862,126.866,126.8,126.835
2022-05-27 04:40:00+00:00,126.827,126.887,126.827,126.88
2022-05-27 04:45:00+00:00,126.878,126.882,126.849,126.86
2022-05-27 04:50:00+00:00,126.861,126.863,126.82,126.826
2022-05-27 04:55:00+00:00,126.826,126.835,126.78,126.814
2022-05-27 05:00:00+00:00,126.815,126.816,126.775,126.782
2022-05-27 05:05:00+00:00,126.781,126.79,126.77,126.787
2022-05-27 05:10:00+00:00,126.786,126.813,126.771,126.787
2022-05-27 05:15:00+00:00,126.79,126.813,126.775,126.804
2022-05-27 05:20:00+00:00,126.805,126.805,126.79,126.797
2022-05-27 05:25:00+00:00,126.796,126.804,126.76,126.781
2022-05-27 05:30:00+00:00,126.782,126.791,126.747,126.751
2022-05-27 05:35:00+00:00,126.748,126.763,126.724,126.76
2022-05-27 05:40:00+00:00,126.761,126.789,126.734,126.785
2022-05-27 05:45:00+00:00,126.781,126.832,126.755,126.822
2022-05-27 05:50:00+00:00,126.83,126.866,126.824,126.854
2022-05-27 05:55:00+00:00,126.857,126.872,126.849,126.862
2022-05-27 06:00:00+00:00,126.861,126.863,126.801,126.808
2022-05-27 06:05:00+00:00,126.809,126.831,126.796,126.827
2022-05-27 06:10:00+00:00,126.826,126.832,126.74,126.775
2022-05-27 06:15:00+00:00,126.773,126.81,126.74,126.808
2022-05-27 06:20:00+00:00,126.808,126.905,126.805,126.902
2022-05-27 06:25:00+00:00,126.9,126.932,126.89,126.9
2022-05-27 06:30:00+00:00,126.898,126.933,126.878,126.929
2022-05-27 06:35:00+00:00,126.927,126.976,126.916,126.966
2022-05-27 06:40:00+00:00,126.978,126.99,126.926,126.979
2022-05-27 06:45:00+00:00,126.993,127.028,126.985,127.009
2022-05-27 06:50:00+00:00,127.01,127.015,126.98,126.995
2022-05-27 06:55:00+00:00,126.993,127.027,126.94,127.01
2022-05-27 07:00:00+00:00,127.013,127.07,126.961,127.021
2022-05-27 07:05:00+00:00,127.022,127.086,126.99,127.07
2022-05-27 07:10:00+00:00,127.069,127.146,127.069,127.118
2022-05-27 07:15:00+00:00,127.118,127.152,127.1,127.109
2022-05-27 07:20:00+00:00,127.112,127.199,127.109,127.166
2022-05-27 07:25:00+00:00,127.165,127.187,127.14,127.167
2022-05-27 07:30:00+00:00,127.179,127.182,127.11,127.112
2022-05-27 07:35:00+00:00,127.113,127.165,127.11,127.136
2022-05-27 07:40:00+00:00,127.138,127.146,127.069,127.075
2022-05-27 07:45:00+00:00,127.076,127.109,127.065,127.086
2022-05-27 07:50:00+00:00,127.085,127.148,127.068,127.127
2022-05-27 07:55:00+00:00,127.129,127.141,127.096,127.131
2022-05-27 08:00:00+00:00,127.13,127.189,127.07,127.135
2022-05-27 08:05:00+00:00,127.135,127.139,127.054,127.061
2022-05-27 08:10:00+00:00,127.058,127.086,127.03,127.077
2022-05-27 08:15:00+00:00,127.083,127.095,127.061,127.064
2022-05-27 08:20:00+00:00,127.066,127.111,127.052,127.102
2022-05-27 08:25:00+00:00,127.1,127.109,127.072,127.093
2022-05-27 08:30:00+00:00,127.093,127.118,127.076,127.081
2022-05-27 08:35:00+00:00,127.086,127.111,127.074,127.085
2022-05-27 08:40:00+00:00,127.088,127.088,127.006,127.019
2022-05-27 08:45:00+00:00,127.021,127.026,126.97,127.006
2022-05-27 08:50:00+00:00,127.01,127.04,126.964,127.034
2022-05-27 08:55:00+00:00,127.032,127.047,127.007,127.041
2022-05-27 09:00:00+00:00,127.04,127.07,127.032,127.067
2022-05-27 09:05:00+00:00,127.069,127.108,127.06,127.087
2022-05-27 09:10:00+00:00,127.087,127.118,127.03,127.034
2022-05-27 09:15:00+00:00,127.031,127.046,127.0,127.02
2022-05-27 09:20:00+00:00,127.023,127.064,127.019,127.062
2022-05-27 09:25:00+00:00,127.064,127.097,127.055,127.068
2022-05-27 09:30:00+00:00,127.071,127.106,127.049,127.065
2022-05-27 09:35:00+00:00,127.063,127.094,127.057,127.091
2022-05-27 09:40:00+00:00,127.089,127.09,127.037,127.04
2022-05-27 09:45:00+00:00,127.04,127.103,127.019,127.073
2022-05-27 09:50:00+00:00,127.07,127.103,127.06,127.077
2022-05-27 09:55:00+00:00,127.075,127.101,127.058,127.069
2022-05-27 10:00:00+00:00,127.066,127.075,127.026,127.046
2022-05-27 10:05:00+00:00,127.046,127.061,127.02,127.051
2022-05-27 10:10:00+00:00,127.051,127.07,127.036,127.066
2022-05-27 10:15:00+00:00,127.069,127.095,127.06,127.087
2022-05-27 10:20:00+00:00,127.086,127.087,127.039,127.048
2022-05-27 10:25:00+00:00,127.046,127.073,127.043,127.058
2022-05-27 10:30:00+00:00,127.062,127.079,127.027,127.057
2022-05-27 10:35:00+00:00,127.058,127.075,127.012,127.063
2022-05-27 10:40:00+00:00,127.064,127.066,127.02,127.04
2022-05-27 10:45:00+00:00,127.042,127.072,127.037,127.067
2022-05-27 10:50:00+00:00,127.065,127.131,127.047,127.123
2022-05-27 10:55:00+00:00,127.129,127.141,127.08,127.096
2022-05-27 11:00:00+00:00,127.093,127.109,127.007,127.012
2022-05-27 11:05:00+00:00,127.015,127.022,126.916,126.971
2022-05-27 11:10:00+00:00,126.971,126.973,126.87,126.893
2022-05-27 11:15:00+00:00,126.891,126.935,126.87,126.891
2022-05-27 11:20:00+00:00,126.89,126.933,126.89,126.908
2022-05-27 11:25:00+00:00,126.907,126.944,126.87,126.936
2022-05-27 11:30:00+00:00,126.936,126.96,126.903,126.905
2022-05-27 11:35:00+00:00,126.912,126.939,126.88,126.923
2022-05-27 11:40:00+00:00,126.91,126.947,126.884,126.909
2022-05-27 11:45:00+00:00,126.907,126.909,126.86,126.881
2022-05-27 11:50:00+00:00,126.88,126.924,126.877,126.911
2022-05-27 11:55:00+00:00,126.911,126.925,126.89,126.918
2022-05-27 12:00:00+00:00,126.91,126.914,126.84,126.866
2022-05-27 12:05:00+00:00,126.863,126.878,126.81,126.859
2022-05-27 12:10:00+00:00,126.858,126.894,126.848,126.886
2022-05-27 12:15:00+00:00,126.887,126.91,126.87,126.88
2022-05-27 12:20:00+00:00,126.872,126.895,126.84,126.878
2022-05-27 12:25:00+00:00,126.881,126.906,126.84,126.887
2022-05-27 12:30:00+00:00,126.881,127.096,126.87,126.998
2022-05-27 12:35:00+00:00,126.995,127.014,126.94,126.999
2022-05-27 12:40:00+00:00,126.992,127.048,126.968,127.031
2022-05-27 12:45:00+00:00,127.033,127.054,126.984,127.011
2022-05-27 12:50:00+00:00,127.004,127.021,126.958,127.015
2022-05-27 12:55:00+00:00,127.016,127.051,126.98,127.034
2022-05-27 13:00:00+00:00,127.033,127.068,126.98,126.991
2022-05-27 13:05:00+00:00,126.994,127.004,126.94,126.944
2022-05-27 13:10:00+00:00,126.946,126.973,126.92,126.962
2022-05-27 13:15:00+00:00,126.964,126.973,126.939,126.948
2022-05-27 13:20:00+00:00,126.948,126.968,126.907,126.942
2022-05-27 13:25:00+00:00,126.943,126.954,126.909,126.909
2022-05-27 13:30:00+00:00,126.91,126.989,126.89,126.962
2022-05-27 13:35:00+00:00,126.966,127.026,126.95,127.001
2022-05-27 13:40:00+00:00,127.001,127.007,126.947,126.951
2022-05-27 13:45:00+00:00,126.954,127.0,126.945,126.965
2022-05-27 13:50:00+00:00,126.961,126.964,126.816,126.836
2022-05-27 13:55:00+00:00,126.83,126.899,126.827,126.885
2022-05-27 14:00:00+00:00,126.886,126.949,126.84,126.923
2022-05-27 14:05:00+00:00,126.922,126.923,126.862,126.866
2022-05-27 14:10:00+00:00,126.863,126.885,126.82,126.871
2022-05-27 14:15:00+00:00,126.864,126.887,126.81,126.861
2022-05-27 14:20:00+00:00,126.858,126.869,126.835,126.866
2022-05-27 14:25:00+00:00,126.851,126.938,126.784,126.901
2022-05-27 14:30:00+00:00,126.902,126.917,126.877,126.906
2022-05-27 14:35:00+00:00,126.905,126.919,126.877,126.88
2022-05-27 14:40:00+00:00,126.892,126.906,126.86,126.882
2022-05-27 14:45:00+00:00,126.883,126.947,126.83,126.944
2022-05-27 14:50:00+00:00,126.947,127.042,126.932,127.04
2022-05-27 14:55:00+00:00,127.04,127.137,127.038,127.116
2022-05-27 15:00:00+00:00,127.113,127.169,127.055,127.156
2022-05-27 15:05:00+00:00,127.156,127.189,127.104,127.188
2022-05-27 15:10:00+00:00,127.19,127.251,127.13,127.154
2022-05-27 15:15:00+00:00,127.152,127.203,127.136,127.145
2022-05-27 15:20:00+00:00,127.155,127.155,127.08,127.089
2022-05-27 15:25:00+00:00,127.093,127.127,127.085,127.085
2022-05-27 15:30:00+00:00,127.087,127.148,127.081,127.135
2022-05-27 15:35:00+00:00,127.132,127.137,127.102,127.111
2022-05-27 15:40:00+00:00,127.113,127.143,127.105,127.128
2022-05-27 15:45:00+00:00,127.134,127.135,127.098,127.104
2022-05-27 15:50:00+00:00,127.112,127.123,127.088,127.12
2022-05-27 15:55:00+00:00,127.117,127.154,127.106,127.146
2022-05-27 16:00:00+00:00,127.146,127.173,127.129,127.17
2022-05-27 16:05:00+00:00,127.167,127.196,127.16,127.175
2022-05-27 16:10:00+00:00,127.171,127.176,127.112,127.114
2022-05-27 16:15:00+00:00,127.12,127.129,127.098,127.11
2022-05-27 16:20:00+00:00,127.112,127.129,127.085,127.087
2022-05-27 16:25:00+00:00,127.086,127.119,127.07,127.103
2022-05-27 16:30:00+00:00,127.1,127.114,127.07,127.081
2022-05-27 16:35:00+00:00,127.086,127.105,127.08,127.1
2022-05-27 16:40:00+00:00,127.105,127.119,127.088,127.118
2022-05-27 16:45:00+00:00,127.117,127.132,127.105,127.128
2022-05-27 16:50:00+00:00,127.126,127.16,127.116,127.145
2022-05-27 16:55:00+00:00,127.145,127.152,127.11,127.136
2022-05-27 17:00:00+00:00,127.144,127.154,127.117,127.129
2022-05-27 17:05:00+00:00,127.126,127.151,127.121,127.142
2022-05-27 17:10:00+00:00,127.143,127.164,127.11,127.159
2022-05-27 17:15:00+00:00,127.158,127.167,127.13,127.14
2022-05-27 17:20:00+00:00,127.142,127.145,127.11,127.119
2022-05-27 17:25:00+00:00,127.12,127.142,127.083,127.131
2022-05-27 17:30:00+00:00,127.135,127.14,127.123,127.131
2022-05-27 17:35:00+00:00,127.13,127.13,127.099,127.101
2022-05-27 17:40:00+00:00,127.104,127.107,127.071,127.078
2022-05-27 17:45:00+00:00,127.077,127.084,127.06,127.082
2022-05-27 17:50:00+00:00,127.077,127.105,127.072,127.1
2022-05-27 17:55:00+00:00,127.105,127.105,127.07,127.095
2022-05-27 18:00:00+00:00,127.094,127.103,127.076,127.092
2022-05-27 18:05:00+00:00,127.09,127.097,127.05,127.087
2022-05-27 18:10:00+00:00,127.083,127.089,127.07,127.075
2022-05-27 18:15:00+00:00,127.075,127.081,127.066,127.075
2022-05-27 18:20:00+00:00,127.076,127.119,127.069,127.109
2022-05-27 18:25:00+00:00,127.109,127.11,127.09,127.092
2022-05-27 18:30:00+00:00,127.1,127.104,127.089,127.092
2022-05-27 18:35:00+00:00,127.095,127.097,127.072,127.086
2022-05-27 18:40:00+00:00,127.089,127.097,127.073,127.081
2022-05-27 18:45:00+00:00,127.08,127.097,127.073,127.094
2022-05-27 18:50:00+00:00,127.095,127.112,127.08,127.1
2022-05-27 18:55:00+00:00,127.102,127.111,127.087,127.097
2022-05-27 19:00:00+00:00,127.093,127.097,127.07,127.076
2022-05-27 19:05:00+00:00,127.077,127.077,127.046,127.054
2022-05-27 19:10:00+00:00,127.053,127.06,127.04,127.057
2022-05-27 19:15:00+00:00,127.056,127.056,127.044,127.053
2022-05-27 19:20:00+00:00,127.054,127.054,127.01,127.022
2022-05-27 19:25:00+00:00,127.025,127.047,127.021,127.042
2022-05-27 19:30:00+00:00,127.045,127.063,127.031,127.062
2022-05-27 19:35:00+00:00,127.06,127.063,127.05,127.05
2022-05-27 19:40:00+00:00,127.052,127.08,127.049,127.08
2022-05-27 19:45:00+00:00,127.078,127.087,127.068,127.073
2022-05-27 19:50:00+00:00,127.073,127.097,127.07,127.095
2022-05-27 19:55:00+00:00,127.097,127.128,127.085,127.126
2022-05-27 20:00:00+00:00,127.117,127.14,127.114,127.138
2022-05-27 20:05:00+00:00,127.141,127.142,127.09,127.103
2022-05-27 20:10:00+00:00,127.103,127.112,127.098,127.104
2022-05-27 20:15:00+00:00,127.104,127.104,127.095,127.102
2022-05-27 20:20:00+00:00,127.098,127.119,127.098,127.111
2022-05-27 20:25:00+00:00,127.111,127.133,127.09,127.101
2022-05-27 20:30:00+00:00,127.099,127.113,127.088,127.11
2022-05-27 20:35:00+00:00,127.11,127.115,127.081,127.086
2022-05-27 20:40:00+00:00,127.086,127.122,127.08,127.118
2022-05-27 20:45:00+00:00,127.119,127.135,127.08,127.099
2022-05-27 20:50:00+00:00,127.094,127.121,127.069,127.094
2022-05-27 20:55:00+00:00,127.118,127.129,127.043,127.1
2022-05-27 21:00:00+00:00,127.095,127.12,127.08,127.08
2022-05-29 19:10:00+00:00,126.921,126.921,126.921,126.921
2022-05-29 19:35:00+00:00,127.037,127.037,127.037,127.037
2022-05-29 19:40:00+00:00,127.164,127.164,127.163,127.163
2022-05-29 20:00:00+00:00,127.037,127.037,127.037,127.037
2022-05-29 20:25:00+00:00,127.037,127.037,127.037,127.037
2022-05-29 20:50:00+00:00,126.99,126.99,126.99,126.99
2022-05-29 21:00:00+00:00,126.99,126.99,126.99,126.99
2022-05-29 21:10:00+00:00,127.04,127.051,127.04,127.051
2022-05-29 21:15:00+00:00,127.052,127.072,127.052,127.055
2022-05-29 21:20:00+00:00,127.056,127.079,127.056,127.067
2022-05-29 21:25:00+00:00,127.083,127.083,127.083,127.083
2022-05-29 21:30:00+00:00,127.068,127.073,127.067,127.073
2022-05-29 21:35:00+00:00,127.07,127.098,127.07,127.094
2022-05-29 21:40:00+00:00,127.084,127.089,127.081,127.086
2022-05-29 21:45:00+00:00,127.085,127.104,127.085,127.093
2022-05-29 21:50:00+00:00,127.103,127.103,127.081,127.095
2022-05-29 21:55:00+00:00,127.093,127.113,127.08,127.105
2022-05-29 22:00:00+00:00,127.129,127.177,127.12,127.144
2022-05-29 22:05:00+00:00,127.14,127.143,127.119,127.125
2022-05-29 22:10:00+00:00,127.137,127.142,127.125,127.139
2022-05-29 22:15:00+00:00,127.133,127.171,127.126,127.169
2022-05-29 22:20:00+00:00,127.17,127.171,127.149,127.168
2022-05-29 22:25:00+00:00,127.166,127.187,127.166,127.18
2022-05-29 22:30:00+00:00,127.179,127.196,127.16,127.162
2022-05-29 22:35:00+00:00,127.161,127.184,127.151,127.164
2022-05-29 22:40:00+00:00,127.161,127.178,127.155,127.176
2022-05-29 22:45:00+00:00,127.177,127.187,127.175,127.186
2022-05-29 22:50:00+00:00,127.181,127.212,127.177,127.202
2022-05-29 22:55:00+00:00,127.203,127.21,127.178,127.196
2022-05-29 23:00:00+00:00,127.195,127.199,127.173,127.182
2022-05-29 23:05:00+00:00,127.184,127.211,127.179,127.209
2022-05-29 23:10:00+00:00,127.203,127.244,127.203,127.234
2022-05-29 23:15:00+00:00,127.233,127.235,127.217,127.225
2022-05-29 23:20:00+00:00,127.225,127.23,127.21,127.216
2022-05-29 23:25:00+00:00,127.214,127.231,127.214,127.225
2022-05-29 23:30:00+00:00,127.226,127.289,127.226,127.268
2022-05-29 23:35:00+00:00,127.275,127.317,127.265,127.317
2022-05-29 23:40:00+00:00,127.326,127.342,127.297,127.299
2022-05-29 23:45:00+00:00,127.304,127.324,127.291,127.312
2022-05-29 23:50:00+00:00,127.312,127.314,127.267,127.272
2022-05-29 23:55:00+00:00,127.279,127.29,127.265,127.269
2022-05-30 00:00:00+00:00,127.271,127.295,127.22,127.267
2022-05-30 00:05:00+00:00,127.267,127.319,127.24,127.259
2022-05-30 00:10:00+00:00,127.258,127.308,127.258,127.291
2022-05-30 00:15:00+00:00,127.294,127.294,127.23,127.286
2022-05-30 00:20:00+00:00,127.287,127.294,127.232,127.236
2022-05-30 00:25:00+00:00,127.236,127.265,127.202,127.235
2022-05-30 00:30:00+00:00,127.236,127.249,127.202,127.22
2022-05-30 00:35:00+00:00,127.22,127.224,127.156,127.171
2022-05-30 00:40:00+00:00,127.179,127.215,127.156,127.17
2022-05-30 00:45:00+00:00,127.169,127.176,127.119,127.125
2022-05-30 00:50:00+00:00,127.124,127.128,127.021,127.021
2022-05-30 00:55:00+00:00,127.004,127.063,126.964,127.052
2022-05-30 01:00:00+00:00,127.054,127.12,127.036,127.055
2022-05-30 01:05:00+00:00,127.054,127.076,127.008,127.059
2022-05-30 01:10:00+00:00,127.059,127.072,127.0,127.033
2022-05-30 01:15:00+00:00,127.035,127.058,126.992,127.046
2022-05-30 01:20:00+00:00,127.047,127.112,127.028,127.103
2022-05-30 01:25:00+00:00,127.103,127.112,127.06,127.086
2022-05-30 01:30:00+00:00,127.087,127.113,127.076,127.101
2022-05-30 01:35:00+00:00,127.1,127.133,126.991,127.007
2022-05-30 01:40:00+00:00,127.008,127.015,126.93,126.931
2022-05-30 01:45:00+00:00,126.932,126.939,126.892,126.909
2022-05-30 01:50:00+00:00,126.907,126.922,126.857,126.915
2022-05-30 01:55:00+00:00,126.915,126.96,126.901,126.957
2022-05-30 02:00:00+00:00,126.962,126.964,126.918,126.943
2022-05-30 02:05:00+00:00,126.944,126.957,126.917,126.943
2022-05-30 02:10:00+00:00,126.951,126.98,126.941,126.971
2022-05-30 02:15:00+00:00,126.97,126.973,126.939,126.955
2022-05-30 02:20:00+00:00,126.96,126.985,126.956,126.965
2022-05-30 02:25:00+00:00,126.963,126.969,126.928,126.94
2022-05-30 02:30:00+00:00,126.94,126.977,126.932,126.964
2022-05-30 02:35:00+00:00,126.957,126.98,126.952,126.974
2022-05-30 02:40:00+00:00,126.974,127.01,126.97,127.006
2022-05-30 02:45:00+00:00,127.005,127.036,126.956,126.966
2022-05-30 02:50:00+00:00,126.966,126.984,126.936,126.948
2022-05-30 02:55:00+00:00,126.947,126.995,126.942,126.992
2022-05-30 03:00:00+00:00,126.993,127.004,126.955,126.985
2022-05-30 03:05:00+00:00,126.971,126.991,126.96,126.974
2022-05-30 03:10:00+00:00,126.975,126.989,126.925,126.98
2022-05-30 03:15:00+00:00,126.981,127.022,126.97,127.017
2022-05-30 03:20:00+00:00,127.018,127.028,127.007,127.018
2022-05-30 03:25:00+00:00,127.017,127.036,127.012,127.03
2022-05-30 03:30:00+00:00,127.021,127.034,127.01,127.022
2022-05-30 03:35:00+00:00,127.023,127.032,126.986,126.996
2022-05-30 03:40:00+00:00,126.994,127.005,126.976,126.987
2022-05-30 03:45:00+00:00,126.984,126.989,126.968,126.978
2022-05-30 03:50:00+00:00,126.978,127.018,126.968,127.016
2022-05-30 03:55:00+00:00,127.016,127.022,126.969,126.979
2022-05-30 04:00:00+00:00,126.979,126.979,126.93,126.961
2022-05-30 04:05:00+00:00,126.959,127.002,126.957,126.991
2022-05-30 04:10:00+00:00,126.991,127.012,126.97,126.99
2022-05-30 04:15:00+00:00,126.988,127.004,126.97,126.992
2022-05-30 04:20:00+00:00,126.99,126.994,126.97,126.99
2022-05-30 04:25:00+00:00,126.991,127.018,126.978,127.01
2022-05-30 04:30:00+00:00,127.01,127.033,126.995,127.004
2022-05-30 04:35:00+00:00,127.002,127.011,126.965,126.968
2022-05-30 04:40:00+00:00,126.971,126.986,126.94,126.957
2022-05-30 04:45:00+00:00,126.959,126.982,126.947,126.974
2022-05-30 04:50:00+00:00,126.973,127.009,126.965,127.001
2022-05-30 04:55:00+00:00,126.995,127.005,126.97,126.999
2022-05-30 05:00:00+00:00,127.0,127.027,126.996,127.009
2022-05-30 05:05:00+00:00,127.011,127.018,126.975,126.993
2022-05-30 05:10:00+00:00,126.991,126.994,126.96,126.976
2022-05-30 05:15:00+00:00,126.973,126.994,126.961,126.975
2022-05-30 05:20:00+00:00,126.974,126.986,126.953,126.976
2022-05-30 05:25:00+00:00,126.978,126.994,126.969,126.983
2022-05-30 05:30:00+00:00,126.992,127.014,126.988,126.993
2022-05-30 05:35:00+00:00,127.002,127.004,126.97,126.975
2022-05-30 05:40:00+00:00,126.985,126.995,126.973,126.981
2022-05-30 05:45:00+00:00,126.977,126.996,126.974,126.983
2022-05-30 05:50:00+00:00,126.981,127.018,126.974,127.014
2022-05-30 05:55:00+00:00,127.014,127.038,127.005,127.037
2022-05-30 06:00:00+00:00,127.036,127.088,127.02,127.073
2022-05-30 06:05:00+00:00,127.076,127.102,127.059,127.097
2022-05-30 06:10:00+00:00,127.098,127.146,127.045,127.145
2022-05-30 06:15:00+00:00,127.141,127.221,127.14,127.185
2022-05-30 06:20:00+00:00,127.186,127.207,127.16,127.181
2022-05-30 06:25:00+00:00,127.176,127.18,127.1,127.111
2022-05-30 06:30:00+00:00,127.108,127.138,127.094,127.096
2022-05-30 06:35:00+00:00,127.101,127.117,127.06,127.06
2022-05-30 06:40:00+00:00,127.081,127.098,127.063,127.087
2022-05-30 06:45:00+00:00,127.088,127.089,127.04,127.088
2022-05-30 06:50:00+00:00,127.088,127.104,127.08,127.086
2022-05-30 06:55:00+00:00,127.09,127.123,127.085,127.118
2022-05-30 07:00:00+00:00,127.119,127.14,127.092,127.112
2022-05-30 07:05:00+00:00,127.119,127.305,127.111,127.288
2022-05-30 07:10:00+00:00,127.289,127.29,127.238,127.245
2022-05-30 07:15:00+00:00,127.246,127.313,127.22,127.24
2022-05-30 07:20:00+00:00,127.233,127.263,127.186,127.209
2022-05-30 07:25:00+00:00,127.206,127.236,127.203,127.222
2022-05-30 07:30:00+00:00,127.218,127.286,127.208,127.278
2022-05-30 07:35:00+00:00,127.277,127.284,127.22,127.254
2022-05-30 07:40:00+00:00,127.25,127.267,127.209,127.231
2022-05-30 07:45:00+00:00,127.231,127.233,127.205,127.219
2022-05-30 07:50:00+00:00,127.216,127.265,127.215,127.249
2022-05-30 07:55:00+00:00,127.248,127.384,127.247,127.364
2022-05-30 08:00:00+00:00,127.356,127.386,127.336,127.338
2022-05-30 08:05:00+00:00,127.341,127.342,127.279,127.301
2022-05-30 08:10:00+00:00,127.303,127.33,127.28,127.29
2022-05-30 08:15:00+00:00,127.29,127.318,127.288,127.314
2022-05-30 08:20:00+00:00,127.318,127.354,127.289,127.352
2022-05-30 08:25:00+00:00,127.351,127.379,127.327,127.368
2022-05-30 08:30:00+00:00,127.368,127.368,127.31,127.327
2022-05-30 08:35:00+00:00,127.332,127.339,127.305,127.308
2022-05-30 08:40:00+00:00,127.309,127.32,127.268,127.278
2022-05-30 08:45:00+00:00,127.279,127.291,127.263,127.27
2022-05-30 08:50:00+00:00,127.271,127.298,127.27,127.286
2022-05-30 08:55:00+00:00,127.283,127.322,127.278,127.291
2022-05-30 09:00:00+00:00,127.289,127.316,127.288,127.3
2022-05-30 09:05:00+00:00,127.299,127.364,127.299,127.341
2022-05-30 09:10:00+00:00,127.342,127.354,127.32,127.336
2022-05-30 09:15:00+00:00,127.34,127.343,127.328,127.338
2022-05-30 09:20:00+00:00,127.337,127.338,127.292,127.297
2022-05-30 09:25:00+00:00,127.305,127.313,127.254,127.302
2022-05-30 09:30:00+00:00,127.305,127.305,127.264,127.271
2022-05-30 09:35:00+00:00,127.268,127.274,127.24,127.258
2022-05-30 09:40:00+00:00,127.262,127.288,127.252,127.282
2022-05-30 09:45:00+00:00,127.284,127.29,127.25,127.268
2022-05-30 09:50:00+00:00,127.265,127.285,127.265,127.267
2022-05-30 09:55:00+00:00,127.271,127.295,127.265,127.293
2022-05-30 10:00:00+00:00,127.292,127.292,127.24,127.258
2022-05-30 10:05:00+00:00,127.257,127.269,127.249,127.258
2022-05-30 10:10:00+00:00,127.264,127.283,127.259,127.275
2022-05-30 10:15:00+00:00,127.275,127.286,127.24,127.256
2022-05-30 10:20:00+00:00,127.258,127.289,127.25,127.276
2022-05-30 10:25:00+00:00,127.279,127.326,127.235,127.32
2022-05-30 10:30:00+00:00,127.324,127.338,127.28,127.312
2022-05-30 10:35:00+00:00,127.315,127.335,127.308,127.326
2022-05-30 10:40:00+00:00,127.327,127.388,127.319,127.373
2022-05-30 10:45:00+00:00,127.373,127.41,127.35,127.39
2022-05-30 10:50:00+00:00,127.398,127.435,127.382,127.423
2022-05-30 10:55:00+00:00,127.42,127.42,127.377,127.377
2022-05-30 11:00:00+00:00,127.377,127.395,127.35,127.389
2022-05-30 11:05:00+00:00,127.387,127.419,127.366,127.371
2022-05-30 11:10:00+00:00,127.375,127.381,127.358,127.372
2022-05-30 11:15:00+00:00,127.374,127.379,127.351,127.357
2022-05-30 11:20:00+00:00,127.358,127.362,127.33,127.361
2022-05-30 11:25:00+00:00,127.362,127.368,127.349,127.357
2022-05-30 11:30:00+00:00,127.358,127.383,127.352,127.378
2022-05-30 11:35:00+00:00,127.38,127.387,127.375,127.38
2022-05-30 11:40:00+00:00,127.391,127.391,127.391,127.391
2022-05-30 11:50:00+00:00,127.397,127.401,127.386,127.395
2022-05-30 11:55:00+00:00,127.393,127.434,127.356,127.426
2022-05-30 12:00:00+00:00,127.426,127.484,127.417,127.473
2022-05-30 12:05:00+00:00,127.476,127.478,127.447,127.452
2022-05-30 12:10:00+00:00,127.459,127.541,127.453,127.516
2022-05-30 12:15:00+00:00,127.52,127.654,127.508,127.603
2022-05-30 12:20:00+00:00,127.603,127.655,127.587,127.651
2022-05-30 12:25:00+00:00,127.641,127.687,127.635,127.673
2022-05-30 12:30:00+00:00,127.67,127.676,127.61,127.63
2022-05-30 12:35:00+00:00,127.629,127.663,127.6,127.663
2022-05-30 12:40:00+00:00,127.662,127.777,127.655,127.732
2022-05-30 12:45:00+00:00,127.734,127.814,127.703,127.804
2022-05-30 12:50:00+00:00,127.803,127.826,127.72,127.761
2022-05-30 12:55:00+00:00,127.762,127.768,127.72,127.735
2022-05-30 13:00:00+00:00,127.737,127.768,127.704,127.72
2022-05-30 13:05:00+00:00,127.716,127.737,127.671,127.712
2022-05-30 13:10:00+00:00,127.702,127.712,127.682,127.687
2022-05-30 13:15:00+00:00,127.689,127.711,127.686,127.709
2022-05-30 13:20:00+00:00,127.71,127.733,127.69,127.722
2022-05-30 13:25:00+00:00,127.725,127.725,127.69,127.7
2022-05-30 13:30:00+00:00,127.699,127.721,127.63,127.652
2022-05-30 13:35:00+00:00,127.653,127.696,127.645,127.692
2022-05-30 13:40:00+00:00,127.688,127.742,127.68,127.729
2022-05-30 13:45:00+00:00,127.731,127.748,127.71,127.715
2022-05-30 13:50:00+00:00,127.715,127.724,127.694,127.701
2022-05-30 13:55:00+00:00,127.703,127.737,127.693,127.725
2022-05-30 14:00:00+00:00,127.725,127.769,127.703,127.758
2022-05-30 14:05:00+00:00,127.759,127.765,127.71,127.714
2022-05-30 14:10:00+00:00,127.713,127.719,127.68,127.711
2022-05-30 14:15:00+00:00,127.708,127.709,127.683,127.689
2022-05-30 14:20:00+00:00,127.684,127.704,127.684,127.7
2022-05-30 14:25:00+00:00,127.702,127.712,127.653,127.655
2022-05-30 14:30:00+00:00,127.667,127.667,127.6,127.641
2022-05-30 14:35:00+00:00,127.64,127.665,127.614,127.628
2022-05-30 14:40:00+00:00,127.628,127.669,127.623,127.649
2022-05-30 14:45:00+00:00,127.646,127.68,127.604,127.677
2022-05-30 14:50:00+00:00,127.674,127.712,127.64,127.673
2022-05-30 14:55:00+00:00,127.67,127.674,127.576,127.629
2022-05-30 15:00:00+00:00,127.629,127.654,127.602,127.614
2022-05-30 15:05:00+00:00,127.617,127.621,127.566,127.578
2022-05-30 15:10:00+00:00,127.578,127.581,127.53,127.554
2022-05-30 15:15:00+00:00,127.55,127.559,127.52,127.542
2022-05-30 15:20:00+00:00,127.54,127.553,127.466,127.472
2022-05-30 15:25:00+00:00,127.47,127.518,127.469,127.483
2022-05-30 15:30:00+00:00,127.477,127.518,127.477,127.501
2022-05-30 15:35:00+00:00,127.501,127.516,127.47,127.48
2022-05-30 15:40:00+00:00,127.478,127.479,127.43,127.455
2022-05-30 15:45:00+00:00,127.463,127.476,127.456,127.476
2022-05-30 15:50:00+00:00,127.474,127.543,127.472,127.54
2022-05-30 15:55:00+00:00,127.539,127.55,127.493,127.536
2022-05-30 16:00:00+00:00,127.534,127.567,127.529,127.566
2022-05-30 16:05:00+00:00,127.564,127.6,127.555,127.596
2022-05-30 16:10:00+00:00,127.592,127.609,127.576,127.583
2022-05-30 16:15:00+00:00,127.581,127.599,127.55,127.585
2022-05-30 16:20:00+00:00,127.582,127.586,127.57,127.578
2022-05-30 16:25:00+00:00,127.572,127.58,127.55,127.565
2022-05-30 16:30:00+00:00,127.565,127.586,127.556,127.586
2022-05-30 16:35:00+00:00,127.583,127.586,127.553,127.568
2022-05-30 16:40:00+00:00,127.562,127.568,127.544,127.565
2022-05-30 16:45:00+00:00,127.565,127.566,127.545,127.554
2022-05-30 16:50:00+00:00,127.549,127.562,127.545,127.557
2022-05-30 16:55:00+00:00,127.558,127.561,127.538,127.546
2022-05-30 17:00:00+00:00,127.547,127.557,127.52,127.549
2022-05-30 17:05:00+00:00,127.555,127.556,127.548,127.555
2022-05-30 17:10:00+00:00,127.555,127.555,127.539,127.55
2022-05-30 17:15:00+00:00,127.55,127.553,127.53,127.544
2022-05-30 17:20:00+00:00,127.541,127.548,127.531,127.547
2022-05-30 17:25:00+00:00,127.543,127.553,127.538,127.542
2022-05-30 17:30:00+00:00,127.54,127.548,127.538,127.54
2022-05-30 17:35:00+00:00,127.547,127.551,127.539,127.547
2022-05-30 17:40:00+00:00,127.543,127.551,127.51,127.527
2022-05-30 17:45:00+00:00,127.524,127.547,127.52,127.537
2022-05-30 17:50:00+00:00,127.538,127.559,127.534,127.538
2022-05-30 17:55:00+00:00,127.537,127.556,127.533,127.54
2022-05-30 18:00:00+00:00,127.542,127.556,127.539,127.553
2022-05-30 18:05:00+00:00,127.55,127.554,127.541,127.547
2022-05-30 18:10:00+00:00,127.545,127.55,127.539,127.546
2022-05-30 18:15:00+00:00,127.55,127.551,127.532,127.54
2022-05-30 18:20:00+00:00,127.538,127.544,127.53,127.54
2022-05-30 18:25:00+00:00,127.541,127.542,127.5,127.514
2022-05-30 18:30:00+00:00,127.513,127.531,127.513,127.524
2022-05-30 18:35:00+00:00,127.525,127.53,127.52,127.524
2022-05-30 18:40:00+00:00,127.528,127.53,127.521,127.529
2022-05-30 18:45:00+00:00,127.529,127.53,127.519,127.527
2022-05-30 18:50:00+00:00,127.52,127.528,127.519,127.525
2022-05-30 18:55:00+00:00,127.525,127.531,127.52,127.531
2022-05-30 19:00:00+00:00,127.524,127.53,127.514,127.518
2022-05-30 19:05:00+00:00,127.522,127.526,127.51,127.526
2022-05-30 19:10:00+00:00,127.518,127.528,127.515,127.524
2022-05-30 19:15:00+00:00,127.527,127.529,127.518,127.52
2022-05-30 19:20:00+00:00,127.519,127.526,127.519,127.521
2022-05-30 19:25:00+00:00,127.525,127.526,127.51,127.52
2022-05-30 19:30:00+00:00,127.524,127.525,127.511,127.52
2022-05-30 19:35:00+00:00,127.519,127.533,127.515,127.528
2022-05-30 19:40:00+00:00,127.528,127.529,127.521,127.526
2022-05-30 19:45:00+00:00,127.527,127.542,127.519,127.53
2022-05-30 19:50:00+00:00,127.533,127.564,127.514,127.557
2022-05-30 19:55:00+00:00,127.56,127.57,127.555,127.563
2022-05-30 20:00:00+00:00,127.561,127.564,127.52,127.544
2022-05-30 20:05:00+00:00,127.539,127.549,127.539,127.545
2022-05-30 20:10:00+00:00,127.539,127.549,127.539,127.547
2022-05-30 20:15:00+00:00,127.548,127.552,127.528,127.552
2022-05-30 20:20:00+00:00,127.552,127.552,127.54,127.546
2022-05-30 20:25:00+00:00,127.546,127.55,127.538,127.538
2022-05-30 20:30:00+00:00,127.539,127.542,127.534,127.536
2022-05-30 20:35:00+00:00,127.537,127.581,127.531,127.577
2022-05-30 20:40:00+00:00,127.576,127.604,127.574,127.601
2022-05-30 20:45:00+00:00,127.599,127.611,127.589,127.6
2022-05-30 20:50:00+00:00,127.601,127.607,127.597,127.602
2022-05-30 20:55:00+00:00,127.601,127.612,127.54,127.551
2022-05-30 21:00:00+00:00,127.538,127.587,127.426,127.56
2022-05-30 21:05:00+00:00,127.548,127.578,127.508,127.541
2022-05-30 21:10:00+00:00,127.513,127.551,127.468,127.536
2022-05-30 21:15:00+00:00,127.548,127.59,127.513,127.574
2022-05-30 21:20:00+00:00,127.58,127.6,127.55,127.597
2022-05-30 21:25:00+00:00,127.598,127.604,127.587,127.596
2022-05-30 21:30:00+00:00,127.596,127.601,127.575,127.587
2022-05-30 21:35:00+00:00,127.585,127.592,127.57,127.588
2022-05-30 21:40:00+00:00,127.584,127.603,127.56,127.601
2022-05-30 21:45:00+00:00,127.602,127.614,127.577,127.6
2022-05-30 21:50:00+00:00,127.599,127.621,127.58,127.619
2022-05-30 21:55:00+00:00,127.617,127.639,127.6,127.62
2022-05-30 22:00:00+00:00,127.619,127.642,127.59,127.609
2022-05-30 22:05:00+00:00,127.613,127.619,127.599,127.608
2022-05-30 22:10:00+00:00,127.6,127.607,127.589,127.594
2022-05-30 22:15:00+00:00,127.595,127.607,127.56,127.584
2022-05-30 22:20:00+00:00,127.582,127.601,127.582,127.595
2022-05-30 22:25:00+00:00,127.592,127.6,127.587,127.6
2022-05-30 22:30:00+00:00,127.591,127.601,127.55,127.552
2022-05-30 22:35:00+00:00,127.552,127.583,127.52,127.582
2022-05-30 22:40:00+00:00,127.581,127.581,127.559,127.562
2022-05-30 22:45:00+00:00,127.559,127.564,127.52,127.558
2022-05-30 22:50:00+00:00,127.56,127.613,127.548,127.608
2022-05-30 22:55:00+00:00,127.606,127.636,127.601,127.618
2022-05-30 23:00:00+00:00,127.616,127.696,127.61,127.69
2022-05-30 23:05:00+00:00,127.694,127.706,127.66,127.69
2022-05-30 23:10:00+00:00,127.689,127.695,127.63,127.682
2022-05-30 23:15:00+00:00,127.685,127.759,127.681,127.731
2022-05-30 23:20:00+00:00,127.727,127.74,127.7,127.734
2022-05-30 23:25:00+00:00,127.737,127.798,127.731,127.797
2022-05-30 23:30:00+00:00,127.796,127.806,127.724,127.771
2022-05-30 23:35:00+00:00,127.773,127.79,127.76,127.787
2022-05-30 23:40:00+00:00,127.788,127.87,127.763,127.832
2022-05-30 23:45:00+00:00,127.836,127.847,127.8,127.835
2022-05-30 23:50:00+00:00,127.835,127.842,127.77,127.786
2022-05-30 23:55:00+00:00,127.785,127.801,127.775,127.784
2022-05-31 00:00:00+00:00,127.78,127.952,127.749,127.949
2022-05-31 00:05:00+00:00,127.942,127.994,127.93,127.984
2022-05-31 00:10:00+00:00,127.981,128.072,127.963,128.051
2022-05-31 00:15:00+00:00,128.047,128.099,128.0,128.077
2022-05-31 00:20:00+00:00,128.083,128.162,128.062,128.142
2022-05-31 00:25:00+00:00,128.141,128.251,128.137,128.247
2022-05-31 00:30:00+00:00,128.242,128.273,128.149,128.151
2022-05-31 00:35:00+00:00,128.148,128.198,128.139,128.178
2022-05-31 00:40:00+00:00,128.181,128.216,128.13,128.13
2022-05-31 00:45:00+00:00,128.145,128.271,128.141,128.235
2022-05-31 00:50:00+00:00,128.232,128.261,128.03,128.181
2022-05-31 00:55:00+00:00,128.179,128.201,128.12,128.194
2022-05-31 01:00:00+00:00,128.195,128.342,128.162,128.236
2022-05-31 01:05:00+00:00,128.23,128.245,128.16,128.179
2022-05-31 01:10:00+00:00,128.169,128.187,128.097,128.13
2022-05-31 01:15:00+00:00,128.135,128.2,128.107,128.16
2022-05-31 01:20:00+00:00,128.162,128.185,128.114,128.13
2022-05-31 01:25:00+00:00,128.134,128.147,128.109,128.114
2022-05-31 01:30:00+00:00,128.111,128.214,128.107,128.214
2022-05-31 01:35:00+00:00,128.217,128.226,128.169,128.174
2022-05-31 01:40:00+00:00,128.171,128.177,128.09,128.1
2022-05-31 01:45:00+00:00,128.103,128.171,128.093,128.168
2022-05-31 01:50:00+00:00,128.167,128.193,128.15,128.184
2022-05-31 01:55:00+00:00,128.179,128.197,128.12,128.163
2022-05-31 02:00:00+00:00,128.165,128.169,128.12,128.167
2022-05-31 02:05:00+00:00,128.173,128.178,128.08,128.112
2022-05-31 02:10:00+00:00,128.112,128.142,128.083,128.093
2022-05-31 02:15:00+00:00,128.094,128.11,128.06,128.1
2022-05-31 02:20:00+00:00,128.107,128.136,128.06,128.104
2022-05-31 02:25:00+00:00,128.105,128.108,128.03,128.073
2022-05-31 02:30:00+00:00,128.068,128.077,128.01,128.032
2022-05-31 02:35:00+00:00,128.033,128.068,128.01,128.051
2022-05-31 02:40:00+00:00,128.049,128.059,128.02,128.032
2022-05-31 02:45:00+00:00,128.033,128.086,128.027,128.063
2022-05-31 02:50:00+00:00,128.062,128.156,128.057,128.147
2022-05-31 02:55:00+00:00,128.151,128.181,128.13,128.159
2022-05-31 03:00:00+00:00,128.153,128.155,128.123,128.136
2022-05-31 03:05:00+00:00,128.137,128.139,128.06,128.079
2022-05-31 03:10:00+00:00,128.083,128.087,128.029,128.084
2022-05-31 03:15:00+00:00,128.084,128.106,128.068,128.075
2022-05-31 03:20:00+00:00,128.078,128.094,128.061,128.091
2022-05-31 03:25:00+00:00,128.097,128.103,128.076,128.101
2022-05-31 03:30:00+00:00,128.098,128.098,128.069,128.075
2022-05-31 03:35:00+00:00,128.075,128.127,128.04,128.115
2022-05-31 03:40:00+00:00,128.117,128.119,128.056,128.075
2022-05-31 03:45:00+00:00,128.076,128.092,128.05,128.08
2022-05-31 03:50:00+00:00,128.076,128.088,128.045,128.053
2022-05-31 03:55:00+00:00,128.051,128.089,128.042,128.079
2022-05-31 04:00:00+00:00,128.082,128.113,128.049,128.105
2022-05-31 04:05:00+00:00,128.107,128.107,128.01,128.033
2022-05-31 04:10:00+00:00,128.031,128.034,127.98,128.012
2022-05-31 04:15:00+00:00,128.012,128.016,127.96,127.984
2022-05-31 04:20:00+00:00,127.981,128.083,127.93,128.066
2022-05-31 04:25:00+00:00,128.068,128.157,128.004,128.022
2022-05-31 04:30:00+00:00,128.017,128.051,128.01,128.036
2022-05-31 04:35:00+00:00,128.03,128.045,128.01,128.022
2022-05-31 04:40:00+00:00,128.03,128.042,127.95,127.995
2022-05-31 04:45:00+00:00,127.995,128.008,127.96,128.0
2022-05-31 04:50:00+00:00,128.0,128.002,127.95,127.976
2022-05-31 04:55:00+00:00,127.975,128.012,127.96,128.006
2022-05-31 05:00:00+00:00,128.007,128.008,127.957,127.97
2022-05-31 05:05:00+00:00,127.972,128.003,127.965,127.974
2022-05-31 05:10:00+00:00,127.966,127.99,127.931,127.955
2022-05-31 05:15:00+00:00,127.959,127.972,127.91,127.928
2022-05-31 05:20:00+00:00,127.939,127.98,127.932,127.95
2022-05-31 05:25:00+00:00,127.953,127.965,127.91,127.938
2022-05-31 05:30:00+00:00,127.937,127.944,127.909,127.932
2022-05-31 05:35:00+00:00,127.927,127.932,127.898,127.901
2022-05-31 05:40:00+00:00,127.902,127.905,127.8,127.817
2022-05-31 05:45:00+00:00,127.817,127.877,127.814,127.854
2022-05-31 05:50:00+00:00,127.857,127.878,127.849,127.867
2022-05-31 05:55:00+00:00,127.868,127.919,127.83,127.894
2022-05-31 06:00:00+00:00,127.888,127.92,127.86,127.878
2022-05-31 06:05:00+00:00,127.88,127.922,127.74,127.778
2022-05-31 06:10:00+00:00,127.777,127.816,127.696,127.717
2022-05-31 06:15:00+00:00,127.717,127.777,127.69,127.772
2022-05-31 06:20:00+00:00,127.772,127.806,127.755,127.793
2022-05-31 06:25:00+00:00,127.79,127.859,127.785,127.845
2022-05-31 06:30:00+00:00,127.847,127.876,127.835,127.864
2022-05-31 06:35:00+00:00,127.856,127.961,127.855,127.944
2022-05-31 06:40:00+00:00,127.943,127.996,127.937,127.957
2022-05-31 06:45:00+00:00,127.959,128.029,127.938,128.002
2022-05-31 06:50:00+00:00,128.005,128.035,127.989,128.031
2022-05-31 06:55:00+00:00,128.033,128.073,128.003,128.045
2022-05-31 07:00:00+00:00,128.044,128.045,127.932,127.954
2022-05-31 07:05:00+00:00,127.958,127.988,127.91,127.963
2022-05-31 07:10:00+00:00,127.964,127.967,127.89,127.943
2022-05-31 07:15:00+00:00,127.942,127.944,127.82,127.835
2022-05-31 07:20:00+00:00,127.832,127.849,127.78,127.842
2022-05-31 07:25:00+00:00,127.844,127.854,127.715,127.771
2022-05-31 07:30:00+00:00,127.772,127.801,127.739,127.753
2022-05-31 07:35:00+00:00,127.759,127.782,127.653,127.696
2022-05-31 07:40:00+00:00,127.693,127.726,127.63,127.69
2022-05-31 07:45:00+00:00,127.692,127.715,127.657,127.709
2022-05-31 07:50:00+00:00,127.709,127.73,127.62,127.676
2022-05-31 07:55:00+00:00,127.682,127.758,127.64,127.751
2022-05-31 08:00:00+00:00,127.751,127.776,127.719,127.746
2022-05-31 08:05:00+00:00,127.748,127.794,127.731,127.747
2022-05-31 08:10:00+00:00,127.746,127.769,127.672,127.673
2022-05-31 08:15:00+00:00,127.676,127.767,127.668,127.713
2022-05-31 08:20:00+00:00,127.727,127.783,127.702,127.774
2022-05-31 08:25:00+00:00,127.772,127.792,127.74,127.776
2022-05-31 08:30:00+00:00,127.779,127.789,127.699,127.711
2022-05-31 08:35:00+00:00,127.709,127.758,127.677,127.719
2022-05-31 08:40:00+00:00,127.716,127.812,127.708,127.806
2022-05-31 08:45:00+00:00,127.802,127.876,127.77,127.869
2022-05-31 08:50:00+00:00,127.868,127.922,127.861,127.91
2022-05-31 08:55:00+00:00,127.909,127.925,127.904,127.921
2022-05-31 09:00:00+00:00,127.92,127.977,127.91,127.977
2022-05-31 09:05:00+00:00,127.966,127.999,127.948,127.968
2022-05-31 09:10:00+00:00,127.97,127.977,127.92,127.949
2022-05-31 09:15:00+00:00,127.948,127.987,127.929,127.952
2022-05-31 09:20:00+00:00,127.953,127.974,127.937,127.94
2022-05-31 09:25:00+00:00,127.939,127.94,127.855,127.931
2022-05-31 09:30:00+00:00,127.93,127.945,127.9,127.908
2022-05-31 09:35:00+00:00,127.914,127.919,127.87,127.887
2022-05-31 09:40:00+00:00,127.888,127.892,127.85,127.886
2022-05-31 09:45:00+00:00,127.883,127.896,127.81,127.872
2022-05-31 09:50:00+00:00,127.87,127.904,127.838,127.893
2022-05-31 09:55:00+00:00,127.895,127.947,127.887,127.945
2022-05-31 10:00:00+00:00,127.945,127.96,127.919,127.957
2022-05-31 10:05:00+00:00,127.958,127.976,127.93,127.944
2022-05-31 10:10:00+00:00,127.943,127.943,127.86,127.903
2022-05-31 10:15:00+00:00,127.902,127.908,127.87,127.896
2022-05-31 10:20:00+00:00,127.889,127.917,127.879,127.897
2022-05-31 10:25:00+00:00,127.897,127.939,127.87,127.938
2022-05-31 10:30:00+00:00,127.938,127.939,127.912,127.921
2022-05-31 10:35:00+00:00,127.923,128.003,127.914,127.997
2022-05-31 10:40:00+00:00,127.998,128.032,127.97,127.993
2022-05-31 10:45:00+00:00,127.995,128.021,127.975,128.019
2022-05-31 10:50:00+00:00,128.021,128.103,128.006,128.085
2022-05-31 10:55:00+00:00,128.087,128.088,127.977,127.983
2022-05-31 11:00:00+00:00,127.984,128.013,127.96,128.001
2022-05-31 11:05:00+00:00,127.999,128.091,127.999,128.062
2022-05-31 11:10:00+00:00,128.059,128.075,127.976,127.983
2022-05-31 11:15:00+00:00,127.994,128.046,127.989,128.043
2022-05-31 11:20:00+00:00,128.044,128.088,128.04,128.083
2022-05-31 11:25:00+00:00,128.081,128.141,128.063,128.105
2022-05-31 11:30:00+00:00,128.106,128.132,128.087,128.095
2022-05-31 11:35:00+00:00,128.098,128.116,128.06,128.104
2022-05-31 11:40:00+00:00,128.106,128.147,128.093,128.134
2022-05-31 11:45:00+00:00,128.137,128.195,128.12,128.151
2022-05-31 11:50:00+00:00,128.148,128.184,128.144,128.181
2022-05-31 11:55:00+00:00,128.183,128.241,128.16,128.179
2022-05-31 12:00:00+00:00,128.189,128.286,128.174,128.27
2022-05-31 12:05:00+00:00,128.271,128.273,128.23,128.27
2022-05-31 12:10:00+00:00,128.271,128.271,128.194,128.202
2022-05-31 12:15:00+00:00,128.209,128.248,128.195,128.22
2022-05-31 12:20:00+00:00,128.221,128.383,128.218,128.367
2022-05-31 12:25:00+00:00,128.366,128.435,128.35,128.402
2022-05-31 12:30:00+00:00,128.406,128.411,128.355,128.4
2022-05-31 12:35:00+00:00,128.395,128.483,128.383,128.483
2022-05-31 12:40:00+00:00,128.483,128.589,128.473,128.549
2022-05-31 12:45:00+00:00,128.558,128.582,128.519,128.558
2022-05-31 12:50:00+00:00,128.561,128.633,128.523,128.623
2022-05-31 12:55:00+00:00,128.616,128.674,128.6,128.662
2022-05-31 13:00:00+00:00,128.661,128.661,128.598,128.658
2022-05-31 13:05:00+00:00,128.633,128.725,128.633,128.678
2022-05-31 13:10:00+00:00,128.68,128.729,128.591,128.634
2022-05-31 13:15:00+00:00,128.634,128.644,128.552,128.568
2022-05-31 13:20:00+00:00,128.564,128.596,128.465,128.583
2022-05-31 13:25:00+00:00,128.586,128.61,128.484,128.511
2022-05-31 13:30:00+00:00,128.517,128.589,128.49,128.589
2022-05-31 13:35:00+00:00,128.583,128.618,128.55,128.577
2022-05-31 13:40:00+00:00,128.577,128.756,128.55,128.738
2022-05-31 13:45:00+00:00,128.734,128.8,128.7,128.779
2022-05-31 13:50:00+00:00,128.779,128.791,128.66,128.667
2022-05-31 13:55:00+00:00,128.668,128.729,128.66,128.707
2022-05-31 14:00:00+00:00,128.706,128.825,128.689,128.791
2022-05-31 14:05:00+00:00,128.789,128.847,128.74,128.839
2022-05-31 14:10:00+00:00,128.835,128.841,128.744,128.748
2022-05-31 14:15:00+00:00,128.749,128.805,128.7,128.794
2022-05-31 14:20:00+00:00,128.793,128.809,128.76,128.798
2022-05-31 14:25:00+00:00,128.805,128.892,128.798,128.829
2022-05-31 14:30:00+00:00,128.832,128.832,128.75,128.771
2022-05-31 14:35:00+00:00,128.774,128.775,128.676,128.7
2022-05-31 14:40:00+00:00,128.701,128.723,128.613,128.62
2022-05-31 14:45:00+00:00,128.641,128.643,128.523,128.565
2022-05-31 14:50:00+00:00,128.565,128.617,128.534,128.601
2022-05-31 14:55:00+00:00,128.602,128.71,128.597,128.647
2022-05-31 15:00:00+00:00,128.648,128.659,128.58,128.638
2022-05-31 15:05:00+00:00,128.639,128.639,128.547,128.596
2022-05-31 15:10:00+00:00,128.618,128.624,128.49,128.556
2022-05-31 15:15:00+00:00,128.557,128.568,128.501,128.532
2022-05-31 15:20:00+00:00,128.534,128.582,128.516,128.556
2022-05-31 15:25:00+00:00,128.559,128.628,128.525,128.614
2022-05-31 15:30:00+00:00,128.614,128.623,128.563,128.58
2022-05-31 15:35:00+00:00,128.585,128.643,128.564,128.635
2022-05-31 15:40:00+00:00,128.634,128.638,128.56,128.569
2022-05-31 15:45:00+00:00,128.568,128.586,128.511,128.56
2022-05-31 15:50:00+00:00,128.562,128.571,128.51,128.571
2022-05-31 15:55:00+00:00,128.573,128.584,128.52,128.537
2022-05-31 16:00:00+00:00,128.537,128.561,128.5,128.517
2022-05-31 16:05:00+00:00,128.525,128.554,128.475,128.539
2022-05-31 16:10:00+00:00,128.545,128.575,128.529,128.534
2022-05-31 16:15:00+00:00,128.536,128.553,128.495,128.55
2022-05-31 16:20:00+00:00,128.547,128.599,128.532,128.586
2022-05-31 16:25:00+00:00,128.596,128.604,128.58,128.591
2022-05-31 16:30:00+00:00,128.594,128.621,128.58,128.612
2022-05-31 16:35:00+00:00,128.611,128.613,128.56,128.584
2022-05-31 16:40:00+00:00,128.587,128.592,128.568,128.578
2022-05-31 16:45:00+00:00,128.58,128.591,128.54,128.55
2022-05-31 16:50:00+00:00,128.554,128.575,128.53,128.539
2022-05-31 16:55:00+00:00,128.54,128.563,128.51,128.549
2022-05-31 17:00:00+00:00,128.55,128.56,128.51,128.543
2022-05-31 17:05:00+00:00,128.546,128.557,128.53,128.539
2022-05-31 17:10:00+00:00,128.542,128.548,128.5,128.535
2022-05-31 17:15:00+00:00,128.538,128.538,128.5,128.504
2022-05-31 17:20:00+00:00,128.505,128.511,128.46,128.47
2022-05-31 17:25:00+00:00,128.469,128.496,128.463,128.483
2022-05-31 17:30:00+00:00,128.484,128.526,128.48,128.505
2022-05-31 17:35:00+00:00,128.502,128.526,128.48,128.522
2022-05-31 17:40:00+00:00,128.524,128.546,128.492,128.538
2022-05-31 17:45:00+00:00,128.54,128.58,128.525,128.562
2022-05-31 17:50:00+00:00,128.561,128.615,128.557,128.6
2022-05-31 17:55:00+00:00,128.604,128.645,128.6,128.619
2022-05-31 18:00:00+00:00,128.618,128.631,128.57,128.594
2022-05-31 18:05:00+00:00,128.594,128.602,128.57,128.593
2022-05-31 18:10:00+00:00,128.592,128.612,128.57,128.595
2022-05-31 18:15:00+00:00,128.6,128.604,128.58,128.587
2022-05-31 18:20:00+00:00,128.602,128.652,128.585,128.628
2022-05-31 18:25:00+00:00,128.626,128.628,128.598,128.602
2022-05-31 18:30:00+00:00,128.61,128.643,128.602,128.607
2022-05-31 18:35:00+00:00,128.608,128.634,128.55,128.634
2022-05-31 18:40:00+00:00,128.633,128.634,128.598,128.625
2022-05-31 18:45:00+00:00,128.624,128.633,128.614,128.627
2022-05-31 18:50:00+00:00,128.63,128.653,128.623,128.644
2022-05-31 18:55:00+00:00,128.644,128.657,128.63,128.637
2022-05-31 19:00:00+00:00,128.64,128.674,128.636,128.659
2022-05-31 19:05:00+00:00,128.657,128.662,128.637,128.643
2022-05-31 19:10:00+00:00,128.649,128.667,128.636,128.652
2022-05-31 19:15:00+00:00,128.651,128.662,128.644,128.653
2022-05-31 19:20:00+00:00,128.643,128.685,128.62,128.676
2022-05-31 19:25:00+00:00,128.676,128.712,128.661,128.703
2022-05-31 19:30:00+00:00,128.7,128.704,128.683,128.697
2022-05-31 19:35:00+00:00,128.692,128.706,128.65,128.668
2022-05-31 19:40:00+00:00,128.67,128.693,128.667,128.675
2022-05-31 19:45:00+00:00,128.675,128.69,128.67,128.684
2022-05-31 19:50:00+00:00,128.683,128.778,128.681,128.743
2022-05-31 19:55:00+00:00,128.745,128.766,128.718,128.72
2022-05-31 20:00:00+00:00,128.716,128.736,128.67,128.693
2022-05-31 20:05:00+00:00,128.693,128.742,128.681,128.714
2022-05-31 20:10:00+00:00,128.716,128.733,128.705,128.721
2022-05-31 20:15:00+00:00,128.72,128.721,128.702,128.72
2022-05-31 20:20:00+00:00,128.72,128.744,128.718,128.729
2022-05-31 20:25:00+00:00,128.731,128.732,128.69,128.708
2022-05-31 20:30:00+00:00,128.707,128.718,128.693,128.711
2022-05-31 20:35:00+00:00,128.712,128.725,128.709,128.724
2022-05-31 20:40:00+00:00,128.723,128.74,128.7,128.719
2022-05-31 20:45:00+00:00,128.723,128.729,128.7,128.708
2022-05-31 20:50:00+00:00,128.707,128.711,128.699,128.7
2022-05-31 20:55:00+00:00,128.7,128.705,128.63,128.66
2022-05-31 21:00:00+00:00,128.675,128.682,128.626,128.66
2022-05-31 21:05:00+00:00,128.656,128.694,128.656,128.685
2022-05-31 21:10:00+00:00,128.673,128.704,128.668,128.687
2022-05-31 21:15:00+00:00,128.695,128.705,128.686,128.699
2022-05-31 21:20:00+00:00,128.7,128.71,128.688,128.698
2022-05-31 21:25:00+00:00,128.699,128.702,128.689,128.698
2022-05-31 21:30:00+00:00,128.7,128.709,128.681,128.699
2022-05-31 21:35:00+00:00,128.694,128.701,128.688,128.692
2022-05-31 21:40:00+00:00,128.693,128.703,128.677,128.689
2022-05-31 21:45:00+00:00,128.677,128.695,128.674,128.689
2022-05-31 21:50:00+00:00,128.687,128.693,128.675,128.69
2022-05-31 21:55:00+00:00,128.687,128.699,128.677,128.694
2022-05-31 22:00:00+00:00,128.699,128.707,128.676,128.688
2022-05-31 22:05:00+00:00,128.686,128.702,128.679,128.701
2022-05-31 22:10:00+00:00,128.7,128.711,128.695,128.706
2022-05-31 22:15:00+00:00,128.706,128.713,128.67,128.68
2022-05-31 22:20:00+00:00,128.681,128.711,128.67,128.707
2022-05-31 22:25:00+00:00,128.705,128.707,128.669,128.669
2022-05-31 22:30:00+00:00,128.667,128.714,128.656,128.698
2022-05-31 22:35:00+00:00,128.693,128.699,128.65,128.677
2022-05-31 22:40:00+00:00,128.678,128.764,128.634,128.727
2022-05-31 22:45:00+00:00,128.727,128.751,128.719,128.75
2022-05-31 22:50:00+00:00,128.751,128.756,128.71,128.723
2022-05-31 22:55:00+00:00,128.728,128.765,128.721,128.75
2022-05-31 23:00:00+00:00,128.762,128.763,128.71,128.725
2022-05-31 23:05:00+00:00,128.736,128.755,128.696,128.737
2022-05-31 23:10:00+00:00,128.738,128.747,128.728,128.735
2022-05-31 23:15:00+00:00,128.737,128.744,128.7,128.736
2022-05-31 23:20:00+00:00,128.736,128.747,128.723,128.74
2022-05-31 23:25:00+00:00,128.735,128.76,128.7,128.708
2022-05-31 23:30:00+00:00,128.714,128.714,128.64,128.65
2022-05-31 23:35:00+00:00,128.651,128.674,128.612,128.668
2022-05-31 23:40:00+00:00,128.668,128.724,128.667,128.717
2022-05-31 23:45:00+00:00,128.718,128.733,128.702,128.73
2022-05-31 23:50:00+00:00,128.729,128.731,128.68,128.695
2022-05-31 23:55:00+00:00,128.695,128.738,128.689,128.735
2022-06-01 00:00:00+00:00,128.733,128.854,128.733,128.839
2022-06-01 00:05:00+00:00,128.839,128.904,128.8,128.87
2022-06-01 00:10:00+00:00,128.865,128.928,128.86,128.877
2022-06-01 00:15:00+00:00,128.874,128.911,128.84,128.903
2022-06-01 00:20:00+00:00,128.904,128.904,128.8,128.817
2022-06-01 00:25:00+00:00,128.827,128.898,128.803,128.881
2022-06-01 00:30:00+00:00,128.874,128.935,128.84,128.919
2022-06-01 00:35:00+00:00,128.92,128.922,128.849,128.868
2022-06-01 00:40:00+00:00,128.872,128.876,128.82,128.849
2022-06-01 00:45:00+00:00,128.851,128.885,128.824,128.882
2022-06-01 00:50:00+00:00,128.884,128.934,128.851,128.906
2022-06-01 00:55:00+00:00,128.915,128.956,128.88,128.918
2022-06-01 01:00:00+00:00,128.916,128.944,128.87,128.909
2022-06-01 01:05:00+00:00,128.921,128.979,128.868,128.939
2022-06-01 01:10:00+00:00,128.94,129.006,128.937,128.965
2022-06-01 01:15:00+00:00,128.964,129.148,128.947,129.034
2022-06-01 01:20:00+00:00,129.037,129.077,129.01,129.05
2022-06-01 01:25:00+00:00,129.049,129.093,129.03,129.07
2022-06-01 01:30:00+00:00,129.069,129.185,129.068,129.155
2022-06-01 01:35:00+00:00,129.156,129.186,129.119,129.156
2022-06-01 01:40:00+00:00,129.158,129.158,129.09,129.111
2022-06-01 01:45:00+00:00,129.11,129.114,129.06,129.08
2022-06-01 01:50:00+00:00,129.084,129.119,129.081,129.1
2022-06-01 01:55:00+00:00,129.105,129.113,129.085,129.102
2022-06-01 02:00:00+00:00,129.101,129.102,129.03,129.074
2022-06-01 02:05:00+00:00,129.077,129.121,129.057,129.11
2022-06-01 02:10:00+00:00,129.112,129.155,129.088,129.151
2022-06-01 02:15:00+00:00,129.151,129.161,129.115,129.134
2022-06-01 02:20:00+00:00,129.135,129.135,129.06,129.101
2022-06-01 02:25:00+00:00,129.098,129.104,129.051,129.062
2022-06-01 02:30:00+00:00,129.063,129.079,129.042,129.046
2022-06-01 02:35:00+00:00,129.047,129.054,129.015,129.048
2022-06-01 02:40:00+00:00,129.047,129.06,129.01,129.058
2022-06-01 02:45:00+00:00,129.055,129.071,129.03,129.046
2022-06-01 02:50:00+00:00,129.046,129.055,129.039,129.05
2022-06-01 02:55:00+00:00,129.051,129.052,129.022,129.043
2022-06-01 03:00:00+00:00,129.039,129.047,128.98,129.006
2022-06-01 03:05:00+00:00,129.008,129.009,128.973,128.987
2022-06-01 03:10:00+00:00,128.984,129.014,128.974,129.002
2022-06-01 03:15:00+00:00,129.003,129.065,128.966,129.053
2022-06-01 03:20:00+00:00,129.054,129.072,129.041,129.042
2022-06-01 03:25:00+00:00,129.043,129.055,129.028,129.042
2022-06-01 03:30:00+00:00,129.047,129.057,129.032,129.034
2022-06-01 03:35:00+00:00,129.036,129.095,129.036,129.079
2022-06-01 03:40:00+00:00,129.079,129.095,129.069,129.072
2022-06-01 03:45:00+00:00,129.081,129.105,129.064,129.105
2022-06-01 03:50:00+00:00,129.105,129.138,129.093,129.121
2022-06-01 03:55:00+00:00,129.121,129.152,129.121,129.132
2022-06-01 04:00:00+00:00,129.128,129.23,129.127,129.198
2022-06-01 04:05:00+00:00,129.196,129.206,129.16,129.197
2022-06-01 04:10:00+00:00,129.2,129.204,129.157,129.189
2022-06-01 04:15:00+00:00,129.187,129.22,129.158,129.161
2022-06-01 04:20:00+00:00,129.163,129.163,129.106,129.114
2022-06-01 04:25:00+00:00,129.129,129.145,129.116,129.133
2022-06-01 04:45:00+00:00,129.187,129.203,129.166,129.194
2022-06-01 04:50:00+00:00,129.193,129.227,129.175,129.222
2022-06-01 04:55:00+00:00,129.221,129.251,129.217,129.245
2022-06-01 05:00:00+00:00,129.227,129.242,129.201,129.228
2022-06-01 05:05:00+00:00,129.229,129.295,129.217,129.261
2022-06-01 05:10:00+00:00,129.267,129.29,129.23,129.246
2022-06-01 05:15:00+00:00,129.25,129.256,129.185,129.228
2022-06-01 05:20:00+00:00,129.233,129.253,129.219,129.245
2022-06-01 05:25:00+00:00,129.244,129.249,129.18,129.197
2022-06-01 05:30:00+00:00,129.194,129.23,129.183,129.197
2022-06-01 05:35:00+00:00,129.198,129.241,129.188,129.224
2022-06-01 05:40:00+00:00,129.225,129.28,129.208,129.268
2022-06-01 05:45:00+00:00,129.268,129.271,129.21,129.243
2022-06-01 05:50:00+00:00,129.233,129.257,129.18,129.206
2022-06-01 05:55:00+00:00,129.21,129.235,129.2,129.226
2022-06-01 06:00:00+00:00,129.227,129.251,129.196,129.235
2022-06-01 06:05:00+00:00,129.236,129.257,129.199,129.249
2022-06-01 06:10:00+00:00,129.247,129.275,129.213,129.228
2022-06-01 06:15:00+00:00,129.231,129.284,129.225,129.225
2022-06-01 06:20:00+00:00,129.231,129.244,129.155,129.19
2022-06-01 06:25:00+00:00,129.191,129.246,129.182,129.245
2022-06-01 06:30:00+00:00,129.244,129.265,129.226,129.236
2022-06-01 06:35:00+00:00,129.233,129.271,129.206,129.269
2022-06-01 06:40:00+00:00,129.268,129.403,129.243,129.369
2022-06-01 06:45:00+00:00,129.368,129.369,129.324,129.328
2022-06-01 06:50:00+00:00,129.327,129.381,129.27,129.366
2022-06-01 06:55:00+00:00,129.368,129.413,129.345,129.387
2022-06-01 07:00:00+00:00,129.389,129.429,129.358,129.405
2022-06-01 07:05:00+00:00,129.407,129.456,129.398,129.42
2022-06-01 07:10:00+00:00,129.422,129.447,129.389,129.403
2022-06-01 07:15:00+00:00,129.402,129.45,129.37,129.444
2022-06-01 07:20:00+00:00,129.444,129.509,129.421,129.464
2022-06-01 07:25:00+00:00,129.462,129.487,129.445,129.453
2022-06-01 07:30:00+00:00,129.454,129.475,129.43,129.462
2022-06-01 07:35:00+00:00,129.469,129.544,129.463,129.538
2022-06-01 07:40:00+00:00,129.535,129.538,129.42,129.438
2022-06-01 07:45:00+00:00,129.427,129.439,129.33,129.369
2022-06-01 07:50:00+00:00,129.372,129.404,129.347,129.352
2022-06-01 07:55:00+00:00,129.357,129.409,129.312,129.404
2022-06-01 08:00:00+00:00,129.404,129.428,129.36,129.377
2022-06-01 08:05:00+00:00,129.378,129.383,129.293,129.345
2022-06-01 08:10:00+00:00,129.343,129.361,129.224,129.251
2022-06-01 08:15:00+00:00,129.253,129.329,129.246,129.317
2022-06-01 08:20:00+00:00,129.32,129.384,129.31,129.381
2022-06-01 08:25:00+00:00,129.373,129.419,129.362,129.417
2022-06-01 08:30:00+00:00,129.415,129.464,129.38,129.432
2022-06-01 08:35:00+00:00,129.435,129.476,129.39,129.465
2022-06-01 08:40:00+00:00,129.467,129.479,129.414,129.461
2022-06-01 08:45:00+00:00,129.46,129.476,129.409,129.422
2022-06-01 08:50:00+00:00,129.425,129.46,129.379,129.444
2022-06-01 08:55:00+00:00,129.445,129.487,129.42,129.48
2022-06-01 09:00:00+00:00,129.477,129.49,129.42,129.449
2022-06-01 09:05:00+00:00,129.453,129.454,129.405,129.426
2022-06-01 09:10:00+00:00,129.426,129.45,129.41,129.432
2022-06-01 09:15:00+00:00,129.431,129.432,129.354,129.397
2022-06-01 09:20:00+00:00,129.4,129.471,129.38,129.445
2022-06-01 09:25:00+00:00,129.445,129.446,129.372,129.397
2022-06-01 09:30:00+00:00,129.403,129.424,129.352,129.399
2022-06-01 09:35:00+00:00,129.403,129.41,129.37,129.386
2022-06-01 09:40:00+00:00,129.39,129.39,129.34,129.35
2022-06-01 09:45:00+00:00,129.347,129.355,129.308,129.308
2022-06-01 09:50:00+00:00,129.308,129.335,129.277,129.322
2022-06-01 09:55:00+00:00,129.322,129.371,129.317,129.344
2022-06-01 10:00:00+00:00,129.344,129.357,129.29,129.296
2022-06-01 10:05:00+00:00,129.307,129.344,129.271,129.301
2022-06-01 10:10:00+00:00,129.292,129.337,129.292,129.33
2022-06-01 10:15:00+00:00,129.336,129.392,129.3,129.382
2022-06-01 10:20:00+00:00,129.381,129.403,129.36,129.378
2022-06-01 10:25:00+00:00,129.379,129.393,129.334,129.37
2022-06-01 10:30:00+00:00,129.381,129.406,129.378,129.385
2022-06-01 10:35:00+00:00,129.382,129.394,129.344,129.36
2022-06-01 10:40:00+00:00,129.359,129.41,129.354,129.393
2022-06-01 10:45:00+00:00,129.392,129.437,129.38,129.421
2022-06-01 10:50:00+00:00,129.432,129.462,129.42,129.448
2022-06-01 10:55:00+00:00,129.452,129.452,129.418,129.424
2022-06-01 11:00:00+00:00,129.425,129.463,129.42,129.438
2022-06-01 11:05:00+00:00,129.439,129.462,129.43,129.453
2022-06-01 11:10:00+00:00,129.456,129.479,129.449,129.473
2022-06-01 11:15:00+00:00,129.476,129.511,129.436,129.487
2022-06-01 11:20:00+00:00,129.484,129.615,129.471,129.56
2022-06-01 11:25:00+00:00,129.558,129.588,129.539,129.546
2022-06-01 11:30:00+00:00,129.541,129.577,129.536,129.565
2022-06-01 11:35:00+00:00,129.566,129.607,129.539,129.574
2022-06-01 11:40:00+00:00,129.573,129.579,129.53,129.562
2022-06-01 11:45:00+00:00,129.567,129.612,129.53,129.556
2022-06-01 11:50:00+00:00,129.555,129.563,129.51,129.553
2022-06-01 11:55:00+00:00,129.551,129.566,129.528,129.555
2022-06-01 12:00:00+00:00,129.548,129.552,129.485,129.493
2022-06-01 12:05:00+00:00,129.494,129.495,129.43,129.449
2022-06-01 12:10:00+00:00,129.452,129.478,129.433,129.463
2022-06-01 12:15:00+00:00,129.466,129.503,129.44,129.501
2022-06-01 12:20:00+00:00,129.501,129.528,129.478,129.503
2022-06-01 12:25:00+00:00,129.508,129.55,129.46,129.525
2022-06-01 12:30:00+00:00,129.526,129.553,129.485,129.493
2022-06-01 12:35:00+00:00,129.494,129.513,129.4,129.422
2022-06-01 12:40:00+00:00,129.418,129.427,129.355,129.37
2022-06-01 12:45:00+00:00,129.363,129.402,129.34,129.393
2022-06-01 12:50:00+00:00,129.389,129.418,129.329,129.347
2022-06-01 12:55:00+00:00,129.343,129.378,129.29,129.321
2022-06-01 13:00:00+00:00,129.326,129.336,129.249,129.26
2022-06-01 13:05:00+00:00,129.269,129.286,129.2,129.224
2022-06-01 13:10:00+00:00,129.221,129.325,129.2,129.286
2022-06-01 13:15:00+00:00,129.287,129.311,129.261,129.268
2022-06-01 13:20:00+00:00,129.268,129.357,129.257,129.345
2022-06-01 13:25:00+00:00,129.343,129.359,129.29,129.343
2022-06-01 13:30:00+00:00,129.346,129.419,129.345,129.382
2022-06-01 13:35:00+00:00,129.383,129.448,129.369,129.375
2022-06-01 13:40:00+00:00,129.376,129.384,129.29,129.305
2022-06-01 13:45:00+00:00,129.303,129.311,129.253,129.311
2022-06-01 13:50:00+00:00,129.313,129.375,129.299,129.353
2022-06-01 13:55:00+00:00,129.356,129.387,129.331,129.359
2022-06-01 14:00:00+00:00,129.386,129.696,129.364,129.665
2022-06-01 14:05:00+00:00,129.668,129.705,129.656,129.662
2022-06-01 14:10:00+00:00,129.661,129.835,129.657,129.826
2022-06-01 14:15:00+00:00,129.826,129.885,129.816,129.863
2022-06-01 14:20:00+00:00,129.854,129.918,129.806,129.916
2022-06-01 14:25:00+00:00,129.919,129.985,129.903,129.943
2022-06-01 14:30:00+00:00,129.952,129.97,129.839,129.862
2022-06-01 14:35:00+00:00,129.86,129.886,129.824,129.853
2022-06-01 14:40:00+00:00,129.848,129.887,129.79,129.87
2022-06-01 14:45:00+00:00,129.864,129.882,129.82,129.826
2022-06-01 14:50:00+00:00,129.829,129.954,129.826,129.929
2022-06-01 14:55:00+00:00,129.938,129.973,129.91,129.946
2022-06-01 15:00:00+00:00,129.945,129.97,129.889,129.963
2022-06-01 15:05:00+00:00,129.959,130.024,129.9,129.93
2022-06-01 15:10:00+00:00,129.93,129.989,129.9,129.956
2022-06-01 15:15:00+00:00,129.959,129.976,129.927,129.95
2022-06-01 15:20:00+00:00,129.947,130.019,129.935,129.968
2022-06-01 15:25:00+00:00,129.974,129.976,129.926,129.943
2022-06-01 15:30:00+00:00,129.949,130.047,129.93,129.948
2022-06-01 15:35:00+00:00,129.95,130.016,129.948,129.973
2022-06-01 15:40:00+00:00,129.978,130.055,129.973,130.031
2022-06-01 15:45:00+00:00,130.033,130.134,130.033,130.125
2022-06-01 15:50:00+00:00,130.124,130.127,130.071,130.084
2022-06-01 15:55:00+00:00,130.088,130.116,130.07,130.102
2022-06-01 16:00:00+00:00,130.102,130.112,129.975,130.03
2022-06-01 16:05:00+00:00,130.029,130.073,130.0,130.0
2022-06-01 16:10:00+00:00,130.017,130.038,129.94,129.978
2022-06-01 16:15:00+00:00,129.971,130.005,129.95,129.991
2022-06-01 16:20:00+00:00,129.99,130.0,129.94,129.999
2022-06-01 16:25:00+00:00,130.0,130.028,129.978,130.004
2022-06-01 16:30:00+00:00,130.007,130.045,130.007,130.04
2022-06-01 16:35:00+00:00,130.041,130.096,130.023,130.083
2022-06-01 16:40:00+00:00,130.085,130.119,130.05,130.1
2022-06-01 16:45:00+00:00,130.117,130.122,130.08,130.107
2022-06-01 16:50:00+00:00,130.106,130.128,130.096,130.118
2022-06-01 16:55:00+00:00,130.122,130.136,130.105,130.126
2022-06-01 17:00:00+00:00,130.134,130.16,130.05,130.083
2022-06-01 17:05:00+00:00,130.081,130.104,130.074,130.087
2022-06-01 17:10:00+00:00,130.088,130.135,130.083,130.123
2022-06-01 17:15:00+00:00,130.129,130.151,130.114,130.134
2022-06-01 17:20:00+00:00,130.134,130.142,130.066,130.099
2022-06-01 17:25:00+00:00,130.105,130.145,130.093,130.136
2022-06-01 17:30:00+00:00,130.144,130.161,130.135,130.157
2022-06-01 17:35:00+00:00,130.15,130.174,130.15,130.164
2022-06-01 17:40:00+00:00,130.166,130.17,130.13,130.143
2022-06-01 17:45:00+00:00,130.15,130.162,130.134,130.146
2022-06-01 17:50:00+00:00,130.149,130.15,130.095,130.117
2022-06-01 17:55:00+00:00,130.115,130.17,130.114,130.149
2022-06-01 18:00:00+00:00,130.156,130.157,130.11,130.142
2022-06-01 18:05:00+00:00,130.134,130.171,130.134,130.162
2022-06-01 18:10:00+00:00,130.163,130.173,130.148,130.167
2022-06-01 18:15:00+00:00,130.171,130.182,130.16,130.178
2022-06-01 18:20:00+00:00,130.175,130.181,130.149,130.159
2022-06-01 18:25:00+00:00,130.16,130.177,130.148,130.15
2022-06-01 18:30:00+00:00,130.152,130.155,130.11,130.146
2022-06-01 18:35:00+00:00,130.148,130.148,130.093,130.11
2022-06-01 18:40:00+00:00,130.109,130.116,130.09,130.1
2022-06-01 18:45:00+00:00,130.104,130.132,130.07,130.111
2022-06-01 18:50:00+00:00,130.115,130.125,130.104,130.109
2022-06-01 18:55:00+00:00,130.117,130.137,130.105,130.126
2022-06-01 19:00:00+00:00,130.127,130.184,130.122,130.142
2022-06-01 19:05:00+00:00,130.143,130.16,130.108,130.131
2022-06-01 19:10:00+00:00,130.133,130.149,130.1,130.132
2022-06-01 19:15:00+00:00,130.14,130.167,130.135,130.156
2022-06-01 19:20:00+00:00,130.155,130.162,130.137,130.152
2022-06-01 19:25:00+00:00,130.153,130.173,130.138,130.149
2022-06-01 19:30:00+00:00,130.15,130.156,130.11,130.127
2022-06-01 19:35:00+00:00,130.125,130.145,130.094,130.14
2022-06-01 19:40:00+00:00,130.142,130.149,130.137,130.142
2022-06-01 19:45:00+00:00,130.143,130.16,130.138,130.156
2022-06-01 19:50:00+00:00,130.156,130.169,130.141,130.148
2022-06-01 19:55:00+00:00,130.149,130.175,130.14,130.17
2022-06-01 20:00:00+00:00,130.169,130.188,130.159,130.165
2022-06-01 20:05:00+00:00,130.16,130.164,130.144,130.151
2022-06-01 20:10:00+00:00,130.155,130.171,130.147,130.166
2022-06-01 20:15:00+00:00,130.167,130.17,130.141,130.141
2022-06-01 20:20:00+00:00,130.142,130.167,130.139,130.164
2022-06-01 20:25:00+00:00,130.165,130.169,130.151,130.16
2022-06-01 20:30:00+00:00,130.159,130.162,130.12,130.133
2022-06-01 20:35:00+00:00,130.134,130.154,130.129,130.15
2022-06-01 20:40:00+00:00,130.15,130.16,130.139,130.148
2022-06-01 20:45:00+00:00,130.146,130.155,130.139,130.148
2022-06-01 20:50:00+00:00,130.147,130.167,130.103,130.148
2022-06-01 20:55:00+00:00,130.159,130.17,130.11,130.149
2022-06-01 21:00:00+00:00,130.149,130.149,130.083,130.144
2022-06-01 21:05:00+00:00,130.12,130.153,130.108,130.131
2022-06-01 21:10:00+00:00,130.136,130.154,130.127,130.133
2022-06-01 21:15:00+00:00,130.131,130.151,130.13,130.138
2022-06-01 21:20:00+00:00,130.135,130.152,130.13,130.137
2022-06-01 21:25:00+00:00,130.137,130.149,130.132,130.135
2022-06-01 21:30:00+00:00,130.137,130.159,130.133,130.148
2022-06-01 21:35:00+00:00,130.154,130.17,130.138,130.17
2022-06-01 21:40:00+00:00,130.162,130.164,130.13,130.138
2022-06-01 21:45:00+00:00,130.138,130.152,130.13,130.139
2022-06-01 21:50:00+00:00,130.139,130.146,130.13,130.142
2022-06-01 21:55:00+00:00,130.14,130.143,130.13,130.137
2022-06-01 22:00:00+00:00,130.139,130.144,130.117,130.129
2022-06-01 22:05:00+00:00,130.129,130.188,130.12,130.179
2022-06-01 22:10:00+00:00,130.179,130.19,130.16,130.186
2022-06-01 22:15:00+00:00,130.188,130.192,130.164,130.17
2022-06-01 22:20:00+00:00,130.17,130.176,130.15,130.157
2022-06-01 22:25:00+00:00,130.152,130.162,130.14,130.153
2022-06-01 22:30:00+00:00,130.158,130.163,130.145,130.151
2022-06-01 22:35:00+00:00,130.153,130.153,130.11,130.13
2022-06-01 22:40:00+00:00,130.13,130.132,130.102,130.111
2022-06-01 22:45:00+00:00,130.118,130.122,130.103,130.108
2022-06-01 22:50:00+00:00,130.11,130.114,130.08,130.11
2022-06-01 22:55:00+00:00,130.112,130.118,130.107,130.113
2022-06-01 23:00:00+00:00,130.115,130.123,130.09,130.119
2022-06-01 23:05:00+00:00,130.109,130.152,130.109,130.151
2022-06-01 23:10:00+00:00,130.152,130.164,130.142,130.151
2022-06-01 23:15:00+00:00,130.152,130.19,130.144,130.176
2022-06-01 23:20:00+00:00,130.177,130.24,130.132,130.222
2022-06-01 23:25:00+00:00,130.223,130.226,130.137,130.14
2022-06-01 23:30:00+00:00,130.139,130.161,130.138,130.148
2022-06-01 23:35:00+00:00,130.151,130.185,130.147,130.181
2022-06-01 23:40:00+00:00,130.18,130.181,130.137,130.14
2022-06-01 23:45:00+00:00,130.138,130.198,130.138,130.189
2022-06-01 23:50:00+00:00,130.192,130.198,130.131,130.148
2022-06-01 23:55:00+00:00,130.148,130.157,130.11,130.125
2022-06-02 00:00:00+00:00,130.121,130.218,130.046,130.062
2022-06-02 00:05:00+00:00,130.063,130.101,129.969,130.026
2022-06-02 00:10:00+00:00,130.025,130.062,129.99,130.051
2022-06-02 00:15:00+00:00,130.05,130.062,129.992,130.046
2022-06-02 00:20:00+00:00,130.045,130.046,129.96,130.007
2022-06-02 00:25:00+00:00,130.006,130.043,129.93,129.959
2022-06-02 00:30:00+00:00,129.962,129.975,129.9,129.924
2022-06-02 00:35:00+00:00,129.928,129.976,129.886,129.924
2022-06-02 00:40:00+00:00,129.924,129.938,129.87,129.902
2022-06-02 00:45:00+00:00,129.901,129.99,129.893,129.989
2022-06-02 00:50:00+00:00,129.988,130.045,129.94,130.033
2022-06-02 00:55:00+00:00,130.035,130.061,129.989,130.04
2022-06-02 01:00:00+00:00,130.038,130.109,130.02,130.068
2022-06-02 01:05:00+00:00,130.069,130.072,130.035,130.044
2022-06-02 01:10:00+00:00,130.046,130.086,130.008,130.044
2022-06-02 01:15:00+00:00,130.044,130.095,130.041,130.063
2022-06-02 01:20:00+00:00,130.071,130.095,129.98,130.081
2022-06-02 01:25:00+00:00,130.083,130.101,130.059,130.066
2022-06-02 01:30:00+00:00,130.065,130.074,130.022,130.071
2022-06-02 01:35:00+00:00,130.068,130.097,130.062,130.091
2022-06-02 01:40:00+00:00,130.087,130.097,130.056,130.07
2022-06-02 01:45:00+00:00,130.069,130.085,130.036,130.038
2022-06-02 01:50:00+00:00,130.043,130.054,130.022,130.039
2022-06-02 01:55:00+00:00,130.042,130.051,129.98,129.993
2022-06-02 02:00:00+00:00,129.994,130.008,129.908,129.927
2022-06-02 02:05:00+00:00,129.927,129.958,129.89,129.925
2022-06-02 02:10:00+00:00,129.924,129.949,129.902,129.91
2022-06-02 02:15:00+00:00,129.911,129.96,129.91,129.948
2022-06-02 02:20:00+00:00,129.948,130.013,129.941,130.001
2022-06-02 02:25:00+00:00,130.0,130.005,129.978,129.981
2022-06-02 02:30:00+00:00,129.982,130.082,129.978,130.067
2022-06-02 02:35:00+00:00,130.074,130.117,130.058,130.1
2022-06-02 02:40:00+00:00,130.1,130.132,130.08,130.121
2022-06-02 02:45:00+00:00,130.122,130.133,130.087,130.122
2022-06-02 02:50:00+00:00,130.13,130.143,130.086,130.101
2022-06-02 02:55:00+00:00,130.099,130.141,130.097,130.129
2022-06-02 03:00:00+00:00,130.135,130.137,130.09,130.113
2022-06-02 03:05:00+00:00,130.119,130.132,130.09,130.103
2022-06-02 03:10:00+00:00,130.105,130.116,130.096,130.1
2022-06-02 03:15:00+00:00,130.099,130.138,130.095,130.126
2022-06-02 03:20:00+00:00,130.128,130.132,130.112,130.121
2022-06-02 03:25:00+00:00,130.122,130.123,130.084,130.089
2022-06-02 03:30:00+00:00,130.086,130.113,130.06,130.094
2022-06-02 03:35:00+00:00,130.099,130.101,130.045,130.058
2022-06-02 03:40:00+00:00,130.057,130.079,130.049,130.063
2022-06-02 03:45:00+00:00,130.064,130.08,130.046,130.048
2022-06-02 03:50:00+00:00,130.05,130.076,130.05,130.07
2022-06-02 03:55:00+00:00,130.069,130.088,130.064,130.084
2022-06-02 04:00:00+00:00,130.084,130.092,130.01,130.027
2022-06-02 04:05:00+00:00,130.025,130.036,130.001,130.011
2022-06-02 04:10:00+00:00,130.01,130.038,129.98,130.004
2022-06-02 04:15:00+00:00,130.004,130.049,129.997,130.034
2022-06-02 04:20:00+00:00,130.033,130.044,130.012,130.031
2022-06-02 04:25:00+00:00,130.032,130.046,130.021,130.043
2022-06-02 04:30:00+00:00,130.041,130.053,129.99,130.017
2022-06-02 04:35:00+00:00,130.016,130.052,130.009,130.045
2022-06-02 04:40:00+00:00,130.044,130.063,130.04,130.047
2022-06-02 04:45:00+00:00,130.051,130.051,130.031,130.036
2022-06-02 04:50:00+00:00,130.032,130.042,130.0,130.04
2022-06-02 04:55:00+00:00,130.041,130.064,130.01,130.053
2022-06-02 05:00:00+00:00,130.053,130.088,130.052,130.073
2022-06-02 05:05:00+00:00,130.072,130.089,130.036,130.037
2022-06-02 05:10:00+00:00,130.038,130.041,129.99,130.011
2022-06-02 05:15:00+00:00,130.013,130.028,129.95,129.969
2022-06-02 05:20:00+00:00,129.976,130.016,129.961,130.014
2022-06-02 05:25:00+00:00,130.015,130.054,129.997,130.044
2022-06-02 05:30:00+00:00,130.04,130.053,130.028,130.037
2022-06-02 05:35:00+00:00,130.039,130.047,129.973,130.022
2022-06-02 05:40:00+00:00,130.025,130.05,130.012,130.043
2022-06-02 05:45:00+00:00,130.044,130.05,130.0,130.026
2022-06-02 05:50:00+00:00,130.028,130.065,130.021,130.055
2022-06-02 05:55:00+00:00,130.057,130.058,130.025,130.028
2022-06-02 06:00:00+00:00,130.033,130.043,129.944,129.961
2022-06-02 06:05:00+00:00,129.961,129.963,129.92,129.93
2022-06-02 06:10:00+00:00,129.931,129.973,129.922,129.961
2022-06-02 06:15:00+00:00,129.973,129.986,129.953,129.957
2022-06-02 06:20:00+00:00,129.956,129.964,129.919,129.943
2022-06-02 06:25:00+00:00,129.94,129.946,129.91,129.924
2022-06-02 06:30:00+00:00,129.922,129.929,129.825,129.826
2022-06-02 06:35:00+00:00,129.829,129.89,129.81,129.878
2022-06-02 06:40:00+00:00,129.88,129.895,129.86,129.878
2022-06-02 06:45:00+00:00,129.877,129.907,129.859,129.896
2022-06-02 06:50:00+00:00,129.899,129.923,129.876,129.884
2022-06-02 06:55:00+00:00,129.884,129.885,129.834,129.849
2022-06-02 07:00:00+00:00,129.838,129.877,129.765,129.818
2022-06-02 07:05:00+00:00,129.822,129.933,129.815,129.913
2022-06-02 07:10:00+00:00,129.914,129.945,129.89,129.938
2022-06-02 07:15:00+00:00,129.939,129.963,129.934,129.96
2022-06-02 07:20:00+00:00,129.959,129.961,129.87,129.883
2022-06-02 07:25:00+00:00,129.884,129.906,129.86,129.895
2022-06-02 07:30:00+00:00,129.897,129.946,129.892,129.91
2022-06-02 07:35:00+00:00,129.912,129.918,129.856,129.862
2022-06-02 07:40:00+00:00,129.867,129.888,129.825,129.836
2022-06-02 07:45:00+00:00,129.837,129.876,129.832,129.869
2022-06-02 07:50:00+00:00,129.867,129.895,129.863,129.87
2022-06-02 07:55:00+00:00,129.871,129.902,129.858,129.891
2022-06-02 08:00:00+00:00,129.895,129.923,129.867,129.885
2022-06-02 08:05:00+00:00,129.885,129.897,129.858,129.862
2022-06-02 08:10:00+00:00,129.861,129.917,129.83,129.912
2022-06-02 08:15:00+00:00,129.912,129.948,129.902,129.94
2022-06-02 08:20:00+00:00,129.935,129.965,129.92,129.949
2022-06-02 08:25:00+00:00,129.949,129.95,129.91,129.919
2022-06-02 08:30:00+00:00,129.919,129.932,129.88,129.912
2022-06-02 08:35:00+00:00,129.914,129.954,129.906,129.932
2022-06-02 08:40:00+00:00,129.926,129.952,129.907,129.932
2022-06-02 08:45:00+00:00,129.935,129.937,129.918,129.927
2022-06-02 08:50:00+00:00,129.925,129.936,129.868,129.885
2022-06-02 08:55:00+00:00,129.889,129.904,129.86,129.892
2022-06-02 09:00:00+00:00,129.893,129.908,129.86,129.877
2022-06-02 09:05:00+00:00,129.877,129.881,129.83,129.852
2022-06-02 09:10:00+00:00,129.848,129.871,129.809,129.822
2022-06-02 09:15:00+00:00,129.824,129.824,129.791,129.805
2022-06-02 09:20:00+00:00,129.807,129.855,129.802,129.828
2022-06-02 09:25:00+00:00,129.823,129.847,129.8,129.808
2022-06-02 09:30:00+00:00,129.809,129.811,129.7,129.728
2022-06-02 09:35:00+00:00,129.727,129.74,129.708,129.709
2022-06-02 09:40:00+00:00,129.712,129.746,129.651,129.714
2022-06-02 09:45:00+00:00,129.711,129.779,129.711,129.77
2022-06-02 09:50:00+00:00,129.772,129.787,129.735,129.741
2022-06-02 09:55:00+00:00,129.74,129.771,129.73,129.757
2022-06-02 10:00:00+00:00,129.77,129.84,129.761,129.816
2022-06-02 10:05:00+00:00,129.813,129.827,129.78,129.799
2022-06-02 10:10:00+00:00,129.799,129.806,129.785,129.792
2022-06-02 10:15:00+00:00,129.79,129.816,129.77,129.8
2022-06-02 10:20:00+00:00,129.802,129.802,129.731,129.781
2022-06-02 10:25:00+00:00,129.779,129.79,129.73,129.78
2022-06-02 10:30:00+00:00,129.774,129.781,129.74,129.756
2022-06-02 10:35:00+00:00,129.759,129.796,129.755,129.76
2022-06-02 10:40:00+00:00,129.763,129.763,129.74,129.755
2022-06-02 10:45:00+00:00,129.756,129.772,129.741,129.751
2022-06-02 10:50:00+00:00,129.751,129.752,129.705,129.723
2022-06-02 10:55:00+00:00,129.72,129.727,129.703,129.713
2022-06-02 11:00:00+00:00,129.722,129.764,129.706,129.749
2022-06-02 11:05:00+00:00,129.748,129.757,129.712,129.737
2022-06-02 11:10:00+00:00,129.729,129.75,129.717,129.723
2022-06-02 11:15:00+00:00,129.727,129.727,129.63,129.669
2022-06-02 11:20:00+00:00,129.671,129.675,129.63,129.653
2022-06-02 11:25:00+00:00,129.651,129.656,129.61,129.634
2022-06-02 11:30:00+00:00,129.633,129.674,129.609,129.66
2022-06-02 11:35:00+00:00,129.662,129.698,129.62,129.688
2022-06-02 11:40:00+00:00,129.687,129.699,129.647,129.679
2022-06-02 11:45:00+00:00,129.678,129.685,129.64,129.659
2022-06-02 11:50:00+00:00,129.662,129.688,129.62,129.669
2022-06-02 11:55:00+00:00,129.658,129.683,129.651,129.674
2022-06-02 12:00:00+00:00,129.674,129.708,129.579,129.635
2022-06-02 12:05:00+00:00,129.637,129.681,129.603,129.68
2022-06-02 12:10:00+00:00,129.678,129.753,129.673,129.745
2022-06-02 12:15:00+00:00,129.736,129.749,129.557,129.672
2022-06-02 12:20:00+00:00,129.684,129.699,129.589,129.622
2022-06-02 12:25:00+00:00,129.616,129.67,129.594,129.619
2022-06-02 12:30:00+00:00,129.633,129.75,129.616,129.73
2022-06-02 12:35:00+00:00,129.725,129.733,129.647,129.664
2022-06-02 12:40:00+00:00,129.661,129.696,129.62,129.647
2022-06-02 12:45:00+00:00,129.649,129.668,129.585,129.628
2022-06-02 12:50:00+00:00,129.627,129.627,129.482,129.575
2022-06-02 12:55:00+00:00,129.571,129.663,129.565,129.646
2022-06-02 13:00:00+00:00,129.641,129.757,129.62,129.737
2022-06-02 13:05:00+00:00,129.739,129.743,129.642,129.694
2022-06-02 13:10:00+00:00,129.694,129.756,129.67,129.72
2022-06-02 13:15:00+00:00,129.721,129.759,129.685,129.697
2022-06-02 13:20:00+00:00,129.696,129.706,129.661,129.692
2022-06-02 13:25:00+00:00,129.687,129.699,129.658,129.67
2022-06-02 13:30:00+00:00,129.67,129.749,129.64,129.742
2022-06-02 13:35:00+00:00,129.741,129.775,129.7,129.736
2022-06-02 13:40:00+00:00,129.732,129.822,129.7,129.82
2022-06-02 13:45:00+00:00,129.822,129.917,129.78,129.911
2022-06-02 13:50:00+00:00,129.907,129.952,129.88,129.927
2022-06-02 13:55:00+00:00,129.93,129.981,129.894,129.942
2022-06-02 14:00:00+00:00,129.947,129.977,129.915,129.95
2022-06-02 14:05:00+00:00,129.951,129.985,129.92,129.96
2022-06-02 14:10:00+00:00,129.971,129.974,129.844,129.884
2022-06-02 14:15:00+00:00,129.89,129.954,129.861,129.944
2022-06-02 14:20:00+00:00,129.955,129.982,129.9,129.945
2022-06-02 14:25:00+00:00,129.967,130.041,129.947,129.997
2022-06-02 14:30:00+00:00,129.996,129.999,129.919,129.925
2022-06-02 14:35:00+00:00,129.917,129.956,129.86,129.878
2022-06-02 14:40:00+00:00,129.879,129.914,129.85,129.869
2022-06-02 14:45:00+00:00,129.871,129.909,129.848,129.879
2022-06-02 14:50:00+00:00,129.88,129.902,129.82,129.89
2022-06-02 14:55:00+00:00,129.89,129.89,129.809,129.843
2022-06-02 15:00:00+00:00,129.844,129.866,129.738,129.74
2022-06-02 15:05:00+00:00,129.739,129.789,129.706,129.741
2022-06-02 15:10:00+00:00,129.732,129.759,129.693,129.739
2022-06-02 15:15:00+00:00,129.744,129.765,129.727,129.745
2022-06-02 15:20:00+00:00,129.743,129.768,129.71,129.758
2022-06-02 15:25:00+00:00,129.762,129.808,129.742,129.804
2022-06-02 15:30:00+00:00,129.804,129.834,129.775,129.812
2022-06-02 15:35:00+00:00,129.814,129.833,129.799,129.825
2022-06-02 15:40:00+00:00,129.823,129.861,129.818,129.856
2022-06-02 15:45:00+00:00,129.854,129.862,129.828,129.847
2022-06-02 15:50:00+00:00,129.848,129.849,129.787,129.813
2022-06-02 15:55:00+00:00,129.803,129.847,129.801,129.838
2022-06-02 16:00:00+00:00,129.839,129.858,129.824,129.844
2022-06-02 16:05:00+00:00,129.843,129.843,129.76,129.791
2022-06-02 16:10:00+00:00,129.778,129.79,129.746,129.761
2022-06-02 16:15:00+00:00,129.761,129.782,129.75,129.767
2022-06-02 16:20:00+00:00,129.767,129.767,129.73,129.738
2022-06-02 16:25:00+00:00,129.737,129.757,129.717,129.73
2022-06-02 16:30:00+00:00,129.729,129.786,129.71,129.768
2022-06-02 16:35:00+00:00,129.777,129.804,129.772,129.795
2022-06-02 16:40:00+00:00,129.786,129.824,129.786,129.823
2022-06-02 16:45:00+00:00,129.819,129.822,129.797,129.799
2022-06-02 16:50:00+00:00,129.8,129.8,129.77,129.78
2022-06-02 16:55:00+00:00,129.773,129.783,129.753,129.78
2022-06-02 17:00:00+00:00,129.776,129.833,129.769,129.83
2022-06-02 17:05:00+00:00,129.835,129.844,129.822,129.829
2022-06-02 17:10:00+00:00,129.841,129.847,129.825,129.838
2022-06-02 17:15:00+00:00,129.836,129.865,129.831,129.85
2022-06-02 17:20:00+00:00,129.849,129.852,129.81,129.847
2022-06-02 17:25:00+00:00,129.849,129.863,129.833,129.843
2022-06-02 17:30:00+00:00,129.844,129.866,129.828,129.852
2022-06-02 17:35:00+00:00,129.864,129.882,129.84,129.873
2022-06-02 17:40:00+00:00,129.876,129.88,129.8,129.816
2022-06-02 17:45:00+00:00,129.818,129.848,129.817,129.832
2022-06-02 17:50:00+00:00,129.83,129.87,129.83,129.851
2022-06-02 17:55:00+00:00,129.849,129.849,129.81,129.829
2022-06-02 18:00:00+00:00,129.836,129.858,129.825,129.838
2022-06-02 18:05:00+00:00,129.835,129.837,129.808,129.813
2022-06-02 18:10:00+00:00,129.815,129.826,129.78,129.795
2022-06-02 18:15:00+00:00,129.794,129.804,129.75,129.796
2022-06-02 18:20:00+00:00,129.791,129.801,129.778,129.793
2022-06-02 18:25:00+00:00,129.792,129.802,129.76,129.799
2022-06-02 18:30:00+00:00,129.8,129.822,129.795,129.813
2022-06-02 18:35:00+00:00,129.813,129.83,129.799,129.828
2022-06-02 18:40:00+00:00,129.825,129.852,129.796,129.845
2022-06-02 18:45:00+00:00,129.844,129.863,129.828,129.847
2022-06-02 18:50:00+00:00,129.849,129.858,129.84,129.844
2022-06-02 18:55:00+00:00,129.849,129.866,129.81,129.856
2022-06-02 19:00:00+00:00,129.858,129.866,129.835,129.841
2022-06-02 19:05:00+00:00,129.835,129.856,129.83,129.845
2022-06-02 19:10:00+00:00,129.852,129.867,129.84,129.854
2022-06-02 19:15:00+00:00,129.857,129.878,129.83,129.876
2022-06-02 19:20:00+00:00,129.88,129.88,129.848,129.863
2022-06-02 19:25:00+00:00,129.856,129.863,129.83,129.85
2022-06-02 19:30:00+00:00,129.852,129.866,129.804,129.861
2022-06-02 19:35:00+00:00,129.859,129.865,129.849,129.861
2022-06-02 19:40:00+00:00,129.861,129.872,129.854,129.862
2022-06-02 19:45:00+00:00,129.859,129.871,129.852,129.861
2022-06-02 19:50:00+00:00,129.857,129.871,129.848,129.869
2022-06-02 19:55:00+00:00,129.866,129.873,129.851,129.854
2022-06-02 20:00:00+00:00,129.851,129.863,129.846,129.853
2022-06-02 20:05:00+00:00,129.849,129.866,129.849,129.856
2022-06-02 20:10:00+00:00,129.856,129.859,129.85,129.858
2022-06-02 20:15:00+00:00,129.858,129.87,129.857,129.87
2022-06-02 20:20:00+00:00,129.87,129.872,129.83,129.851
2022-06-02 20:25:00+00:00,129.853,129.856,129.84,129.842
2022-06-02 20:30:00+00:00,129.842,129.863,129.81,129.85
2022-06-02 20:35:00+00:00,129.85,129.86,129.83,129.85
2022-06-02 20:40:00+00:00,129.851,129.866,129.811,129.86
2022-06-02 20:45:00+00:00,129.857,129.862,129.832,129.836
2022-06-02 20:50:00+00:00,129.839,129.862,129.839,129.846
2022-06-02 20:55:00+00:00,129.851,129.904,129.669,129.876
2022-06-02 21:00:00+00:00,129.876,129.876,129.789,129.847
2022-06-02 21:05:00+00:00,129.834,129.854,129.808,129.828
2022-06-02 21:10:00+00:00,129.84,129.86,129.819,129.833
2022-06-02 21:15:00+00:00,129.831,129.858,129.819,129.84
2022-06-02 21:20:00+00:00,129.84,129.861,129.836,129.861
2022-06-02 21:25:00+00:00,129.859,129.881,129.809,129.856
2022-06-02 21:30:00+00:00,129.841,129.869,129.828,129.865
2022-06-02 21:35:00+00:00,129.849,129.871,129.849,129.864
2022-06-02 21:40:00+00:00,129.851,129.871,129.851,129.864
2022-06-02 21:45:00+00:00,129.858,129.874,129.854,129.86
2022-06-02 21:50:00+00:00,129.866,129.871,129.854,129.865
2022-06-02 21:55:00+00:00,129.86,129.87,129.846,129.862
2022-06-02 22:00:00+00:00,129.866,129.901,129.859,129.893
2022-06-02 22:05:00+00:00,129.892,129.896,129.851,129.861
2022-06-02 22:10:00+00:00,129.861,129.862,129.836,129.849
2022-06-02 22:15:00+00:00,129.852,129.862,129.83,129.858
2022-06-02 22:20:00+00:00,129.853,129.871,129.853,129.861
2022-06-02 22:25:00+00:00,129.856,129.871,129.851,129.86
2022-06-02 22:30:00+00:00,129.871,129.896,129.855,129.863
2022-06-02 22:35:00+00:00,129.867,129.869,129.844,129.845
2022-06-02 22:40:00+00:00,129.848,129.882,129.825,129.859
2022-06-02 22:45:00+00:00,129.866,129.892,129.844,129.888
2022-06-02 22:50:00+00:00,129.888,129.894,129.868,129.89
2022-06-02 22:55:00+00:00,129.893,129.895,129.854,129.881
2022-06-02 23:00:00+00:00,129.88,129.885,129.863,129.867
2022-06-02 23:05:00+00:00,129.869,129.888,129.864,129.886
2022-06-02 23:10:00+00:00,129.881,129.908,129.873,129.9
2022-06-02 23:15:00+00:00,129.899,129.914,129.88,129.902
2022-06-02 23:20:00+00:00,129.903,129.928,129.875,129.927
2022-06-02 23:25:00+00:00,129.931,129.933,129.909,129.922
2022-06-02 23:30:00+00:00,129.922,129.929,129.876,129.928
2022-06-02 23:35:00+00:00,129.925,129.956,129.925,129.947
2022-06-02 23:40:00+00:00,129.947,129.96,129.938,129.942
2022-06-02 23:45:00+00:00,129.943,129.954,129.91,129.947
2022-06-02 23:50:00+00:00,129.948,129.964,129.904,129.917
2022-06-02 23:55:00+00:00,129.918,129.95,129.904,129.937
2022-06-03 00:00:00+00:00,129.935,130.03,129.929,130.0
2022-06-03 00:05:00+00:00,129.999,130.041,129.981,129.994
2022-06-03 00:10:00+00:00,129.993,129.996,129.956,129.962
2022-06-03 00:15:00+00:00,129.962,130.006,129.959,129.976
2022-06-03 00:20:00+00:00,129.977,129.997,129.892,129.903
2022-06-03 00:25:00+00:00,129.904,129.92,129.884,129.913
2022-06-03 00:30:00+00:00,129.914,129.935,129.844,129.854
2022-06-03 00:35:00+00:00,129.855,129.868,129.817,129.864
2022-06-03 00:40:00+00:00,129.861,129.876,129.79,129.805
2022-06-03 00:45:00+00:00,129.807,129.837,129.77,129.794
2022-06-03 00:50:00+00:00,129.796,129.839,129.741,129.788
2022-06-03 00:55:00+00:00,129.781,129.789,129.696,129.753
2022-06-03 01:00:00+00:00,129.752,129.85,129.752,129.767
2022-06-03 01:05:00+00:00,129.761,129.791,129.748,129.785
2022-06-03 01:10:00+00:00,129.785,129.826,129.778,129.808
2022-06-03 01:15:00+00:00,129.807,129.811,129.746,129.778
2022-06-03 01:20:00+00:00,129.778,129.786,129.718,129.722
2022-06-03 01:25:00+00:00,129.726,129.77,129.684,129.763
2022-06-03 01:30:00+00:00,129.761,129.833,129.761,129.812
2022-06-03 01:35:00+00:00,129.826,129.833,129.788,129.799
2022-06-03 01:40:00+00:00,129.801,129.813,129.751,129.759
2022-06-03 01:45:00+00:00,129.76,129.794,129.754,129.772
2022-06-03 01:50:00+00:00,129.777,129.796,129.762,129.762
2022-06-03 01:55:00+00:00,129.768,129.775,129.731,129.753
2022-06-03 02:00:00+00:00,129.754,129.804,129.744,129.791
2022-06-03 02:05:00+00:00,129.796,129.831,129.79,129.827
2022-06-03 02:10:00+00:00,129.829,129.83,129.81,129.818
2022-06-03 02:15:00+00:00,129.822,129.83,129.812,129.823
2022-06-03 02:20:00+00:00,129.825,129.835,129.818,129.825
2022-06-03 02:25:00+00:00,129.825,129.828,129.8,129.803
2022-06-03 02:30:00+00:00,129.806,129.852,129.78,129.851
2022-06-03 02:35:00+00:00,129.851,129.872,129.816,129.836
2022-06-03 02:40:00+00:00,129.836,129.856,129.821,129.831
2022-06-03 02:45:00+00:00,129.803,129.812,129.748,129.767
2022-06-03 02:50:00+00:00,129.765,129.801,129.757,129.786
2022-06-03 02:55:00+00:00,129.789,129.808,129.772,129.8
2022-06-03 03:00:00+00:00,129.802,129.81,129.79,129.791
2022-06-03 03:05:00+00:00,129.795,129.812,129.747,129.782
2022-06-03 03:10:00+00:00,129.783,129.795,129.765,129.777
2022-06-03 03:15:00+00:00,129.784,129.787,129.731,129.738
2022-06-03 03:20:00+00:00,129.743,129.776,129.737,129.762
2022-06-03 03:25:00+00:00,129.765,129.79,129.732,129.755
2022-06-03 03:30:00+00:00,129.754,129.8,129.748,129.788
2022-06-03 03:35:00+00:00,129.788,129.81,129.778,129.793
2022-06-03 03:40:00+00:00,129.792,129.847,129.787,129.836
2022-06-03 03:45:00+00:00,129.834,129.851,129.794,129.836
2022-06-03 03:50:00+00:00,129.832,129.847,129.827,129.832
2022-06-03 03:55:00+00:00,129.834,129.853,129.83,129.838
2022-06-03 04:00:00+00:00,129.841,129.869,129.82,129.868
2022-06-03 04:05:00+00:00,129.86,129.876,129.847,129.859
2022-06-03 04:10:00+00:00,129.86,129.874,129.85,129.865
2022-06-03 04:15:00+00:00,129.865,129.87,129.848,129.86
2022-06-03 04:20:00+00:00,129.86,129.89,129.842,129.89
2022-06-03 04:25:00+00:00,129.889,129.889,129.871,129.876
2022-06-03 04:30:00+00:00,129.876,129.892,129.865,129.866
2022-06-03 04:35:00+00:00,129.869,129.876,129.864,129.873
2022-06-03 04:40:00+00:00,129.873,129.891,129.864,129.865
2022-06-03 04:45:00+00:00,129.868,129.87,129.838,129.851
2022-06-03 04:50:00+00:00,129.851,129.853,129.813,129.837
2022-06-03 04:55:00+00:00,129.837,129.846,129.826,129.845
2022-06-03 05:00:00+00:00,129.844,129.865,129.838,129.846
2022-06-03 05:05:00+00:00,129.847,129.857,129.839,129.855
2022-06-03 05:10:00+00:00,129.855,129.884,129.849,129.852
2022-06-03 05:15:00+00:00,129.858,129.87,129.845,129.859
2022-06-03 05:20:00+00:00,129.862,129.867,129.829,129.845
2022-06-03 05:25:00+00:00,129.842,129.846,129.798,129.804
2022-06-03 05:30:00+00:00,129.806,129.834,129.802,129.822
2022-06-03 05:35:00+00:00,129.825,129.832,129.81,129.825
2022-06-03 05:40:00+00:00,129.825,129.846,129.799,129.821
2022-06-03 05:45:00+00:00,129.821,129.833,129.802,129.825
2022-06-03 05:50:00+00:00,129.825,129.832,129.805,129.816
2022-06-03 05:55:00+00:00,129.816,129.835,129.801,129.832
2022-06-03 06:00:00+00:00,129.831,129.855,129.808,129.844
2022-06-03 06:05:00+00:00,129.845,129.89,129.845,129.885
2022-06-03 06:10:00+00:00,129.884,129.906,129.866,129.88
2022-06-03 06:15:00+00:00,129.87,129.891,129.85,129.863
2022-06-03 06:20:00+00:00,129.862,129.866,129.847,129.861
2022-06-03 06:30:00+00:00,129.911,129.917,129.893,129.905
2022-06-03 06:40:00+00:00,129.939,129.945,129.916,129.94
2022-06-03 06:45:00+00:00,129.935,129.949,129.91,129.924
2022-06-03 06:50:00+00:00,129.924,129.941,129.876,129.911
2022-06-03 06:55:00+00:00,129.909,129.942,129.882,129.932
2022-06-03 07:00:00+00:00,129.933,130.021,129.915,130.002
2022-06-03 07:05:00+00:00,130.003,130.053,129.98,129.996
2022-06-03 07:10:00+00:00,129.997,130.014,129.96,129.977
2022-06-03 07:15:00+00:00,129.971,129.992,129.954,129.976
2022-06-03 07:20:00+00:00,129.973,129.989,129.928,129.935
2022-06-03 07:25:00+00:00,129.937,129.942,129.834,129.834
2022-06-03 07:30:00+00:00,129.843,129.878,129.82,129.873
2022-06-03 07:35:00+00:00,129.871,129.887,129.853,129.87
2022-06-03 07:40:00+00:00,129.87,129.877,129.839,129.855
2022-06-03 07:45:00+00:00,129.855,129.887,129.843,129.876
2022-06-03 07:50:00+00:00,129.875,129.886,129.865,129.878
2022-06-03 07:55:00+00:00,129.883,129.9,129.84,129.882
2022-06-03 08:00:00+00:00,129.882,129.896,129.86,129.888
2022-06-03 08:05:00+00:00,129.888,129.9,129.861,129.876
2022-06-03 08:10:00+00:00,129.877,129.903,129.834,129.895
2022-06-03 08:15:00+00:00,129.893,129.945,129.86,129.943
2022-06-03 08:20:00+00:00,129.942,129.963,129.931,129.937
2022-06-03 08:25:00+00:00,129.933,129.942,129.9,129.9
2022-06-03 08:30:00+00:00,129.919,129.954,129.902,129.945
2022-06-03 08:35:00+00:00,129.943,129.953,129.934,129.952
2022-06-03 08:40:00+00:00,129.955,129.97,129.948,129.963
2022-06-03 08:45:00+00:00,129.968,129.978,129.94,129.969
2022-06-03 08:50:00+00:00,129.97,129.982,129.948,129.974
2022-06-03 08:55:00+00:00,129.977,129.987,129.959,129.971
2022-06-03 09:00:00+00:00,129.972,129.993,129.934,129.991
2022-06-03 09:05:00+00:00,129.988,130.01,129.983,130.003
2022-06-03 09:10:00+00:00,130.003,130.022,129.99,130.004
2022-06-03 09:15:00+00:00,130.009,130.068,130.005,130.043
2022-06-03 09:20:00+00:00,130.041,130.078,130.02,130.038
2022-06-03 09:25:00+00:00,130.037,130.047,130.01,130.018
2022-06-03 09:30:00+00:00,130.017,130.038,129.999,130.033
2022-06-03 09:35:00+00:00,130.034,130.052,130.01,130.037
2022-06-03 09:40:00+00:00,130.038,130.047,129.992,130.04
2022-06-03 09:45:00+00:00,130.04,130.084,130.033,130.081
2022-06-03 09:50:00+00:00,130.081,130.093,130.06,130.077
2022-06-03 09:55:00+00:00,130.077,130.088,130.066,130.086
2022-06-03 10:00:00+00:00,130.081,130.087,130.06,130.08
2022-06-03 10:05:00+00:00,130.082,130.095,130.064,130.078
2022-06-03 10:10:00+00:00,130.078,130.085,130.04,130.062
2022-06-03 10:15:00+00:00,130.057,130.105,130.049,130.101
2022-06-03 10:20:00+00:00,130.099,130.105,130.069,130.072
2022-06-03 10:25:00+00:00,130.077,130.172,130.071,130.154
2022-06-03 10:30:00+00:00,130.156,130.181,130.121,130.145
2022-06-03 10:35:00+00:00,130.146,130.153,130.102,130.141
2022-06-03 10:40:00+00:00,130.141,130.193,130.136,130.187
2022-06-03 10:45:00+00:00,130.181,130.191,130.168,130.172
2022-06-03 10:50:00+00:00,130.171,130.178,130.138,130.164
2022-06-03 10:55:00+00:00,130.163,130.168,130.136,130.142
2022-06-03 11:00:00+00:00,130.138,130.163,130.08,130.107
2022-06-03 11:05:00+00:00,130.11,130.119,130.09,130.1
2022-06-03 11:10:00+00:00,130.103,130.139,130.09,130.124
2022-06-03 11:15:00+00:00,130.123,130.148,130.1,130.143
2022-06-03 11:20:00+00:00,130.144,130.16,130.091,130.141
2022-06-03 11:25:00+00:00,130.139,130.151,130.091,130.149
2022-06-03 11:30:00+00:00,130.143,130.164,130.114,130.118
2022-06-03 11:35:00+00:00,130.117,130.143,130.1,130.138
2022-06-03 11:40:00+00:00,130.139,130.162,130.084,130.151
2022-06-03 11:45:00+00:00,130.154,130.184,130.142,130.175
2022-06-03 11:50:00+00:00,130.176,130.19,130.139,130.15
2022-06-03 11:55:00+00:00,130.153,130.165,130.12,130.133
2022-06-03 12:00:00+00:00,130.13,130.167,130.127,130.163
2022-06-03 12:05:00+00:00,130.16,130.175,130.13,130.152
2022-06-03 12:10:00+00:00,130.15,130.177,130.09,130.093
2022-06-03 12:15:00+00:00,130.099,130.14,130.07,130.12
2022-06-03 12:20:00+00:00,130.117,130.147,130.07,130.136
2022-06-03 12:25:00+00:00,130.137,130.139,130.085,130.123
2022-06-03 12:30:00+00:00,130.126,130.386,130.091,130.376
2022-06-03 12:35:00+00:00,130.378,130.541,130.378,130.527
2022-06-03 12:40:00+00:00,130.525,130.645,130.483,130.558
2022-06-03 12:45:00+00:00,130.561,130.595,130.45,130.53
2022-06-03 12:50:00+00:00,130.527,130.574,130.454,130.474
2022-06-03 12:55:00+00:00,130.473,130.54,130.46,130.501
2022-06-03 13:00:00+00:00,130.493,130.556,130.468,130.468
2022-06-03 13:05:00+00:00,130.47,130.478,130.39,130.4
2022-06-03 13:10:00+00:00,130.394,130.463,130.39,130.442
2022-06-03 13:15:00+00:00,130.433,130.508,130.415,130.507
2022-06-03 13:20:00+00:00,130.504,130.529,130.46,130.506
2022-06-03 13:25:00+00:00,130.509,130.54,130.42,130.477
2022-06-03 13:30:00+00:00,130.513,130.533,130.473,130.495
2022-06-03 13:35:00+00:00,130.5,130.534,130.45,130.519
2022-06-03 13:40:00+00:00,130.522,130.586,130.501,130.561
2022-06-03 13:45:00+00:00,130.549,130.579,130.51,130.53
2022-06-03 13:50:00+00:00,130.532,130.544,130.45,130.503
2022-06-03 13:55:00+00:00,130.501,130.528,130.478,130.502
2022-06-03 14:00:00+00:00,130.483,130.554,130.473,130.529
2022-06-03 14:05:00+00:00,130.537,130.545,130.474,130.51
2022-06-03 14:10:00+00:00,130.511,130.533,130.466,130.503
2022-06-03 14:15:00+00:00,130.497,130.508,130.466,130.483
2022-06-03 14:20:00+00:00,130.485,130.491,130.431,130.46
2022-06-03 14:25:00+00:00,130.461,130.485,130.445,130.469
2022-06-03 14:30:00+00:00,130.468,130.495,130.42,130.434
2022-06-03 14:35:00+00:00,130.435,130.487,130.41,130.487
2022-06-03 14:40:00+00:00,130.489,130.555,130.464,130.546
2022-06-03 14:45:00+00:00,130.549,130.593,130.512,130.585
2022-06-03 14:50:00+00:00,130.586,130.734,130.563,130.698
2022-06-03 14:55:00+00:00,130.7,130.731,130.653,130.705
2022-06-03 15:00:00+00:00,130.702,130.744,130.696,130.733
2022-06-03 15:05:00+00:00,130.734,130.738,130.71,130.728
2022-06-03 15:10:00+00:00,130.731,130.751,130.707,130.722
2022-06-03 15:15:00+00:00,130.723,130.748,130.716,130.732
2022-06-03 15:20:00+00:00,130.733,130.735,130.682,130.73
2022-06-03 15:25:00+00:00,130.729,130.741,130.697,130.734
2022-06-03 15:30:00+00:00,130.731,130.737,130.713,130.733
2022-06-03 15:35:00+00:00,130.732,130.783,130.721,130.771
2022-06-03 15:40:00+00:00,130.772,130.835,130.744,130.811
2022-06-03 15:45:00+00:00,130.81,130.89,130.786,130.869
2022-06-03 15:50:00+00:00,130.87,130.974,130.844,130.963
2022-06-03 15:55:00+00:00,130.962,130.966,130.898,130.952
2022-06-03 16:00:00+00:00,130.949,130.982,130.901,130.908
2022-06-03 16:05:00+00:00,130.913,130.946,130.88,130.894
2022-06-03 16:10:00+00:00,130.895,130.918,130.86,130.861
2022-06-03 16:15:00+00:00,130.867,130.91,130.858,130.903
2022-06-03 16:20:00+00:00,130.882,130.924,130.831,130.86
2022-06-03 16:25:00+00:00,130.858,130.89,130.83,130.84
2022-06-03 16:30:00+00:00,130.842,130.856,130.829,130.833
2022-06-03 16:35:00+00:00,130.838,130.838,130.796,130.818
2022-06-03 16:40:00+00:00,130.807,130.834,130.797,130.834
2022-06-03 16:45:00+00:00,130.833,130.834,130.79,130.808
2022-06-03 16:50:00+00:00,130.813,130.835,130.803,130.818
2022-06-03 16:55:00+00:00,130.817,130.83,130.78,130.807
2022-06-03 17:00:00+00:00,130.809,130.835,130.798,130.824
2022-06-03 17:05:00+00:00,130.823,130.83,130.803,130.814
2022-06-03 17:10:00+00:00,130.813,130.831,130.81,130.823
2022-06-03 17:15:00+00:00,130.823,130.833,130.81,130.826
2022-06-03 17:20:00+00:00,130.827,130.837,130.817,130.836
2022-06-03 17:25:00+00:00,130.833,130.871,130.829,130.861
2022-06-03 17:30:00+00:00,130.863,130.872,130.849,130.855
2022-06-03 17:35:00+00:00,130.856,130.872,130.851,130.865
2022-06-03 17:40:00+00:00,130.868,130.873,130.846,130.856
2022-06-03 17:45:00+00:00,130.855,130.874,130.854,130.864
2022-06-03 17:50:00+00:00,130.863,130.866,130.839,130.859
2022-06-03 17:55:00+00:00,130.858,130.886,130.846,130.876
2022-06-03 18:00:00+00:00,130.886,130.9,130.849,130.899
2022-06-03 18:05:00+00:00,130.892,130.91,130.88,130.906
2022-06-03 18:10:00+00:00,130.904,130.915,130.88,130.914
2022-06-03 18:15:00+00:00,130.909,130.918,130.902,130.911
2022-06-03 18:20:00+00:00,130.911,130.915,130.88,130.895
2022-06-03 18:25:00+00:00,130.892,130.915,130.87,130.89
2022-06-03 18:30:00+00:00,130.888,130.901,130.874,130.888
2022-06-03 18:35:00+00:00,130.88,130.89,130.84,130.855
2022-06-03 18:40:00+00:00,130.853,130.867,130.846,130.855
2022-06-03 18:45:00+00:00,130.862,130.87,130.819,130.822
2022-06-03 18:50:00+00:00,130.82,130.833,130.812,130.828
2022-06-03 18:55:00+00:00,130.821,130.846,130.82,130.835
2022-06-03 19:00:00+00:00,130.834,130.846,130.814,130.823
2022-06-03 19:05:00+00:00,130.821,130.829,130.775,130.82
2022-06-03 19:10:00+00:00,130.819,130.834,130.813,130.825
2022-06-03 19:15:00+00:00,130.828,130.832,130.815,130.828
2022-06-03 19:20:00+00:00,130.83,130.838,130.819,130.838
2022-06-03 19:25:00+00:00,130.83,130.858,130.82,130.852
2022-06-03 19:30:00+00:00,130.855,130.864,130.843,130.844
2022-06-03 19:35:00+00:00,130.843,130.855,130.831,130.847
2022-06-03 19:40:00+00:00,130.852,130.869,130.847,130.867
2022-06-03 19:45:00+00:00,130.869,130.871,130.856,130.859
2022-06-03 19:50:00+00:00,130.858,130.882,130.855,130.866
2022-06-03 19:55:00+00:00,130.87,130.881,130.847,130.858
2022-06-03 20:00:00+00:00,130.859,130.865,130.844,130.858
2022-06-03 20:05:00+00:00,130.864,130.881,130.855,130.862
2022-06-03 20:10:00+00:00,130.855,130.871,130.845,130.86
2022-06-03 20:15:00+00:00,130.86,130.861,130.82,130.825
2022-06-03 20:20:00+00:00,130.826,130.837,130.821,130.828
2022-06-03 20:25:00+00:00,130.831,130.831,130.811,130.812
2022-06-03 20:30:00+00:00,130.813,130.828,130.81,130.825
2022-06-03 20:35:00+00:00,130.832,130.837,130.814,130.831
2022-06-03 20:40:00+00:00,130.835,130.836,130.818,130.818
2022-06-03 20:45:00+00:00,130.817,130.832,130.79,130.808
2022-06-03 20:50:00+00:00,130.812,130.824,130.796,130.812
2022-06-03 20:55:00+00:00,130.809,130.872,130.769,130.872
2022-06-03 21:00:00+00:00,130.803,130.869,130.803,130.817
